card_id,card_name,rarity,collection_number,snkrdunk_apparel_id,scrydex_raw_krw,scrydex_psa10_krw,scrydex_psa9_krw,raw_to_psa10_ratio,raw_to_psa9_ratio,psa10_to_psa9_ratio,psa10_to_raw_ratio,psa9_to_raw_ratio,snk_A_basis,snk_selected_A_krw,snk_A_n,scrydex_raw_to_snk_A_ratio,ladder_violation,action_status,notes,replacement_confidence,floor_suspect
CRD_0902F4E6CC9047A98559,피카츄,PR,,332798,50596,369286,84815,0.137,0.597,4.354,7.3,1.68,A_1M,116375,58,0.435,SNK_DIVERGENCE_LOW,REPLACE_WITH_SNK_A,,STRONG_REPLACE,
CRD_0D1FEC3632AD4FED9507,파밀리쥐,AR,081/071,117192,60153,152195,54510,0.395,1.104,2.792,2.53,0.91,A_1M,29440,24,2.043,SNK_DIVERGENCE_HIGH,REPLACE_WITH_SNK_A,,STRONG_REPLACE,
CRD_0DE14A2FC85947DF989A,팔데아의 동료들,SR,198/187,450719,4041,80576,15871,0.05,0.255,5.077,19.94,3.93,A_1M,11400,5,0.354,RAW_STALE_LOW;SNK_DIVERGENCE_LOW,REPLACE_WITH_SNK_A,,STRONG_REPLACE,
CRD_1001E20102E24B2DA20C,파이어&썬더&프리져 GX,SR,060/054,91283,696517,3490370,887481,0.2,0.785,3.933,5.01,1.27,A_1M,1425000,6,0.489,SNK_DIVERGENCE_LOW,REPLACE_WITH_SNK_A,,STRONG_REPLACE,
CRD_11D6E395867B46F49FE8,루기아 VSTAR,HR,118/098,100575,32220,204044,55332,0.158,0.582,3.688,6.33,1.72,A_3M,75288,12,0.428,SNK_DIVERGENCE_LOW,REPLACE_WITH_SNK_A,,STRONG_REPLACE,
CRD_135AB4B5F4794E8BAB7F,니드킹,AR,174/165,128090,8896,84693,35907,0.105,0.248,2.359,9.52,4.04,A_1M,18810,10,0.473,SNK_DIVERGENCE_LOW,REPLACE_WITH_SNK_A,,STRONG_REPLACE,
CRD_147D2B78F8B043E3BB91,루기아 V,SR,110/098,100567,708701,2023547,684925,0.35,1.035,2.954,2.86,0.97,A_1M,1662500,10,0.426,SNK_DIVERGENCE_LOW,REPLACE_WITH_SNK_A,,STRONG_REPLACE,
CRD_1589922DA5104539AFF5,레쿠쟈 VMAX,CSR,252/184,96714,123379,759761,200011,0.162,0.617,3.799,6.16,1.62,A_1M,364790,38,0.338,SNK_DIVERGENCE_LOW,REPLACE_WITH_SNK_A,,STRONG_REPLACE,
CRD_1AD1B3ABA677423BBCAE,라이츄 V,SR,106/100,139845,7329,101949,39755,0.072,0.184,2.564,13.91,5.42,A_1M,17680,10,0.415,RAW_STALE_LOW;SNK_DIVERGENCE_LOW,REPLACE_WITH_SNK_A,,STRONG_REPLACE,
CRD_1F45F12DC0264E98B4E1,메가눈여아 ex,SAR,233/193,730955,45403,131592,50919,0.345,0.892,2.584,2.9,1.12,A_1M,21850,37,2.078,SNK_DIVERGENCE_HIGH,REPLACE_WITH_SNK_A,,STRONG_REPLACE,
CRD_227EEF4A668D4B91A0DE,메가드래캄 ex,SAR,116/083,776367,46847,415589,,0.113,,,8.87,,A_1M,19000,49,2.466,SNK_DIVERGENCE_HIGH,REPLACE_WITH_SNK_A,,STRONG_REPLACE,
CRD_26B8AD9FA6554601A3B7,뮤츠 GX,SSR,219/150,91294,120921,867204,205963,0.139,0.587,4.21,7.17,1.7,A_1M,329175,8,0.367,SNK_DIVERGENCE_LOW,REPLACE_WITH_SNK_A,,STRONG_REPLACE,
CRD_27DC42C3D270417B9335,님피아 VMAX,RR,192/414,141087,6023,83943,31267,0.072,0.193,2.685,13.94,5.19,A_1M,17100,5,0.352,RAW_STALE_LOW;SNK_DIVERGENCE_LOW,REPLACE_WITH_SNK_A,,STRONG_REPLACE,
CRD_2816C9B402A643F99D42,이상해꽃 ex,SR,184/165,128100,7898,85854,43896,0.092,0.18,1.956,10.87,5.56,A_1M,23750,9,0.333,RAW_STALE_LOW;SNK_DIVERGENCE_LOW,REPLACE_WITH_SNK_A,,STRONG_REPLACE,
CRD_2F1F77D90BA84F3E8C7D,피카츄,PR,S-P 75,334018,53761,430801,134631,0.125,0.399,3.2,8.01,2.5,A_1M,131100,28,0.41,SNK_DIVERGENCE_LOW,REPLACE_WITH_SNK_A,,STRONG_REPLACE,
CRD_30A6CD03B29E4EAFA1C2,로켓단의 니로우,AR,106/098,568316,6538,61934,25578,0.106,0.256,2.421,9.47,3.91,A_1M,14250,5,0.459,SNK_DIVERGENCE_LOW,REPLACE_WITH_SNK_A,,STRONG_REPLACE,
CRD_331B23CD1B3542C09584,피카츄&제크로무 GX,SR,100/095,129023,138283,887160,156512,0.156,0.884,5.668,6.42,1.13,A_1M,285000,9,0.485,SNK_DIVERGENCE_LOW,REPLACE_WITH_SNK_A,,STRONG_REPLACE,
CRD_33A7A42687184DCAA53F,푸크린 ex,SR,189/165,128105,3964,60626,17951,0.065,0.221,3.377,15.29,4.53,A_1M,11875,8,0.334,RAW_STALE_LOW;SNK_DIVERGENCE_LOW,REPLACE_WITH_SNK_A,,STRONG_REPLACE,
CRD_36D39DBAA5EC4EE09001,후딘 ex,SR,190/165,128106,5900,76606,36341,0.077,0.162,2.108,12.98,6.16,A_1M,17100,6,0.345,RAW_STALE_LOW;SNK_DIVERGENCE_LOW,REPLACE_WITH_SNK_A,,STRONG_REPLACE,
CRD_382ECC8BA6034DAF9178,뮤츠 VSTAR,UR,091/071,93009,35815,169012,33623,0.212,1.065,5.027,4.72,0.94,A_1M,95000,31,0.377,SNK_DIVERGENCE_LOW,REPLACE_WITH_SNK_A,,STRONG_REPLACE,
CRD_3AF8CE5102AA47F5A68E,리자몽 ex,SAR,134/108,132279,223589,790518,314574,0.283,0.711,2.513,3.54,1.41,A_1M,489250,24,0.457,SNK_DIVERGENCE_LOW,REPLACE_WITH_SNK_A,,STRONG_REPLACE,
CRD_3C1390FC1DF04130BF02,민화의 초대,SR,197/165,128112,16087,111814,31887,0.144,0.505,3.507,6.95,1.98,A_1M,36100,22,0.446,SNK_DIVERGENCE_LOW,REPLACE_WITH_SNK_A,,STRONG_REPLACE,
CRD_3F605DD9C57145F4A405,레시라무 ex,SR,160/086,607935,3472,74318,28256,0.047,0.123,2.63,21.4,8.14,A_1M,10450,5,0.332,RAW_STALE_LOW;SNK_DIVERGENCE_LOW,REPLACE_WITH_SNK_A,,STRONG_REPLACE,
CRD_43A31E18194141E18BFC,피카츄 VMAX,PR,S-P 74,91130,153648,628170,130463,0.245,1.178,4.815,4.09,0.85,A_3M,437000,11,0.352,SNK_DIVERGENCE_LOW,REPLACE_WITH_SNK_A,,STRONG_REPLACE,
CRD_4659714945CF4C9F82C5,루티아의 어필,SR,084/064,379013,18622,158544,39999,0.117,0.466,3.964,8.51,2.15,A_1M,45600,15,0.408,SNK_DIVERGENCE_LOW,REPLACE_WITH_SNK_A,,STRONG_REPLACE,
CRD_4CBEC2D7C8DF430DA560,메가플라엣테 ex,SAR,115/083,776366,42975,184302,,0.233,,,4.29,,A_1M,18516,44,2.321,SNK_DIVERGENCE_HIGH,REPLACE_WITH_SNK_A,,STRONG_REPLACE,
CRD_5D86E01964624A8CBE40,피카츄 VMAX,CSR,223/184,138599,111441,569346,173797,0.196,0.641,3.276,5.11,1.56,A_1M,296875,22,0.375,SNK_DIVERGENCE_LOW,REPLACE_WITH_SNK_A,,STRONG_REPLACE,
CRD_5FFCA0AB3BF4438A8D41,뮤 VMAX,RRR,054/172,103054,9657,184398,43889,0.052,0.22,4.201,19.09,4.54,A_1M,23836,57,0.405,RAW_STALE_LOW;SNK_DIVERGENCE_LOW,REPLACE_WITH_SNK_A,,STRONG_REPLACE,
CRD_60994F0DC5F242CA928F,릴리에의 삐삐 ex,SR,115/100,505953,11662,74888,24419,0.156,0.478,3.067,6.42,2.09,A_1M,28310,12,0.412,SNK_DIVERGENCE_LOW,REPLACE_WITH_SNK_A,,STRONG_REPLACE,
CRD_63C895F49C5A421D9548,따라큐 VMAX,RRR,077/184,141089,8220,132125,53703,0.062,0.153,2.46,16.07,6.53,A_1M,19000,9,0.433,RAW_STALE_LOW;SNK_DIVERGENCE_LOW,REPLACE_WITH_SNK_A,,STRONG_REPLACE,
CRD_68FF087ED5984A63BAE9,피카츄 ex,SR,122/106,395201,51933,279455,119022,0.186,0.436,2.348,5.38,2.29,A_1M,104975,39,0.495,SNK_DIVERGENCE_LOW,REPLACE_WITH_SNK_A,,STRONG_REPLACE,
CRD_6C18665126FF426F9C2E,블래키 VMAX,CSR,245/184,96729,98396,409053,120640,0.241,0.816,3.391,4.16,1.23,A_1M,209000,23,0.471,SNK_DIVERGENCE_LOW,REPLACE_WITH_SNK_A,,STRONG_REPLACE,
CRD_6C48D7D464D0402B9F7D,뮤 ex,UR,208/165,128124,64394,392347,89545,0.164,0.719,4.382,6.09,1.39,A_1M,168625,49,0.382,SNK_DIVERGENCE_LOW,REPLACE_WITH_SNK_A,,STRONG_REPLACE,
CRD_7C055CB02C3D4C798554,흉내내기 피카츄,PR,407/SM-P,127035,343833,1657435,582776,0.207,0.59,2.844,4.82,1.69,A_1M,705366,9,0.487,SNK_DIVERGENCE_LOW,REPLACE_WITH_SNK_A,,STRONG_REPLACE,
CRD_808E7CD437F24C0A8CE3,모야모의 찌리배리 ex,SAR,125/100,485655,61644,156065,43929,0.395,1.403,3.553,2.53,0.71,A_1M,140600,9,0.438,RAW_OVER_PSA9;SNK_DIVERGENCE_LOW,REPLACE_WITH_SNK_A,,STRONG_REPLACE,
CRD_83435CF0B3494DECB0E7,리자몽 ex,SR,185/165,128101,33895,193425,65747,0.175,0.516,2.942,5.71,1.94,A_1M,70300,36,0.482,SNK_DIVERGENCE_LOW,REPLACE_WITH_SNK_A,,STRONG_REPLACE,
CRD_8C4E0B58B9AB4FD8A901,메가루차불 ex,SAR,239/193,731022,37713,133985,51092,0.281,0.738,2.622,3.55,1.35,A_1M,14250,31,2.647,SNK_DIVERGENCE_HIGH,REPLACE_WITH_SNK_A,,STRONG_REPLACE,
CRD_9239E2F6422F4F328D52,라이츄&알로라라이츄 GX,RR,008/054,393073,27687,177886,56144,0.156,0.493,3.168,6.42,2.03,A_1M,57000,13,0.486,SNK_DIVERGENCE_LOW,REPLACE_WITH_SNK_A,,STRONG_REPLACE,
CRD_93DF43C333324F0FB26C,기라티나 V,SR,111/100,93379,1037124,3405696,1052451,0.305,0.985,3.236,3.28,1.01,A_3M,2200827,6,0.471,SNK_DIVERGENCE_LOW,REPLACE_WITH_SNK_A,,STRONG_REPLACE,
CRD_94D776CD680F432CBF1B,루기아 V,SR,109/098,100566,19483,167563,30565,0.116,0.637,5.482,8.6,1.57,A_1M,41790,12,0.466,SNK_DIVERGENCE_LOW,REPLACE_WITH_SNK_A,,STRONG_REPLACE,
CRD_983678B45AB8425590AC,루기아 VSTAR,UR,123/098,100580,32942,213651,70977,0.154,0.464,3.01,6.49,2.15,A_1M,90250,30,0.365,SNK_DIVERGENCE_LOW,REPLACE_WITH_SNK_A,,STRONG_REPLACE,
CRD_A4182C43172645D6AA8D,아세로라의 장난,SR,085/063,664122,6115,89608,20764,0.068,0.295,4.316,14.65,3.4,A_1M,17100,38,0.358,RAW_STALE_LOW;SNK_DIVERGENCE_LOW,REPLACE_WITH_SNK_A,,STRONG_REPLACE,
CRD_A5B83823B6344946A314,피카츄 ex,SAR,132/106,408333,322676,1067268,549931,0.302,0.587,1.941,3.31,1.7,A_1M,855000,28,0.377,SNK_DIVERGENCE_LOW,REPLACE_WITH_SNK_A,,STRONG_REPLACE,
CRD_ACF61B33CDD24476B1C0,가라르 파이어 V,CSR,242/184,96692,14136,107907,26724,0.131,0.529,4.038,7.63,1.89,A_3M,28500,5,0.496,SNK_DIVERGENCE_LOW,REPLACE_WITH_SNK_A,,STRONG_REPLACE,
CRD_ADDEC4B6D7EC4C7FA90E,리자몽 ex,UR,139/108,132284,55221,383058,74234,0.144,0.744,5.16,6.94,1.34,A_1M,156750,26,0.352,SNK_DIVERGENCE_LOW,REPLACE_WITH_SNK_A,,STRONG_REPLACE,
CRD_AF6C72E18B814568BD91,블래키 V,SR,084/069,96549,47877,315175,71864,0.152,0.666,4.386,6.58,1.5,A_1M,114000,20,0.42,SNK_DIVERGENCE_LOW,REPLACE_WITH_SNK_A,,STRONG_REPLACE,
CRD_B1BA8BA294224C83B570,피카츄,CHR,054/049,126664,179968,832788,414389,0.216,0.434,2.01,4.63,2.3,A_1M,386555,20,0.466,SNK_DIVERGENCE_LOW,REPLACE_WITH_SNK_A,,STRONG_REPLACE,
CRD_B478B609372F4829A9FD,피아나의 결의,SR,079/067,91165,40886,97949,42813,0.417,0.955,2.288,2.4,1.05,A_1M,84436,5,0.484,SNK_DIVERGENCE_LOW,REPLACE_WITH_SNK_A,,STRONG_REPLACE,
CRD_B8B69E5A34C042F2928346295A367A70,메가리자몽X ex,MUR,116/080,704407,966308,5493688,1511618,0.176,0.639,3.634,5.69,1.56,A_1M,2294250,52,0.421,SNK_DIVERGENCE_LOW,REPLACE_WITH_SNK_A,,STRONG_REPLACE,
CRD_BD23A2FE3D6140978DFB,테오키스 VSTAR,SAR,223/172,103665,59692,162680,47522,0.367,1.256,3.423,2.73,0.8,A_1M,28025,24,2.13,RAW_OVER_PSA9;SNK_DIVERGENCE_HIGH,REPLACE_WITH_SNK_A,,STRONG_REPLACE,
CRD_BECB62345F92435AB0E2,메가곤율거니 ex,SAR,241/193,730960,25198,123881,44277,0.203,0.569,2.798,4.92,1.76,A_1M,10194,25,2.472,SNK_DIVERGENCE_HIGH,REPLACE_WITH_SNK_A,,STRONG_REPLACE,
CRD_C0490A67B50C41B78069,레쿠쟈 VMAX,RRR,108/172,105005,6115,169978,39968,0.036,0.153,4.253,27.8,6.54,A_1M,14250,43,0.429,RAW_STALE_LOW;SNK_DIVERGENCE_LOW,REPLACE_WITH_SNK_A,,STRONG_REPLACE,
CRD_C57DB853FD2D46888B48,메가리자몽X ex,RR,013/080,687275,4840,76233,34062,0.063,0.142,2.238,15.75,7.04,A_1M,14250,23,0.34,RAW_STALE_LOW;SNK_DIVERGENCE_LOW,REPLACE_WITH_SNK_A,,STRONG_REPLACE,
CRD_CDF7188601734FA48B24,피카츄,PR,S-P 5,298872,32988,389093,91121,0.085,0.362,4.27,11.79,2.76,A_1M,95000,14,0.347,RAW_STALE_LOW;SNK_DIVERGENCE_LOW,REPLACE_WITH_SNK_A,,STRONG_REPLACE,
CRD_D0431A834EF34574BAAD,루기아 GX,RR,072/095,335139,18177,201078,35624,0.09,0.51,5.644,11.06,1.96,A_1M,54625,8,0.333,RAW_STALE_LOW;SNK_DIVERGENCE_LOW,REPLACE_WITH_SNK_A,,STRONG_REPLACE,
CRD_D264A2B826384DCCB7D7,가이오가 V,PR,S-P 177,286331,14566,141516,24476,0.103,0.595,5.782,9.72,1.68,A_3M,42750,5,0.341,SNK_DIVERGENCE_LOW,REPLACE_WITH_SNK_A,,STRONG_REPLACE,
CRD_D2B8F12F00094BD88632,피카츄 V,CSR,222/184,96712,93633,671304,180641,0.139,0.518,3.716,7.17,1.93,A_1M,237500,27,0.394,SNK_DIVERGENCE_LOW,REPLACE_WITH_SNK_A,,STRONG_REPLACE,
CRD_D7574728F6AB49FEBD4E,님피아 VMAX,HR,092/069,96620,46048,131958,76597,0.349,0.601,1.723,2.87,1.66,A_3M,97366,5,0.473,SNK_DIVERGENCE_LOW,REPLACE_WITH_SNK_A,,STRONG_REPLACE,
CRD_D7B60917E9F749A78D85,피카츄&제크로무 GX,RR,041/173,396023,43651,449860,168133,0.097,0.26,2.676,10.31,3.85,A_1M,112100,41,0.389,RAW_STALE_LOW;SNK_DIVERGENCE_LOW,REPLACE_WITH_SNK_A,,STRONG_REPLACE,
CRD_D7B9B3BCB4264919B5BC,투희,SR,166/086,608603,12077,68459,20144,0.176,0.6,3.398,5.67,1.67,A_1M,28016,10,0.431,SNK_DIVERGENCE_LOW,REPLACE_WITH_SNK_A,,STRONG_REPLACE,
CRD_D9C0CF682CE44A96BED2,네오라이트 V,SAR,216/172,103072,27641,92209,33447,0.3,0.826,2.757,3.34,1.21,A_1M,13775,13,2.007,SNK_DIVERGENCE_HIGH,REPLACE_WITH_SNK_A,,STRONG_REPLACE,
CRD_DBF5F6102B314663AA38,루기아 VSTAR,RRR,080/098,100555,4440,117442,45813,0.038,0.097,2.564,26.45,10.32,A_1M,10450,13,0.425,RAW_STALE_LOW;SNK_DIVERGENCE_LOW,REPLACE_WITH_SNK_A,,STRONG_REPLACE,
CRD_DC46034507A149F9A1E5,레쿠쟈 V,SR,076/067,91167,609691,3075002,800763,0.198,0.761,3.84,5.04,1.31,A_1M,1567500,15,0.389,SNK_DIVERGENCE_LOW,REPLACE_WITH_SNK_A,,STRONG_REPLACE,
CRD_E79D379B22204F5A8CB8,마임맨,AR,179/165,128095,4794,76956,29002,0.062,0.165,2.653,16.05,6.05,A_1M,14250,8,0.336,RAW_STALE_LOW;SNK_DIVERGENCE_LOW,REPLACE_WITH_SNK_A,,STRONG_REPLACE,
CRD_E9EFB5201D7543CF9A76,피카츄 VMAX,PR,S-P 142,328774,20927,243081,59161,0.086,0.354,4.109,11.62,2.83,A_1M,61750,45,0.339,RAW_STALE_LOW;SNK_DIVERGENCE_LOW,REPLACE_WITH_SNK_A,,STRONG_REPLACE,
CRD_EA6C638A5EAE4EE0996B,메가샤크니아 ex,SAR,113/080,704404,22556,76089,34150,0.296,0.66,2.228,3.37,1.51,A_1M,9975,11,2.261,SNK_DIVERGENCE_HIGH,REPLACE_WITH_SNK_A,,STRONG_REPLACE,
CRD_EC410684A6FD4E888271,뮤츠 V,SR,074/071,91133,102283,459217,114659,0.223,0.892,4.005,4.49,1.12,A_1M,247000,29,0.414,SNK_DIVERGENCE_LOW,REPLACE_WITH_SNK_A,,STRONG_REPLACE,
CRD_EC4DDEF3D32C4E658D4C,뮤 V,SR,106/100,91163,141971,609865,168605,0.233,0.842,3.617,4.3,1.19,A_1M,294500,18,0.482,SNK_DIVERGENCE_LOW,REPLACE_WITH_SNK_A,,STRONG_REPLACE,
CRD_ECCF09117F0E4F4BBCF1,히스이 조로아크 VSTAR,SAR,234/172,103078,63411,119265,36537,0.532,1.736,3.264,1.88,0.58,A_1M,28975,24,2.188,RAW_OVER_PSA9;SNK_DIVERGENCE_HIGH,REPLACE_WITH_SNK_A,,STRONG_REPLACE,
CRD_F3D10A6AC6D949C88832,보송송,CHR,194/184,126666,8620,68922,33948,0.125,0.254,2.03,8.0,3.94,A_1M,18990,5,0.454,SNK_DIVERGENCE_LOW,REPLACE_WITH_SNK_A,,STRONG_REPLACE,
CRD_F87EEB047E184C71A2CE,한카리아스&기라티나 GX,SR,060/054,91285,251983,1209780,143990,0.208,1.75,8.402,4.8,0.57,A_1M,570000,6,0.442,RAW_OVER_PSA9;SNK_DIVERGENCE_LOW,REPLACE_WITH_SNK_A,,STRONG_REPLACE,
CRD_FC031847FF4E4F8989CC,로켓단의 비주기,SR,121/098,568901,7129,58044,23017,0.123,0.31,2.522,8.14,3.23,A_3M,17955,6,0.397,SNK_DIVERGENCE_LOW,REPLACE_WITH_SNK_A,,STRONG_REPLACE,
