our_card_id,our_name,our_jp_ref,our_set_code,our_card_no,our_rarity,our_image_path,snkrdunk_id,snkrdunk_url,snkrdunk_title,snkrdunk_product_number,snkrdunk_image_url,snkrdunk_image_cache_path,text_match_card_id,scanner_top1_card_id,scanner_top1_name,scanner_top1_score,scanner_top5_json,match_status,confidence,notes
CRD_579416A2A535432F8F30,나옹 ex,m3_ja-114,M3,114/080,SAR,cards/CRD_579416A2A535432F8F30_jp.png,753242,https://snkrdunk.com/apparels/753242,ニャースex SAR [M3 114/080](拡張パック「ムニキスゼロ」),pkmn-tcg-M3-114,https://cdn.snkrdunk.com/upload_bg_removed/20260122103126-0.webp,snktest_m3/753242.png,CRD_579416A2A535432F8F30,CRD_579416A2A535432F8F30,나옹 ex,0.8402,"[{""cardId"": ""CRD_579416A2A535432F8F30"", ""name"": ""나옹 ex"", ""rarity"": ""SAR"", ""ref"": ""m3_ja-114"", ""score"": 0.8402}]",HIGH_CONFIDENCE,HIGH,
CRD_B6F780670C514367833F,분떠도리,m3_ja-81,M3,081/080,AR,cards/CRD_B6F780670C514367833F_jp.png,753256,https://snkrdunk.com/apparels/753256,コフーライ AR [M3 081/080](拡張パック「ムニキスゼロ」),pkmn-tcg-M3-081,https://cdn.snkrdunk.com/upload_bg_removed/20260122103647-0.webp,snktest_m3/753256.png,CRD_B6F780670C514367833F,CRD_B6F780670C514367833F,분떠도리,0.8808,"[{""cardId"": ""CRD_B6F780670C514367833F"", ""name"": ""분떠도리"", ""rarity"": ""AR"", ""ref"": ""m3_ja-81"", ""score"": 0.8808}]",HIGH_CONFIDENCE,HIGH,
CRD_2FE394C852394D129604,나몰빼미,m3_ja-82,M3,082/080,AR,cards/CRD_2FE394C852394D129604_jp.png,753257,https://snkrdunk.com/apparels/753257,モクロー AR [M3 082/080](拡張パック「ムニキスゼロ」),pkmn-tcg-M3-082,https://cdn.snkrdunk.com/upload_bg_removed/20260122103636-0.webp,snktest_m3/753257.png,CRD_2FE394C852394D129604,CRD_2FE394C852394D129604,나몰빼미,0.9122,"[{""cardId"": ""CRD_2FE394C852394D129604"", ""name"": ""나몰빼미"", ""rarity"": ""AR"", ""ref"": ""m3_ja-82"", ""score"": 0.9122}]",HIGH_CONFIDENCE,HIGH,
CRD_ADB6937D5829468DB1AF,데덴네,m3_ja-85,M3,085/080,AR,cards/CRD_ADB6937D5829468DB1AF_jp.png,753258,https://snkrdunk.com/apparels/753258,デデンネ AR [M3 085/080](拡張パック「ムニキスゼロ」),pkmn-tcg-M3-085,https://cdn.snkrdunk.com/upload_bg_removed/20260122103600-0.webp,snktest_m3/753258.png,CRD_ADB6937D5829468DB1AF,CRD_ADB6937D5829468DB1AF,데덴네,0.8887,"[{""cardId"": ""CRD_ADB6937D5829468DB1AF"", ""name"": ""데덴네"", ""rarity"": ""AR"", ""ref"": ""m3_ja-85"", ""score"": 0.8887}]",HIGH_CONFIDENCE,HIGH,
CRD_7FFB3A5460DC46489885,쌍검킬,m3_ja-91,M3,091/080,AR,cards/CRD_7FFB3A5460DC46489885_jp.png,753259,https://snkrdunk.com/apparels/753259,ニダンギル AR [M3 091/080](拡張パック「ムニキスゼロ」),pkmn-tcg-M3-091,https://cdn.snkrdunk.com/upload_bg_removed/20260122103442-0.webp,snktest_m3/753259.png,CRD_7FFB3A5460DC46489885,CRD_7FFB3A5460DC46489885,쌍검킬,0.8349,"[{""cardId"": ""CRD_7FFB3A5460DC46489885"", ""name"": ""쌍검킬"", ""rarity"": ""AR"", ""ref"": ""m3_ja-91"", ""score"": 0.8349}]",HIGH_CONFIDENCE,HIGH,
CRD_AD5DBA8969314EA6A9F3,모크나이퍼 ex,m3_ja-93,M3,093/080,SR,cards/CRD_AD5DBA8969314EA6A9F3_jp.png,753261,https://snkrdunk.com/apparels/753261,ジュナイパーex SR [M3 093/080](拡張パック「ムニキスゼロ」),pkmn-tcg-M3-093,https://cdn.snkrdunk.com/upload_bg_removed/20260122103404-0.webp,snktest_m3/753261.png,CRD_AD5DBA8969314EA6A9F3,CRD_AD5DBA8969314EA6A9F3,모크나이퍼 ex,0.8458,"[{""cardId"": ""CRD_AD5DBA8969314EA6A9F3"", ""name"": ""모크나이퍼 ex"", ""rarity"": ""SR"", ""ref"": ""m3_ja-93"", ""score"": 0.8458}]",HIGH_CONFIDENCE,HIGH,
CRD_9DE6CF5F7FF3427298C7,레트라,m3_ja-92,M3,092/080,AR,cards/CRD_9DE6CF5F7FF3427298C7_jp.png,753260,https://snkrdunk.com/apparels/753260,ラッタ AR [M3 092/080](拡張パック「ムニキスゼロ」),pkmn-tcg-M3-092,https://cdn.snkrdunk.com/upload_bg_removed/20260122103412-0.webp,snktest_m3/753260.png,CRD_9DE6CF5F7FF3427298C7,CRD_9DE6CF5F7FF3427298C7,레트라,0.8935,"[{""cardId"": ""CRD_9DE6CF5F7FF3427298C7"", ""name"": ""레트라"", ""rarity"": ""AR"", ""ref"": ""m3_ja-92"", ""score"": 0.8935}]",HIGH_CONFIDENCE,HIGH,
CRD_6EA8D0D00A484C1985DD,메가아쿠스타 ex,m3_ja-95,M3,095/080,SR,cards/CRD_6EA8D0D00A484C1985DD_jp.png,753262,https://snkrdunk.com/apparels/753262,メガスターミーex SR [M3 095/080](拡張パック「ムニキスゼロ」),pkmn-tcg-M3-095,https://cdn.snkrdunk.com/upload_bg_removed/20260122103343-0.webp,snktest_m3/753262.png,CRD_6EA8D0D00A484C1985DD,CRD_6EA8D0D00A484C1985DD,메가아쿠스타 ex,0.9121,"[{""cardId"": ""CRD_6EA8D0D00A484C1985DD"", ""name"": ""메가아쿠스타 ex"", ""rarity"": ""SR"", ""ref"": ""m3_ja-95"", ""score"": 0.9121}]",HIGH_CONFIDENCE,HIGH,
CRD_78690B2E84B943EFA5E1,메가픽시 ex,m3_ja-96,M3,096/080,SR,cards/CRD_78690B2E84B943EFA5E1_jp.png,753263,https://snkrdunk.com/apparels/753263,メガピクシーex SR [M3 096/080](拡張パック「ムニキスゼロ」),pkmn-tcg-M3-096,https://cdn.snkrdunk.com/upload_bg_removed/20260122103331-0.webp,snktest_m3/753263.png,CRD_78690B2E84B943EFA5E1,CRD_78690B2E84B943EFA5E1,메가픽시 ex,0.6775,"[{""cardId"": ""CRD_78690B2E84B943EFA5E1"", ""name"": ""메가픽시 ex"", ""rarity"": ""SR"", ""ref"": ""m3_ja-96"", ""score"": 0.6775}, {""cardId"": ""CRD_6657C5F9E27145AA9961"", ""name"": ""메가픽시 ex"", ""rarity"": ""SAR"", ""ref"": ""m3_ja-112"", ""score"": 0.5792}]",HIGH_CONFIDENCE,HIGH,low_confidence
CRD_4B9283B93544449DBC2D,이벨타르 ex,m3_ja-98,M3,098/080,SR,cards/CRD_4B9283B93544449DBC2D_jp.png,753265,https://snkrdunk.com/apparels/753265,イベルタルex SR [M3 098/080](拡張パック「ムニキスゼロ」),pkmn-tcg-M3-098,https://cdn.snkrdunk.com/upload_bg_removed/20260123011949-0.webp,snktest_m3/753265.png,CRD_4B9283B93544449DBC2D,CRD_4B9283B93544449DBC2D,이벨타르 ex,0.7282,"[{""cardId"": ""CRD_4B9283B93544449DBC2D"", ""name"": ""이벨타르 ex"", ""rarity"": ""SR"", ""ref"": ""m3_ja-98"", ""score"": 0.7282}]",HIGH_CONFIDENCE,HIGH,low_confidence
CRD_04E7F61A130E41B8AE30,메가지가르데 ex,m3_ja-97,M3,097/080,SR,cards/CRD_04E7F61A130E41B8AE30_jp.png,753264,https://snkrdunk.com/apparels/753264,メガジガルデex SR [M3 097/080](拡張パック「ムニキスゼロ」),pkmn-tcg-M3-097,https://cdn.snkrdunk.com/upload_bg_removed/20260122103318-0.webp,snktest_m3/753264.png,CRD_04E7F61A130E41B8AE30,CRD_04E7F61A130E41B8AE30,메가지가르데 ex,0.7941,"[{""cardId"": ""CRD_04E7F61A130E41B8AE30"", ""name"": ""메가지가르데 ex"", ""rarity"": ""SR"", ""ref"": ""m3_ja-97"", ""score"": 0.7941}]",HIGH_CONFIDENCE,HIGH,
CRD_6E2A7F9E1B124081A497,메가무장조 ex,m3_ja-99,M3,099/080,SR,cards/CRD_6E2A7F9E1B124081A497_jp.png,753266,https://snkrdunk.com/apparels/753266,メガエアームドex SR [M3 099/080](拡張パック「ムニキスゼロ」),pkmn-tcg-M3-099,https://cdn.snkrdunk.com/upload_bg_removed/20260122103304-0.webp,snktest_m3/753266.png,CRD_6E2A7F9E1B124081A497,CRD_6E2A7F9E1B124081A497,메가무장조 ex,0.8883,"[{""cardId"": ""CRD_6E2A7F9E1B124081A497"", ""name"": ""메가무장조 ex"", ""rarity"": ""SR"", ""ref"": ""m3_ja-99"", ""score"": 0.8883}]",HIGH_CONFIDENCE,HIGH,
CRD_E9ED6DA4BDD449AB99F2,나옹 ex,m3_ja-100,M3,100/080,SR,cards/CRD_E9ED6DA4BDD449AB99F2_jp.png,753267,https://snkrdunk.com/apparels/753267,ニャースex SR [M3 100/080](拡張パック「ムニキスゼロ」),pkmn-tcg-M3-100,https://cdn.snkrdunk.com/upload_bg_removed/20260123011959-0.webp,snktest_m3/753267.png,CRD_E9ED6DA4BDD449AB99F2,CRD_E9ED6DA4BDD449AB99F2,나옹 ex,0.6873,"[{""cardId"": ""CRD_E9ED6DA4BDD449AB99F2"", ""name"": ""나옹 ex"", ""rarity"": ""SR"", ""ref"": ""m3_ja-100"", ""score"": 0.6873}]",HIGH_CONFIDENCE,HIGH,low_confidence
CRD_31940B3434F54CAB8CAB,이노,m3_ja-106,M3,107/080,SR,cards/CRD_31940B3434F54CAB8CAB_jp.png,753269,https://snkrdunk.com/apparels/753269,ピュール SR [M3 106/080](拡張パック「ムニキスゼロ」),pkmn-tcg-M3-106,https://cdn.snkrdunk.com/upload_bg_removed/20260122103222-0.webp,snktest_m3/753269.png,CRD_31940B3434F54CAB8CAB,CRD_31940B3434F54CAB8CAB,이노,0.8497,"[{""cardId"": ""CRD_31940B3434F54CAB8CAB"", ""name"": ""이노"", ""rarity"": ""SR"", ""ref"": ""m3_ja-106"", ""score"": 0.8497}]",HIGH_CONFIDENCE,HIGH,
CRD_CBBC687119FD4B25A45C,타라곤,m3_ja-105,M3,108/080,SR,cards/CRD_CBBC687119FD4B25A45C_jp.png,753268,https://snkrdunk.com/apparels/753268,タラゴン SR [M3 105/080](拡張パック「ムニキスゼロ」),pkmn-tcg-M3-105,https://cdn.snkrdunk.com/upload_bg_removed/20260123012006-0.webp,snktest_m3/753268.png,CRD_CBBC687119FD4B25A45C,CRD_CBBC687119FD4B25A45C,타라곤,0.8074,"[{""cardId"": ""CRD_CBBC687119FD4B25A45C"", ""name"": ""타라곤"", ""rarity"": ""SR"", ""ref"": ""m3_ja-105"", ""score"": 0.8074}]",HIGH_CONFIDENCE,HIGH,
CRD_768F67D90A2142609676,명희의 격려,m3_ja-107,M3,105/080,SR,cards/CRD_768F67D90A2142609676_jp.png,753270,https://snkrdunk.com/apparels/753270,メイのはげまし SR [M3 107/080](拡張パック「ムニキスゼロ」),pkmn-tcg-M3-107,https://cdn.snkrdunk.com/upload_bg_removed/20260122103205-0.webp,snktest_m3/753270.png,CRD_768F67D90A2142609676,CRD_768F67D90A2142609676,명희의 격려,0.8292,"[{""cardId"": ""CRD_768F67D90A2142609676"", ""name"": ""명희의 격려"", ""rarity"": ""SR"", ""ref"": ""m3_ja-107"", ""score"": 0.8292}]",HIGH_CONFIDENCE,HIGH,
CRD_71205B71BAD34A2C85BD,유카리,m3_ja-108,M3,106/080,SR,cards/CRD_71205B71BAD34A2C85BD_jp.png,753271,https://snkrdunk.com/apparels/753271,ユカリ SR [M3 108/080](拡張パック「ムニキスゼロ」),pkmn-tcg-M3-108,https://cdn.snkrdunk.com/upload_bg_removed/20260123012025-0.webp,snktest_m3/753271.png,CRD_71205B71BAD34A2C85BD,CRD_71205B71BAD34A2C85BD,유카리,0.7674,"[{""cardId"": ""CRD_71205B71BAD34A2C85BD"", ""name"": ""유카리"", ""rarity"": ""SR"", ""ref"": ""m3_ja-108"", ""score"": 0.7674}]",HIGH_CONFIDENCE,HIGH,
CRD_0FAEC0B6410647398E22,메가아쿠스타 ex,m3_ja-111,M3,111/080,SAR,cards/CRD_0FAEC0B6410647398E22_jp.png,753272,https://snkrdunk.com/apparels/753272,メガスターミーex SAR [M3 111/080](拡張パック「ムニキスゼロ」),pkmn-tcg-M3-111,https://cdn.snkrdunk.com/upload_bg_removed/20260122103142-0.webp,snktest_m3/753272.png,CRD_0FAEC0B6410647398E22,CRD_0FAEC0B6410647398E22,메가아쿠스타 ex,0.902,"[{""cardId"": ""CRD_0FAEC0B6410647398E22"", ""name"": ""메가아쿠스타 ex"", ""rarity"": ""SAR"", ""ref"": ""m3_ja-111"", ""score"": 0.902}]",HIGH_CONFIDENCE,HIGH,
CRD_6657C5F9E27145AA9961,메가픽시 ex,m3_ja-112,M3,112/080,SAR,cards/CRD_6657C5F9E27145AA9961_jp.png,753273,https://snkrdunk.com/apparels/753273,メガピクシーex SAR [M3 112/080](拡張パック「ムニキスゼロ」),pkmn-tcg-M3-112,https://cdn.snkrdunk.com/upload_bg_removed/20260122103135-0.webp,snktest_m3/753273.png,CRD_6657C5F9E27145AA9961,CRD_6657C5F9E27145AA9961,메가픽시 ex,0.793,"[{""cardId"": ""CRD_6657C5F9E27145AA9961"", ""name"": ""메가픽시 ex"", ""rarity"": ""SAR"", ""ref"": ""m3_ja-112"", ""score"": 0.793}]",HIGH_CONFIDENCE,HIGH,
CRD_D629521D90F54884A73E,유카리,m3_ja-116,M3,116/080,SAR,cards/CRD_D629521D90F54884A73E_jp.png,753275,https://snkrdunk.com/apparels/753275,ユカリ SAR [M3 116/080](拡張パック「ムニキスゼロ」),pkmn-tcg-M3-116,https://cdn.snkrdunk.com/upload_bg_removed/20260122103103-0.webp,snktest_m3/753275.png,CRD_D629521D90F54884A73E,CRD_D629521D90F54884A73E,유카리,0.8649,"[{""cardId"": ""CRD_D629521D90F54884A73E"", ""name"": ""유카리"", ""rarity"": ""SAR"", ""ref"": ""m3_ja-116"", ""score"": 0.8649}]",HIGH_CONFIDENCE,HIGH,
CRD_9C2FBC6E628A43679527,명희의 격려,m3_ja-115,M3,115/080,SAR,cards/CRD_9C2FBC6E628A43679527_jp.png,753274,https://snkrdunk.com/apparels/753274,メイのはげまし SAR [M3 115/080](拡張パック「ムニキスゼロ」),pkmn-tcg-M3-115,https://cdn.snkrdunk.com/upload_bg_removed/20260121064939-0.webp,snktest_m3/753274.png,CRD_9C2FBC6E628A43679527,CRD_9C2FBC6E628A43679527,명희의 격려,0.7941,"[{""cardId"": ""CRD_9C2FBC6E628A43679527"", ""name"": ""명희의 격려"", ""rarity"": ""SAR"", ""ref"": ""m3_ja-115"", ""score"": 0.7941}]",HIGH_CONFIDENCE,HIGH,
CRD_3430850B62B446C68A45A9CFE3741141,메가지가르데 EX,m3_ja-117,M3,117/080,MUR,cards/CRD_3430850B62B446C68A45A9CFE3741141_jp.png,753276,https://snkrdunk.com/apparels/753276,メガジガルデex MUR [M3 117/080](拡張パック「ムニキスゼロ」),pkmn-tcg-M3-117,https://cdn.snkrdunk.com/upload_bg_removed/20260122103053-0.webp,snktest_m3/753276.png,CRD_3430850B62B446C68A45A9CFE3741141,CRD_3430850B62B446C68A45A9CFE3741141,메가지가르데 EX,0.7063,"[{""cardId"": ""CRD_3430850B62B446C68A45A9CFE3741141"", ""name"": ""메가지가르데 EX"", ""rarity"": ""MUR"", ""ref"": ""m3_ja-117"", ""score"": 0.7063}, {""cardId"": ""CRD_16D77C3BD5F547639930"", ""name"": ""오리진 디아루가 VSTAR"", ""rarity"": ""HR"", ""ref"": ""swsh10d_ja-82"", ""score"": 0.6965}, {""cardId"": ""CRD_45D3A4AB841C4BAAA951"", ""name"": ""두랄루돈 VMAX"", ""rarity"": ""UR"", ""ref"": ""swsh8b_ja-285"", ""score"": 0.6898}]",HIGH_CONFIDENCE,HIGH,low_confidence
CRD_22E4A9137EB24D9A80C6,아마루르가,m3_ja-84,M3,084/080,AR,cards/CRD_22E4A9137EB24D9A80C6_jp.png,753307,https://snkrdunk.com/apparels/753307,アマルルガ AR [M3 084/080](拡張パック「ムニキスゼロ」),pkmn-tcg-M3-084,https://cdn.snkrdunk.com/upload_bg_removed/20260122103609-0.webp,snktest_m3/753307.png,CRD_22E4A9137EB24D9A80C6,CRD_22E4A9137EB24D9A80C6,아마루르가,0.8721,"[{""cardId"": ""CRD_22E4A9137EB24D9A80C6"", ""name"": ""아마루르가"", ""rarity"": ""AR"", ""ref"": ""m3_ja-84"", ""score"": 0.8721}]",HIGH_CONFIDENCE,HIGH,
CRD_8262D9F6F80441E59604,드래피온,m3_ja-90,M3,090/080,AR,cards/CRD_8262D9F6F80441E59604_jp.png,753310,https://snkrdunk.com/apparels/753310,ドラピオン AR [M3 090/080](拡張パック「ムニキスゼロ」),pkmn-tcg-M3-090,https://cdn.snkrdunk.com/upload_bg_removed/20260122103458-0.webp,snktest_m3/753310.png,CRD_8262D9F6F80441E59604,CRD_8262D9F6F80441E59604,드래피온,0.812,"[{""cardId"": ""CRD_8262D9F6F80441E59604"", ""name"": ""드래피온"", ""rarity"": ""AR"", ""ref"": ""m3_ja-90"", ""score"": 0.812}]",HIGH_CONFIDENCE,HIGH,
CRD_A5AE23F47A2B49218CB4,대코파스,m3_ja-88,M3,088/080,AR,cards/CRD_A5AE23F47A2B49218CB4_jp.png,753308,https://snkrdunk.com/apparels/753308,ダイノーズ AR [M3 088/080](拡張パック「ムニキスゼロ」),pkmn-tcg-M3-088,https://cdn.snkrdunk.com/upload_bg_removed/20260122103527-0.webp,snktest_m3/753308.png,CRD_A5AE23F47A2B49218CB4,CRD_A5AE23F47A2B49218CB4,대코파스,0.8374,"[{""cardId"": ""CRD_A5AE23F47A2B49218CB4"", ""name"": ""대코파스"", ""rarity"": ""AR"", ""ref"": ""m3_ja-88"", ""score"": 0.8374}]",HIGH_CONFIDENCE,HIGH,
CRD_FC1C8B1689F940ADBE7B,염뉴트 ex,m3_ja-94,M3,094/080,SR,cards/CRD_FC1C8B1689F940ADBE7B_jp.png,753311,https://snkrdunk.com/apparels/753311,エンニュートex SR [M3 094/080](拡張パック「ムニキスゼロ」),pkmn-tcg-M3-094,https://cdn.snkrdunk.com/upload_bg_removed/20260122103351-0.webp,snktest_m3/753311.png,CRD_FC1C8B1689F940ADBE7B,CRD_FC1C8B1689F940ADBE7B,염뉴트 ex,0.8955,"[{""cardId"": ""CRD_FC1C8B1689F940ADBE7B"", ""name"": ""염뉴트 ex"", ""rarity"": ""SR"", ""ref"": ""m3_ja-94"", ""score"": 0.8955}]",HIGH_CONFIDENCE,HIGH,
CRD_A3B4ED53661A41AD9BE6,티고라스,m3_ja-89,M3,089/080,AR,cards/CRD_A3B4ED53661A41AD9BE6_jp.png,753309,https://snkrdunk.com/apparels/753309,チゴラス AR [M3 089/080](拡張パック「ムニキスゼロ」),pkmn-tcg-M3-089,https://cdn.snkrdunk.com/upload_bg_removed/20260122103517-0.webp,snktest_m3/753309.png,CRD_A3B4ED53661A41AD9BE6,CRD_A3B4ED53661A41AD9BE6,티고라스,0.756,"[{""cardId"": ""CRD_A3B4ED53661A41AD9BE6"", ""name"": ""티고라스"", ""rarity"": ""AR"", ""ref"": ""m3_ja-89"", ""score"": 0.756}]",HIGH_CONFIDENCE,HIGH,
,,,M3,101/080,,,753312,https://snkrdunk.com/apparels/753312,エネルギーリサイクル SR [M3 101/080](拡張パック「ムニキスゼロ」),pkmn-tcg-M3-101,https://cdn.snkrdunk.com/upload_bg_removed/20260122103257-0.webp,snktest_m3/753312.png,,,,,[],NOT_FOUND,LOW,scan error (not_found)
,,,M3,103/080,,,753314,https://snkrdunk.com/apparels/753314,ポケパッド SR [M3 103/080](拡張パック「ムニキスゼロ」),pkmn-tcg-M3-103,https://cdn.snkrdunk.com/upload_bg_removed/20260122103243-0.webp,snktest_m3/753314.png,,,,,[],NOT_FOUND,LOW,scan error (not_found)
,,,M3,102/080,,,753313,https://snkrdunk.com/apparels/753313,せいなるはい SR [M3 102/080](拡張パック「ムニキスゼロ」),pkmn-tcg-M3-102,https://cdn.snkrdunk.com/upload_bg_removed/20260122103250-0.webp,snktest_m3/753313.png,,,,,[],NOT_FOUND,LOW,scan error (not_found)
,,,M3,104/080,,,753315,https://snkrdunk.com/apparels/753315,ワンダーパッチ SR [M3 104/080](拡張パック「ムニキスゼロ」),pkmn-tcg-M3-104,https://cdn.snkrdunk.com/upload_bg_removed/20260122103235-0.webp,snktest_m3/753315.png,,,,,[],NOT_FOUND,LOW,scan error (not_found)
,,,M3,109/080,,,753316,https://snkrdunk.com/apparels/753316,活力の森 SR [M3 109/080](拡張パック「ムニキスゼロ」),pkmn-tcg-M3-109,https://cdn.snkrdunk.com/upload_bg_removed/20260122103157-0.webp,snktest_m3/753316.png,,CRD_80D85D7E34F6498CA2BB,과사삭벌레,0.7291,"[{""cardId"": ""CRD_80D85D7E34F6498CA2BB"", ""name"": ""과사삭벌레"", ""rarity"": ""AR"", ""ref"": ""sv5a_ja-77"", ""score"": 0.7291}]",IMAGE_MATCH_ONLY,MED,low_confidence
,,,M3,110/080,,,753317,https://snkrdunk.com/apparels/753317,ミアレシティ SR [M3 110/080](拡張パック「ムニキスゼロ」),pkmn-tcg-M3-110,https://cdn.snkrdunk.com/upload_bg_removed/20260122103150-0.webp,snktest_m3/753317.png,,,,,[],NOT_FOUND,LOW,scan error (not_found)
CRD_2A791989EEEC43F481BB,메가지가르데 ex,m3_ja-113,M3,113/080,SAR,cards/CRD_2A791989EEEC43F481BB_jp.png,753318,https://snkrdunk.com/apparels/753318,メガジガルデex SAR [M3 113/080](拡張パック「ムニキスゼロ」),pkmn-tcg-M3-113,https://cdn.snkrdunk.com/upload_bg_removed/20260123012032-0.webp,snktest_m3/753318.png,CRD_2A791989EEEC43F481BB,CRD_2A791989EEEC43F481BB,메가지가르데 ex,0.7987,"[{""cardId"": ""CRD_2A791989EEEC43F481BB"", ""name"": ""메가지가르데 ex"", ""rarity"": ""SAR"", ""ref"": ""m3_ja-113"", ""score"": 0.7987}]",HIGH_CONFIDENCE,HIGH,
