our_card_id,our_name,our_jp_ref,our_rarity,snkrdunk_apparel_id,snkrdunk_product_number,snkrdunk_title,snkrdunk_image_url,rematch_rank,rematch_score,snk_set,snk_number,snk_rarity,set_number_check,rarity_check,name_check
CRD_435238B98B534ED1A50A,마마네(=실제 마오/Mallow),NO_JP,SR,91359,pkmn-tcg-366,マオ SR[SM2L 055/050](拡張パック「アローラの月光」),https://cdn.snkrdunk.com/upload_bg_removed/20240730034917-0.webp,1,9,SM2L,055/050,SR,DIFF,OK,OK
CRD_46675A842A144D9E84CF,가디안 EX,xy11c_ja-38,RR,387185,pkmn-tcg-XY11-R-038,サーナイトEX RR :1ED [XY11 038/054](拡張パック「冷酷の反逆者」),https://cdn.snkrdunk.com/upload_bg_removed/pkmn-tcg-7322755-yu.webp,1,9,XY11,038/054,RR,OK,OK,OK
CRD_906A3DF2C7B04997AE4D,개굴닌자 EX,xyp_ja-21,PR,411675,pkmn-tcg-XY-P-XYPCP1-021,ゲッコウガEX P [XY-P 021](プロモカードパック「第1弾」),https://cdn.snkrdunk.com/upload_bg_removed/pkmn-tcg-7314557-yu.webp,1,9,,,,OK,OK,OK
CRD_8C4814A402E140B9A2FC,텅구리 BREAK,xy8r_ja-36,RR,390051,pkmn-tcg-XY8-R-036,ガラガラBREAK RR :1ED [XY8 036/059](拡張パック「赤い閃光」),https://cdn.snkrdunk.com/upload_bg_removed/20240917073820-0.webp,1,9,XY8,036/059,RR,OK,OK,OK
CRD_435238B98B534ED1A50A,마마네,NO_JP,SR,91356,pkmn-tcg-361,マーマネ SR[SM2+ 057/049](強化拡張パック「新たなる試練の向こう」),https://cdn.snkrdunk.com/upload_bg_removed/20240730015752-0.webp,2,9,,,SR,OK,OK,OK
CRD_CC99F95ECF194AAFBB28,빠르모트 ex,NO_JP,RR,121938,pkmn-tcg-SVP1-005,パーモットex [SVP1 005/007](スカーレット＆バイオレット 「exスペシャルセット」),https://cdn.snkrdunk.com/upload_bg_removed/20230518122253-0.webp,1,1,SVP1,005/007,,DIFF,DIFF,NO_MAP
CRD_CC99F95ECF194AAFBB28,빠르모트 ex,NO_JP,RR,132118,pkmn-tcg-WCS23-005,パーモット [WCS23 005/030](ポケモンワールドチャンピオンシップス2023横浜 記念デッキ「ピカチュウ」),https://cdn.snkrdunk.com/upload_bg_removed/20240229031031-0.webp,2,1,WCS23,005/030,,DIFF,DIFF,NO_MAP
CRD_CC99F95ECF194AAFBB28,빠르모트 ex,NO_JP,RR,162039,pkmn-tcg-SV4a-068,パーモット [SV4a 068/190](ハイクラスパック「シャイニートレジャーex」),https://cdn.snkrdunk.com/upload_bg_removed/20231130110607-4.webp,3,1,SV4a,068/190,,DIFF,DIFF,NO_MAP
CRD_3F2D5876782D4E44B4B3,고래왕 V,NO_JP,RR,381767,pkmn-tcg-XY5-T-017,ホエルオーEX RR [XY5 017/070](拡張パック「タイダルストーム」),https://cdn.snkrdunk.com/upload_bg_removed/pkmn-tcg-7320972-yu.webp,1,2,XY5,017/070,RR,DIFF,OK,NO_MAP
CRD_3F2D5876782D4E44B4B3,고래왕 V,NO_JP,RR,824192,pkmn-tcg-M5-015,ホエルオーex RR [M5 015/081](拡張パック「アビスアイ」),https://cdn.snkrdunk.com/upload_bg_removed/3cdc2ea7-f151-47cb-b1ce-f3f1371f8f09.webp,2,2,M5,015/081,RR,DIFF,OK,NO_MAP
CRD_3F2D5876782D4E44B4B3,고래왕 V,NO_JP,RR,110645,pkmn-tcg-ADV2-021	,ホエルオーex ☆ [ADV2 021/053](拡張パック第2弾「砂漠のきせき」),https://cdn.snkrdunk.com/upload_bg_removed/20230117024908-0.webp,3,1,ADV2,021/053,,DIFF,DIFF,NO_MAP
CRD_3F2D5876782D4E44B4B3,고래왕 V,NO_JP,RR,401311,pkmn-tcg-SMH-028,ホエルオー [SMH 028/131](サン&ムーン「GXスタートデッキ」),https://cdn.snkrdunk.com/upload_bg_removed/pkmn-tcg-7325163-yu.webp,4,1,SMH,028/131,,DIFF,DIFF,NO_MAP
CRD_3F2D5876782D4E44B4B3,고래왕 V,NO_JP,RR,740355,pkmn-tcg-MC-181,ホエルオー [MC 181/742](スタートデッキ100「バトルコレクション」),https://cdn.snkrdunk.com/upload_bg_removed/pkmn-tcg-2025-12-12-48897-of.webp,5,1,MC,181/742,,DIFF,DIFF,NO_MAP
CRD_FF89828CCBB14368BDA7,두랄루돈 V,NO_JP,RR,141151,pkmn-tcg-S8b-122,ジュラルドンV RR[s8b 122/184](ハイクラスパック「VMAXクライマックス」),https://cdn.snkrdunk.com/upload_bg_removed/TCG-PKG-S8b-1710.webp,1,4,s8b,122/184,RR,DIFF,OK,OK
CRD_FF89828CCBB14368BDA7,두랄루돈 V,NO_JP,RR,141503,pkmn-tcg-S7D-048,ジュラルドンV RR[s7D 048/067](拡張パック「摩天パーフェクト」),https://cdn.snkrdunk.com/upload_bg_removed/TCG-PKG-S7D-1024.webp,2,4,s7D,048/067,RR,DIFF,OK,OK
CRD_FF89828CCBB14368BDA7,두랄루돈 V,NO_JP,RR,141527,pkmn-tcg-S7D-075,ジュラルドンV SR[s7D 075/067](拡張パック「摩天パーフェクト」),https://cdn.snkrdunk.com/upload_bg_removed/TCG-PKG-S7D-1051.webp,3,3,s7D,075/067,SR,DIFF,DIFF,OK
CRD_FF89828CCBB14368BDA7,두랄루돈 V,NO_JP,RR,380463,pkmn-tcg-SI-325,ジュラルドンV [SI 325/414](ソード＆シールド「スタートデッキ100」),https://cdn.snkrdunk.com/upload_bg_removed/pkmn-tcg-7332616-yu.webp,4,3,SI,325/414,,DIFF,DIFF,OK
CRD_FF89828CCBB14368BDA7,두랄루돈 V,NO_JP,RR,487485,pkmn-tcg-S7D-075,ジュラルドンV UR [197/203]【英語版】(ソード&シールド「エボルビングスカイズ」),https://cdn.snkrdunk.com/upload_bg_removed/pkmn-tcg-en-SS-ES-197-ot.webp,5,3,,,UR,DIFF,DIFF,OK
CRD_FF89828CCBB14368BDA7,두랄루돈 V,NO_JP,RR,487486,pkmn-tcg-87,ジュラルドンV UR [198/203]【英語版】(ソード&シールド「エボルビングスカイズ」),https://cdn.snkrdunk.com/upload_bg_removed/pkmn-tcg-en-SS-ES-198-ot.webp,6,3,,,UR,DIFF,DIFF,OK
CRD_FF89828CCBB14368BDA7,두랄루돈 V,NO_JP,RR,487508,pkmn-tcg-85,ジュラルドンVMAX RR [220/203]【英語版】(ソード&シールド「エボルビングスカイズ」),https://cdn.snkrdunk.com/upload_bg_removed/pkmn-tcg-en-SS-ES-220-ot.webp,7,2,,,RR,DIFF,OK,DIFF
CRD_FF89828CCBB14368BDA7,두랄루돈 V,NO_JP,RR,487507,pkmn-tcg-S7D-082,ジュラルドンVMAX RR [219/203]【英語版】(ソード&シールド「エボルビングスカイズ」),https://cdn.snkrdunk.com/upload_bg_removed/pkmn-tcg-en-SS-ES-219-ot.webp,8,2,,,RR,DIFF,OK,DIFF
CRD_CC95EE0439504360B961,글레이시아 GX,NO_JP,SM-P,105393,pkmn-tcg-2004,グレイシアGX HR[SM5M 073/066](拡張パック「ウルトラムーン」),https://cdn.snkrdunk.com/upload_bg_removed/20240731061930-0.webp,1,3,SM5M,073/066,HR,DIFF,DIFF,OK
CRD_CC95EE0439504360B961,글레이시아 GX,NO_JP,SM-P,105395,pkmn-tcg-2004,グレイシアGX SR[SM5M 067/066](拡張パック「ウルトラムーン」),https://cdn.snkrdunk.com/upload_bg_removed/20240731061824-0.webp,2,3,SM5M,067/066,SR,DIFF,DIFF,OK
CRD_CC95EE0439504360B961,글레이시아 GX,NO_JP,SM-P,112747,pkmn-tcg-SM8b-027,グレイシアGX RR[SM8b 027/150](ハイクラスパック「GXウルトラシャイニー」),https://cdn.snkrdunk.com/upload_bg_removed/20230209072554-0.webp,3,3,SM8b,027/150,RR,DIFF,DIFF,OK
CRD_CC95EE0439504360B961,글레이시아 GX,NO_JP,SM-P,112782,pkmn-tcg-SM8b-215,グレイシアGX SSR[SM8b 215/150](ハイクラスパック「GXウルトラシャイニー」),https://cdn.snkrdunk.com/upload_bg_removed/20230209081457-0.webp,4,3,SM8b,215/150,SSR,DIFF,DIFF,OK
CRD_CC95EE0439504360B961,글레이시아 GX,NO_JP,SM-P,338307,pkmn-tcg-SM5M-011,グレイシアGX RR [SM5M 011/066](拡張パック「ウルトラムーン」),https://cdn.snkrdunk.com/upload_bg_removed/pkmn-tcg-SM5M-011-yu.webp,5,3,SM5M,011/066,RR,DIFF,DIFF,OK
CRD_CC95EE0439504360B961,글레이시아 GX,NO_JP,SM-P,492955,pkmn-tcg-2004,グレイシアGX UR [141/138]【英語版】(サン&ムーン「ウルトラプリズム」),https://cdn.snkrdunk.com/upload_bg_removed/pkmn-tcg-en-UP-141-ot.webp,6,3,,,UR,DIFF,DIFF,OK
CRD_CC95EE0439504360B961,글레이시아 GX,NO_JP,SM-P,492969,pkmn-tcg-2004,グレイシアGX RR [159/138]【英語版】(サン&ムーン「ウルトラプリズム」),https://cdn.snkrdunk.com/upload_bg_removed/pkmn-tcg-en-UP-159-ot.webp,7,3,,,RR,DIFF,DIFF,OK
CRD_CC95EE0439504360B961,글레이시아 GX,NO_JP,SM-P,106294,pkmn-tcg-XY-020,グレイシアEX [XY-BEST 020/171](ハイクラスパック「THE BEST OF XY」),https://cdn.snkrdunk.com/upload_bg_removed/20221208040057-0.webp,8,1,,,,DIFF,DIFF,DIFF
CRD_66B86CAACE834BA39882,자마젠타 V,NO_JP,RR,105540,pkmn-tcg-2874,ザマゼンタV RR[s12a 103/172](ハイクラスパック「VSTARユニバース」),https://cdn.snkrdunk.com/upload_bg_removed/20221201140639-0.webp,1,4,s12a,103/172,RR,DIFF,OK,OK
CRD_66B86CAACE834BA39882,자마젠타 V,NO_JP,RR,113236,pkmn-tcg-1550,ザマゼンタV RR[S1H 044/060](拡張パック「シールド」),https://cdn.snkrdunk.com/upload_bg_removed/20230215053532-4.webp,2,4,S1H,044/060,RR,DIFF,OK,OK
CRD_66B86CAACE834BA39882,자마젠타 V,NO_JP,RR,141146,pkmn-tcg-S8b-118,ザマゼンタV RR[s8b 118/184](ハイクラスパック「VMAXクライマックス」),https://cdn.snkrdunk.com/upload_bg_removed/TCG-PKG-S8b-1705.webp,3,4,s8b,118/184,RR,DIFF,OK,OK
CRD_66B86CAACE834BA39882,자마젠타 V,NO_JP,RR,141441,pkmn-tcg-S8a-019,ザマゼンタV RR[s8a 019/028](拡張パック「25th アニバーサリーコレクション」),https://cdn.snkrdunk.com/upload_bg_removed/TCG-PKG-S8a-1451.webp,4,4,s8a,019/028,RR,DIFF,OK,OK
CRD_66B86CAACE834BA39882,자마젠타 V,NO_JP,RR,144569,pkmn-tcg-S4a-139,ザマゼンタV RR[s4a 139/190](ハイクラスパック「シャイニースターV」),https://cdn.snkrdunk.com/upload_bg_removed/TCG-PKG-S4a-9823.webp,5,4,s4a,139/190,RR,DIFF,OK,OK
CRD_66B86CAACE834BA39882,자마젠타 V,NO_JP,RR,96564,pkmn-tcg-1550,ザマゼンタV UR[S1H 073/060](拡張パック「シールド」),https://cdn.snkrdunk.com/upload_bg_removed/20220915042615-0.webp,6,3,S1H,073/060,UR,DIFF,DIFF,OK
CRD_66B86CAACE834BA39882,자마젠타 V,NO_JP,RR,96748,pkmn-tcg-SI-417,ザマゼンタV [SI 417/414](スタートデッキ100),https://cdn.snkrdunk.com/upload_bg_removed/20220915093703-0.webp,7,3,SI,417/414,,DIFF,DIFF,OK
CRD_66B86CAACE834BA39882,자마젠타 V,NO_JP,RR,113242,pkmn-tcg-1550,ザマゼンタV SR[S1H 065/060](拡張パック「シールド」),https://cdn.snkrdunk.com/upload_bg_removed/20230215053734-2.webp,8,3,S1H,065/060,SR,DIFF,DIFF,OK
CRD_906A3DF2C7B04997AE4D,개굴닌자 EX,xyp_ja-21,PR,129819,pkmn-tcg-SVD-029,ゲッコウガex [SVD 029/139](おまかせexスタートデッキ),https://cdn.snkrdunk.com/upload_bg_removed/TCG-PKG-SVD-5949.webp,2,1,SVD,029/139,,DIFF,DIFF,NO_MAP
CRD_906A3DF2C7B04997AE4D,개굴닌자 EX,xyp_ja-21,PR,214558,pkmn-tcg-SVI-017,ゲッコウガex [SVI 017/066](「バトルアカデミー」ゲッコウガex デッキ),https://cdn.snkrdunk.com/upload_bg_removed/20240307090129-0.webp,3,1,SVI,017/066,,DIFF,DIFF,NO_MAP
CRD_906A3DF2C7B04997AE4D,개굴닌자 EX,xyp_ja-21,PR,327382,pkmn-tcg-SP5-001,ゲッコウガV-UNION [SP5 004/013](スペシャルカードセット ゲッコウガ V-UNION),https://cdn.snkrdunk.com/upload_bg_removed/20240719072251-0.webp,4,1,SP5,004/013,,DIFF,DIFF,NO_MAP
CRD_906A3DF2C7B04997AE4D,개굴닌자 EX,xyp_ja-21,PR,380205,pkmn-tcg-SI-107,ゲッコウガV [SI 107/414](ソード＆シールド「スタートデッキ100」),https://cdn.snkrdunk.com/upload_bg_removed/pkmn-tcg-7332180-yu.webp,5,1,SI,107/414,,DIFF,DIFF,NO_MAP
CRD_906A3DF2C7B04997AE4D,개굴닌자 EX,xyp_ja-21,PR,385881,pkmn-tcg-XY-026,ゲッコウガ [XY 026/171](ハイクラスパック「THE BEST OF XY」),https://cdn.snkrdunk.com/upload_bg_removed/pkmn-tcg-7323620-yu.webp,6,1,XY,026/171,,DIFF,DIFF,NO_MAP
CRD_906A3DF2C7B04997AE4D,개굴닌자 EX,xyp_ja-21,PR,385883,pkmn-tcg-XY-028,ゲッコウガBREAK [XY 028/171](ハイクラスパック「THE BEST OF XY」),https://cdn.snkrdunk.com/upload_bg_removed/20240913065922-0.webp,7,1,XY,028/171,,DIFF,DIFF,NO_MAP
CRD_906A3DF2C7B04997AE4D,개굴닌자 EX,xyp_ja-21,PR,385882,pkmn-tcg-XY-027,ゲッコウガ [XY 027/171](ハイクラスパック「THE BEST OF XY」),https://cdn.snkrdunk.com/upload_bg_removed/pkmn-tcg-7323621-yu.webp,8,1,XY,027/171,,DIFF,DIFF,NO_MAP
CRD_906A3DF2C7B04997AE4D,개굴닌자 EX,xyp_ja-21,PR,391057,pkmn-tcg-CP4-035,ゲッコウガ [CP4 035/131](プレミアムチャンピオンパック「EX×M×BREAK」),https://cdn.snkrdunk.com/upload_bg_removed/pkmn-tcg-7322552-yu.webp,9,1,CP4,035/131,,DIFF,DIFF,NO_MAP
CRD_A23AE6A8E89D4058AA29,피카츄,smp_ja-207,SM-P,91118,pkmn-tcg-S-P-227-226,ピカチュウ: プロモ[S-P 227](プロモーションカード 「ポケモン切手BOX 見返り美人・月に雁セット」),https://cdn.snkrdunk.com/upload_bg_removed/20240611021904-0.webp,1,3,,,,DIFF,DIFF,OK
CRD_A23AE6A8E89D4058AA29,피카츄,smp_ja-207,SM-P,91209,pkmn-tcg-SM-P-061,ピカチュウ: プロモ[SM-P 068](プロモーションカード「チャンピオンズリーグ2017」),https://cdn.snkrdunk.com/upload_bg_removed/7325584.webp,2,3,,,,DIFF,DIFF,OK
CRD_A23AE6A8E89D4058AA29,피카츄,smp_ja-207,SM-P,91225,pkmn-tcg-SM-P-199,ピカチュウ: プロモ[SM-P 199](プロモーションカード「SM-P」),https://cdn.snkrdunk.com/upload_bg_removed/20240614013810-0.webp,3,3,,,,DIFF,DIFF,OK
CRD_A23AE6A8E89D4058AA29,피카츄,smp_ja-207,SM-P,91220,pkmn-tcg-SM-P-061,ピカチュウ: プロモ[SM-P 061](プロモーションカード「ポケモンカードフェスタ2017」),https://cdn.snkrdunk.com/upload_bg_removed/7325577.webp,4,3,,,,DIFF,DIFF,OK
CRD_A23AE6A8E89D4058AA29,피카츄,smp_ja-207,SM-P,91252,pkmn-tcg-SM-P-224,ピカチュウ: プロモ[SM-P 224](プロモーションカード「SM-P」),https://cdn.snkrdunk.com/upload_bg_removed/7325733.webp,5,3,,,,DIFF,DIFF,OK
CRD_A23AE6A8E89D4058AA29,피카츄,smp_ja-207,SM-P,91247,pkmn-tcg-214,ピカチュウ: プロモ[SM-P 008](プロモーションカード「SM-P」),https://cdn.snkrdunk.com/upload_bg_removed/7325524.webp,6,3,,,,DIFF,DIFF,OK
CRD_A23AE6A8E89D4058AA29,피카츄,smp_ja-207,SM-P,91264,pkmn-tcg-242,ピカチュウ: プロモ[SM-P 179](プロモーションカード「SM-P」),https://cdn.snkrdunk.com/upload_bg_removed/7325689.webp,7,3,,,,DIFF,DIFF,OK
CRD_A23AE6A8E89D4058AA29,피카츄,smp_ja-207,SM-P,91263,pkmn-tcg-SM-P-003,ピカチュウ: プロモ[SM-P 003](プロモーションカード「SM-P」),https://cdn.snkrdunk.com/upload_bg_removed/7325519.webp,8,3,,,,DIFF,DIFF,OK
CRD_E13F6EAA1F7541A9841D,M거북왕 EX,xy1y_ja-15,RR,91465,pkmn-tcg-CP6-093,MカメックスEX SR :1ED [CP6 093/087](コンセプトパック「ポケットモンスターカードゲーム 拡張パック 20th Anniversary」),https://cdn.snkrdunk.com/upload_bg_removed/7322907.webp,1,3,CP6,093/087,SR,DIFF,DIFF,OK
CRD_8657995A6BC44F5DBF8E,뮤츠 V,swsh10b_ja-30,RR,91133,pkmn-tcg-40,ミュウツーV SR: SA[S10b 074/071](強化拡張パック「Pokemon GO」),https://cdn.snkrdunk.com/upload_bg_removed/20250416035443-2.webp,1,3,S10b,074/071,SR,DIFF,DIFF,OK
CRD_8657995A6BC44F5DBF8E,뮤츠 V,swsh10b_ja-30,RR,103043,pkmn-tcg-2111,ミュウツーV RR[s12a 050/172](ハイクラスパック「VSTARユニバース」),https://cdn.snkrdunk.com/upload_bg_removed/20221201140010-0.webp,2,2,s12a,050/172,RR,DIFF,OK,DIFF
CRD_8657995A6BC44F5DBF8E,뮤츠 V,swsh10b_ja-30,RR,137079,pkmn-tcg-S10b-030,ミュウツーV RR[s10b 030/071](強化拡張パック「Pokemon GO」),https://cdn.snkrdunk.com/upload_bg_removed/TCG-PKG-S10b-3699.webp,3,2,s10b,030/071,RR,DIFF,OK,DIFF
CRD_8657995A6BC44F5DBF8E,뮤츠 V,swsh10b_ja-30,RR,335886,pkmn-tcg-SM4+-036,ミュウツーGX RR [SM4+ 036/114](ハイクラスパック「GXバトルブースト」),https://cdn.snkrdunk.com/upload_bg_removed/pkmn-tcg-SM4GX-036-yu.webp,4,2,,,RR,DIFF,OK,DIFF
CRD_8657995A6BC44F5DBF8E,뮤츠 V,swsh10b_ja-30,RR,389891,pkmn-tcg-XY8-B-025,ミュウツーEX RR [XY8 025/059](拡張パック「青い衝撃」),https://cdn.snkrdunk.com/upload_bg_removed/pkmn-tcg-7321753-yu.webp,5,2,XY8,025/059,RR,DIFF,OK,DIFF
CRD_8657995A6BC44F5DBF8E,뮤츠 V,swsh10b_ja-30,RR,390034,pkmn-tcg-XY8-R-027,ミュウツーEX RR [XY8 027/059](拡張パック「赤い閃光」),https://cdn.snkrdunk.com/upload_bg_removed/pkmn-tcg-7321887-yu.webp,6,2,XY8,027/059,RR,DIFF,OK,DIFF
CRD_8657995A6BC44F5DBF8E,뮤츠 V,swsh10b_ja-30,RR,390947,pkmn-tcg-SM3+-040,ミュウツーGX RR [SM3+ 040/072](強化拡張パック「ひかる伝説」),https://cdn.snkrdunk.com/upload_bg_removed/pkmn-tcg-7324078-yu.webp,7,2,,,RR,DIFF,OK,DIFF
CRD_8657995A6BC44F5DBF8E,뮤츠 V,swsh10b_ja-30,RR,396636,pkmn-tcg-SMP2-017,ミュウツーGX RR [SMP2 017/024](ムービースペシャルパック「名探偵ピカチュウ」),https://cdn.snkrdunk.com/upload_bg_removed/pkmn-tcg-7327291-yu.webp,8,2,SMP2,017/024,RR,DIFF,OK,DIFF
CRD_46675A842A144D9E84CF,가디안 EX,xy11c_ja-38,RR,381833,pkmn-tcg-XY5-T-050,サーナイトEX RR [XY5 050/070](拡張パック「タイダルストーム」),https://cdn.snkrdunk.com/upload_bg_removed/pkmn-tcg-7321038-yu.webp,2,4,XY5,050/070,RR,DIFF,OK,OK
CRD_46675A842A144D9E84CF,가디안 EX,xy11c_ja-38,RR,711846,pkmn-tcg-XY11-R-059,サーナイトEX UR [XY11 059/054](拡張パック「冷酷の反逆者」),https://cdn.snkrdunk.com/upload_bg_removed/20251014085531-0.webp,3,3,XY11,059/054,UR,DIFF,DIFF,OK
CRD_46675A842A144D9E84CF,가디안 EX,xy11c_ja-38,RR,381876,pkmn-tcg-XY5-T-075,サーナイトEX SR [XY5 075/070](拡張パック「タイダルストーム」),https://cdn.snkrdunk.com/upload_bg_removed/pkmn-tcg-7321088-yu.webp,4,3,XY5,075/070,SR,DIFF,DIFF,OK
CRD_46675A842A144D9E84CF,가디안 EX,xy11c_ja-38,RR,385943,pkmn-tcg-XY-091,サーナイトEX [XY 091/171](ハイクラスパック「THE BEST OF XY」),https://cdn.snkrdunk.com/upload_bg_removed/pkmn-tcg-7323685-yu.webp,5,3,XY,091/171,,DIFF,DIFF,OK
CRD_46675A842A144D9E84CF,가디안 EX,xy11c_ja-38,RR,504598,pkmn-tcg-XY11-R-056,サーナイトEX UR [111/114]【英語版】(XY「スチームシージ」),https://cdn.snkrdunk.com/upload_bg_removed/pkmn-tcg-en-XYSS-111-ot.webp,6,3,,,UR,DIFF,DIFF,OK
CRD_46675A842A144D9E84CF,가디안 EX,xy11c_ja-38,RR,504603,pkmn-tcg-XY11-R-059,サーナイトEX HR [116/114]【英語版】(XY「スチームシージ」),https://cdn.snkrdunk.com/upload_bg_removed/pkmn-tcg-en-XYSS-116-ot.webp,7,3,,,HR,DIFF,DIFF,OK
CRD_46675A842A144D9E84CF,가디안 EX,xy11c_ja-38,RR,504785,pkmn-tcg-XY5-T-075,サーナイトEX UR [155/160]【英語版】(XY「プライマルクラッシュ」),https://cdn.snkrdunk.com/upload_bg_removed/pkmn-tcg-en-XYPC-155-ot.webp,8,3,,,UR,DIFF,DIFF,OK
CRD_46675A842A144D9E84CF,가디안 EX,xy11c_ja-38,RR,635058,pkmn-tcg-SM-BW-015,サーナイトEX [BW 015/048](BW / XY「エクストラレギュレーションBOX」),https://cdn.snkrdunk.com/upload_bg_removed/20250630095115-3.webp,9,3,BW,015/048,,DIFF,DIFF,OK
CRD_FA4844F80C824187B97C,뮤츠 V,swsh12a_ja-50,RR,91133,pkmn-tcg-40,ミュウツーV SR: SA[S10b 074/071](強化拡張パック「Pokemon GO」),https://cdn.snkrdunk.com/upload_bg_removed/20250416035443-2.webp,1,3,S10b,074/071,SR,DIFF,DIFF,OK
CRD_FA4844F80C824187B97C,뮤츠 V,swsh12a_ja-50,RR,103043,pkmn-tcg-2111,ミュウツーV RR[s12a 050/172](ハイクラスパック「VSTARユニバース」),https://cdn.snkrdunk.com/upload_bg_removed/20221201140010-0.webp,2,2,s12a,050/172,RR,DIFF,OK,DIFF
CRD_FA4844F80C824187B97C,뮤츠 V,swsh12a_ja-50,RR,137079,pkmn-tcg-S10b-030,ミュウツーV RR[s10b 030/071](強化拡張パック「Pokemon GO」),https://cdn.snkrdunk.com/upload_bg_removed/TCG-PKG-S10b-3699.webp,3,2,s10b,030/071,RR,DIFF,OK,DIFF
CRD_FA4844F80C824187B97C,뮤츠 V,swsh12a_ja-50,RR,335886,pkmn-tcg-SM4+-036,ミュウツーGX RR [SM4+ 036/114](ハイクラスパック「GXバトルブースト」),https://cdn.snkrdunk.com/upload_bg_removed/pkmn-tcg-SM4GX-036-yu.webp,4,2,,,RR,DIFF,OK,DIFF
CRD_FA4844F80C824187B97C,뮤츠 V,swsh12a_ja-50,RR,389891,pkmn-tcg-XY8-B-025,ミュウツーEX RR [XY8 025/059](拡張パック「青い衝撃」),https://cdn.snkrdunk.com/upload_bg_removed/pkmn-tcg-7321753-yu.webp,5,2,XY8,025/059,RR,DIFF,OK,DIFF
CRD_FA4844F80C824187B97C,뮤츠 V,swsh12a_ja-50,RR,390034,pkmn-tcg-XY8-R-027,ミュウツーEX RR [XY8 027/059](拡張パック「赤い閃光」),https://cdn.snkrdunk.com/upload_bg_removed/pkmn-tcg-7321887-yu.webp,6,2,XY8,027/059,RR,DIFF,OK,DIFF
CRD_FA4844F80C824187B97C,뮤츠 V,swsh12a_ja-50,RR,390947,pkmn-tcg-SM3+-040,ミュウツーGX RR [SM3+ 040/072](強化拡張パック「ひかる伝説」),https://cdn.snkrdunk.com/upload_bg_removed/pkmn-tcg-7324078-yu.webp,7,2,,,RR,DIFF,OK,DIFF
CRD_FA4844F80C824187B97C,뮤츠 V,swsh12a_ja-50,RR,396636,pkmn-tcg-SMP2-017,ミュウツーGX RR [SMP2 017/024](ムービースペシャルパック「名探偵ピカチュウ」),https://cdn.snkrdunk.com/upload_bg_removed/pkmn-tcg-7327291-yu.webp,8,2,SMP2,017/024,RR,DIFF,OK,DIFF
