code,series,product_id,product_status,ko_name,collection_no,rarity,super_type,sub_type,jp_ref,en_ref,ko_img,jp_img,en_img,reviewer_decision,review_source_version
BS2025006099,sv10_ja,PRD_FA31487748A24EAF9EE3,OK,로켓단의 트래피더,099,AR,POKEMON,STAGE1,sv10_ja-99,sv10-187,https://cards.image.pokemonkorea.co.kr/data/wmimages/SV/SV10/SV10_099.png?w=512,https://images.scrydex.com/pokemon/sv10_ja-99/medium,https://images.scrydex.com/pokemon/sv10-187/medium,approve,v9(jp_match_preview+crosslang_sims)
BS2025007103,sv11b_ja,PRD_D52A4B350D2344119847,OK,활화르바,103,AR,POKEMON,BASIC,sv11b_ja-103,zsv10pt5-99,https://cards.image.pokemonkorea.co.kr/data/wmimages/SV/SV11B/SV11B_103.png?w=512,https://images.scrydex.com/pokemon/sv11b_ja-103/medium,https://images.scrydex.com/pokemon/zsv10pt5-99/medium,approve,v9(jp_match_preview+crosslang_sims)
BS2025007111,sv11b_ja,PRD_D52A4B350D2344119847,OK,늑골라,111,AR,POKEMON,STAGE2,sv11b_ja-111,zsv10pt5-107,https://cards.image.pokemonkorea.co.kr/data/wmimages/SV/SV11B/SV11B_111.png?w=512,https://images.scrydex.com/pokemon/sv11b_ja-111/medium,https://images.scrydex.com/pokemon/zsv10pt5-107/medium,approve,v9(jp_match_preview+crosslang_sims)
BS2025007150,sv11b_ja,PRD_D52A4B350D2344119847,OK,터검니,150,AR,POKEMON,BASIC,sv11b_ja-150,zsv10pt5-145,https://cards.image.pokemonkorea.co.kr/data/wmimages/SV/SV11B/SV11B_150.png?w=512,https://images.scrydex.com/pokemon/sv11b_ja-150/medium,https://images.scrydex.com/pokemon/zsv10pt5-145/medium,approve,v9(jp_match_preview+crosslang_sims)
BS2025008155,sv11w_ja,PRD_53034524E98C4FE8BF8D,OK,바랜드,155,AR,POKEMON,STAGE2,sv11w_ja-155,rsv10pt5-156,https://cards.image.pokemonkorea.co.kr/data/wmimages/SV/SV11W/SV11W_155.png?w=512,https://images.scrydex.com/pokemon/sv11w_ja-155/medium,https://images.scrydex.com/pokemon/rsv10pt5-156/medium,approve,v9(jp_match_preview+crosslang_sims)
BS2025008162,sv11w_ja,PRD_53034524E98C4FE8BF8D,OK,탱탱겔 ex,162,SR,POKEMON,STAGE1,sv11w_ja-162,rsv10pt5-160,https://cards.image.pokemonkorea.co.kr/data/wmimages/SV/SV11W/SV11W_162.png?w=512,https://images.scrydex.com/pokemon/sv11w_ja-162/medium,https://images.scrydex.com/pokemon/rsv10pt5-160/medium,approve,v9(jp_match_preview+crosslang_sims)
BS2025008170,sv11w_ja,PRD_53034524E98C4FE8BF8D,OK,탱탱겔 ex,170,SAR,POKEMON,STAGE1,sv11w_ja-170,rsv10pt5-168,https://cards.image.pokemonkorea.co.kr/data/wmimages/SV/SV11W/SV11W_170.png?w=512,https://images.scrydex.com/pokemon/sv11w_ja-170/medium,https://images.scrydex.com/pokemon/rsv10pt5-168/medium,approve,v9(jp_match_preview+crosslang_sims)
BS2025009074,m1l_ja,PRD_488E92535E424D04B2B5,OK,깨비참,074,AR,POKEMON,BASIC,m1l_ja-74,me1-151,https://cards.image.pokemonkorea.co.kr/data/wmimages/MEGA/M1L/M1L_074.png?w=512,https://images.scrydex.com/pokemon/m1l_ja-74/medium,https://images.scrydex.com/pokemon/me1-151/medium,approve,v9(jp_match_preview+crosslang_sims)
BS2025014096,m2_ja,PRD_DD94FB8DCB7C4A129478,OK,로토무 ex,096,SR,POKEMON,BASIC,m2_ja-96,me2-111,https://cards.image.pokemonkorea.co.kr/data/wmimages/MEGA/M2/M2_096.png?w=512,https://images.scrydex.com/pokemon/m2_ja-96/medium,https://images.scrydex.com/pokemon/me2-111/medium,approve,v9(jp_match_preview+crosslang_sims)
BS2025014112,m2_ja,PRD_DD94FB8DCB7C4A129478,OK,로토무 ex,112,SAR,POKEMON,BASIC,m2_ja-112,me2-126,https://cards.image.pokemonkorea.co.kr/data/wmimages/MEGA/M2/M2_112.png?w=512,https://images.scrydex.com/pokemon/m2_ja-112/medium,https://images.scrydex.com/pokemon/me2-126/medium,approve,v9(jp_match_preview+crosslang_sims)
BS2024001337,sv4a_ja,PRD_219AD0EF77CA4165AD0F,OK,시비꼬 ex,337,SSR,POKEMON,BASIC,sv4a_ja-337,sv4pt5-223,https://cards.image.pokemonkorea.co.kr/data/wmimages/SV/SV4a/SV4a_337.png?w=512,https://images.scrydex.com/pokemon/sv4a_ja-337/medium,https://images.scrydex.com/pokemon/sv4pt5-223/medium,approve,v9(jp_match_preview+crosslang_sims)
BS2024004082,sv5k_ja,PRD_171222A74859484783EB,RESOLVED_BY_SETNAME,치라미,082,AR,POKEMON,BASIC,sv5k_ja-82,sv5-182,https://cards.image.pokemonkorea.co.kr/data/wmimages/SV/SV5K/SV5K_082.png?w=512,https://images.scrydex.com/pokemon/sv5k_ja-82/medium,https://images.scrydex.com/pokemon/sv5-182/medium,approve,v9(jp_match_preview+crosslang_sims)
BS2024004083,sv5k_ja,PRD_171222A74859484783EB,RESOLVED_BY_SETNAME,치라치노,083,AR,POKEMON,STAGE1,sv5k_ja-83,sv5-183,https://cards.image.pokemonkorea.co.kr/data/wmimages/SV/SV5K/SV5K_083.png?w=512,https://images.scrydex.com/pokemon/sv5k_ja-83/medium,https://images.scrydex.com/pokemon/sv5-183/medium,approve,v9(jp_match_preview+crosslang_sims)
BS2024004089,sv5k_ja,PRD_171222A74859484783EB,RESOLVED_BY_SETNAME,날뛰는우레 ex,089,SR,POKEMON,BASIC,sv5k_ja-89,sv5-196,https://cards.image.pokemonkorea.co.kr/data/wmimages/SV/SV5K/SV5K_089.png?w=512,https://images.scrydex.com/pokemon/sv5k_ja-89/medium,https://images.scrydex.com/pokemon/sv5-196/medium,approve,v9(jp_match_preview+crosslang_sims)
BS2024004095,sv5k_ja,PRD_171222A74859484783EB,RESOLVED_BY_SETNAME,날뛰는우레 ex,095,SAR,POKEMON,BASIC,sv5k_ja-95,sv5-208,https://cards.image.pokemonkorea.co.kr/data/wmimages/SV/SV5K/SV5K_095.png?w=512,https://images.scrydex.com/pokemon/sv5k_ja-95/medium,https://images.scrydex.com/pokemon/sv5-208/medium,approve,v9(jp_match_preview+crosslang_sims)
BS2024004100,sv5k_ja,PRD_171222A74859484783EB,RESOLVED_BY_SETNAME,날뛰는우레 ex,100,UR,POKEMON,BASIC,sv5k_ja-100,sv5-218,https://cards.image.pokemonkorea.co.kr/data/wmimages/SV/SV5K/SV5K_100.png?w=512,https://images.scrydex.com/pokemon/sv5k_ja-100/medium,https://images.scrydex.com/pokemon/sv5-218/medium,approve,v9(jp_match_preview+crosslang_sims)
BS2024007076,sv5a_ja,PRD_965FA5E5CD004C97AE74,RESOLVED_BY_SETNAME,대코파스,076,AR,POKEMON,STAGE1,sv5a_ja-76,sv6-182,https://cards.image.pokemonkorea.co.kr/data/wmimages/SV/SV5a/SV5a_076.png?w=512,https://images.scrydex.com/pokemon/sv5a_ja-76/medium,https://images.scrydex.com/pokemon/sv6-182/medium,approve,v9(jp_match_preview+crosslang_sims)
BS2024008113,sv6_ja,PRD_980F0BFCCDBB47558BFA,OK,럭키,113,AR,POKEMON,BASIC,sv6_ja-113,sv6-187,https://cards.image.pokemonkorea.co.kr/data/wmimages/SV/SV6/SV6_113.png?w=512,https://images.scrydex.com/pokemon/sv6_ja-113/medium,https://images.scrydex.com/pokemon/sv6-187/medium,approve,v9(jp_match_preview+crosslang_sims)
BS2024011076,sv6a_ja,PRD_7293190A22224C0598D5,RESOLVED_BY_SETNAME,이븐곰,076,AR,POKEMON,STAGE1,sv6a_ja-76,sv6pt5-79,https://cards.image.pokemonkorea.co.kr/data/wmimages/SV/SV6a/SV6a_076.png?w=512,https://images.scrydex.com/pokemon/sv6a_ja-76/medium,https://images.scrydex.com/pokemon/sv6pt5-79/medium,approve,v9(jp_match_preview+crosslang_sims)
BS2024016081,sv7a_ja,PRD_3FAB90CDEC7C43B6A8DF,OK,알로라 나시 ex,081,SR,POKEMON,STAGE1,sv7a_ja-81,sv8-225,https://cards.image.pokemonkorea.co.kr/data/wmimages/SV/SV7a/SV7a_081.png?w=512,https://images.scrydex.com/pokemon/sv7a_ja-81/medium,https://images.scrydex.com/pokemon/sv8-225/medium,approve,v9(jp_match_preview+crosslang_sims)
BS2024016089,sv7a_ja,PRD_3FAB90CDEC7C43B6A8DF,OK,알로라 나시 ex,089,SAR,POKEMON,STAGE1,sv7a_ja-89,sv8-242,https://cards.image.pokemonkorea.co.kr/data/wmimages/SV/SV7a/SV7a_089.png?w=512,https://images.scrydex.com/pokemon/sv7a_ja-89/medium,https://images.scrydex.com/pokemon/sv8-242/medium,approve,v9(jp_match_preview+crosslang_sims)
BS2024016092,sv7a_ja,PRD_3FAB90CDEC7C43B6A8DF,OK,알로라 나시 ex,092,UR,POKEMON,STAGE1,sv7a_ja-92,sv8-248,https://cards.image.pokemonkorea.co.kr/data/wmimages/SV/SV7a/SV7a_092.png?w=512,https://images.scrydex.com/pokemon/sv7a_ja-92/medium,https://images.scrydex.com/pokemon/sv8-248/medium,approve,v9(jp_match_preview+crosslang_sims)
BS2024019222,sv8a_ja,PRD_D26383A636BE42F09D6B,RESOLVED_BY_SETNAME,날뛰는우레 ex,222,SAR,POKEMON,BASIC,sv8a_ja-222,sv8pt5-166,https://cards.image.pokemonkorea.co.kr/data/wmimages/SV/SV8a/SV8a_222.png?w=512,https://images.scrydex.com/pokemon/sv8a_ja-222/medium,https://images.scrydex.com/pokemon/sv8pt5-166/medium,approve,v9(jp_match_preview+crosslang_sims)
BS2023007089,sv1v_ja,PRD_5AD4DD681C694EAC8DDA,OK,떨구새,089,AR,POKEMON,BASIC,sv1v_ja-89,sv1-219,https://cards.image.pokemonkorea.co.kr/data/wmimages/SV/SV1V/SV1V_089.png?w=512,https://images.scrydex.com/pokemon/sv1v_ja-89/medium,https://images.scrydex.com/pokemon/sv1-219/medium,approve,v9(jp_match_preview+crosslang_sims)
BS2023010075,sv1a_ja,PRD_FC339076828C45ED9BA0,OK,나오하,075,AR,POKEMON,BASIC,sv1a_ja-75,sv2-196,https://cards.image.pokemonkorea.co.kr/data/wmimages/SV/SV1a/SV1a_075.png?w=512,https://images.scrydex.com/pokemon/sv1a_ja-75/medium,https://images.scrydex.com/pokemon/sv2-196/medium,approve,v9(jp_match_preview+crosslang_sims)
BS2023011089,sv2p_ja,PRD_514C148400944D8AA72F,OK,시비꼬 ex,089,SR,POKEMON,BASIC,sv2p_ja-89,sv2-247,https://cards.image.pokemonkorea.co.kr/data/wmimages/SV/SV2P/SV2P_089.png?w=512,https://images.scrydex.com/pokemon/sv2p_ja-89/medium,https://images.scrydex.com/pokemon/sv2-247/medium,approve,v9(jp_match_preview+crosslang_sims)
BS2023012080,sv2d_ja,PRD_66FB8C2B312E46E081B1,OK,태깅구르,080,AR,POKEMON,STAGE1,sv2d_ja-80,sv2-223,https://cards.image.pokemonkorea.co.kr/data/wmimages/SV/SV2D/SV2D_080.png?w=512,https://images.scrydex.com/pokemon/sv2d_ja-80/medium,https://images.scrydex.com/pokemon/sv2-223/medium,approve,v9(jp_match_preview+crosslang_sims)
BS2023015127,sv3_ja,PRD_C017B01380CF490A9480,OK,부르르룸 ex,127,SR,POKEMON,STAGE1,sv3_ja-127,sv3-216,https://cards.image.pokemonkorea.co.kr/data/wmimages/SV/SV3/SV3_127.png?w=512,https://images.scrydex.com/pokemon/sv3_ja-127/medium,https://images.scrydex.com/pokemon/sv3-216/medium,approve,v9(jp_match_preview+crosslang_sims)
BS2023015135,sv3_ja,PRD_C017B01380CF490A9480,OK,부르르룸 ex,135,SAR,POKEMON,STAGE1,sv3_ja-135,sv3-224,https://cards.image.pokemonkorea.co.kr/data/wmimages/SV/SV3/SV3_135.png?w=512,https://images.scrydex.com/pokemon/sv3_ja-135/medium,https://images.scrydex.com/pokemon/sv3-224/medium,approve,v9(jp_match_preview+crosslang_sims)
BS2023020079,sv3a_ja,PRD_B7309AB1FDF64E4EA6B1,OK,타부자고 ex,079,SR,POKEMON,STAGE1,sv3a_ja-79,sv4-231,https://cards.image.pokemonkorea.co.kr/data/wmimages/SV/SV3a/SV3a_079.png?w=512,https://images.scrydex.com/pokemon/sv3a_ja-79/medium,https://images.scrydex.com/pokemon/sv4-231/medium,approve,v9(jp_match_preview+crosslang_sims)
BS2023021072,sv4k_ja,PRD_8E32996A2E964C128DBF,OK,비조도,072,AR,POKEMON,STAGE1,sv4k_ja-72,sv4-200,https://cards.image.pokemonkorea.co.kr/data/wmimages/SV/SV4K/SV4K_072.png?w=512,https://images.scrydex.com/pokemon/sv4k_ja-72/medium,https://images.scrydex.com/pokemon/sv4-200/medium,approve,v9(jp_match_preview+crosslang_sims)
BS2023021075,sv4k_ja,PRD_8E32996A2E964C128DBF,OK,더스트나,075,AR,POKEMON,STAGE1,sv4k_ja-75,sv4-204,https://cards.image.pokemonkorea.co.kr/data/wmimages/SV/SV4K/SV4K_075.png?w=512,https://images.scrydex.com/pokemon/sv4k_ja-75/medium,https://images.scrydex.com/pokemon/sv4-204/medium,approve,v9(jp_match_preview+crosslang_sims)
BS2023022077,sv4m_ja,PRD_245223BF212C456385F3,OK,폴리곤Z,077,AR,POKEMON,STAGE2,sv4m_ja-77,sv4-214,https://cards.image.pokemonkorea.co.kr/data/wmimages/SV/SV4M/SV4M_077.png?w=512,https://images.scrydex.com/pokemon/sv4m_ja-77/medium,https://images.scrydex.com/pokemon/sv4-214/medium,approve,v9(jp_match_preview+crosslang_sims)
BS2022002050,swsh9_ja,PRD_FA60964DC9AC4C999AC2,OK,엘풍 VSTAR,050,RRR,POKEMON,AUTO(scrydex),swsh9_ja-50,swsh9-65,https://cards.image.pokemonkorea.co.kr/data/wmimages/S/S9/S9_050.png?w=512,https://images.scrydex.com/pokemon/swsh9_ja-50/medium,https://images.scrydex.com/pokemon/swsh9-65/medium,approve,v9(jp_match_preview+crosslang_sims)
BS2022004123,swsh9a_ja,PRD_B6A92B9A3823440F8F49,OK,히스이 대검귀 V,078,SR,POKEMON,BASIC,swsh9a_ja-78,swsh10-176,https://cards.image.pokemonkorea.co.kr/data/wmimages/S/S9a/S9a_078.png?w=512,https://images.scrydex.com/pokemon/swsh9a_ja-78/medium,https://images.scrydex.com/pokemon/swsh10-176/medium,approve,v9(jp_match_preview+crosslang_sims)
BS2022008076,swsh10p_ja,PRD_7DF9CF9792C3451BBA08,OK,하랑우탄 V,076,SR,POKEMON,BASIC,swsh10p_ja-76,swsh10-179,https://cards.image.pokemonkorea.co.kr/data/wmimages/S/S10/S10P_076.png?w=512,https://images.scrydex.com/pokemon/swsh10p_ja-76/medium,https://images.scrydex.com/pokemon/swsh10-179/medium,approve,v9(jp_match_preview+crosslang_sims)
BS2022011129,swsh10a_ja,PRD_554AB5D7D5A440D0AA2A,OK,러브로스 V,080,SR,POKEMON,BASIC,swsh10a_ja-80,swsh11-178,https://cards.image.pokemonkorea.co.kr/data/wmimages/S/S10a/S10a_080.png?w=512,https://images.scrydex.com/pokemon/swsh10a_ja-80/medium,https://images.scrydex.com/pokemon/swsh11-178/medium,approve,v9(jp_match_preview+crosslang_sims)
BS2022014102,swsh11_ja,PRD_D85C098E2C3449848167,OK,로토무 V,103,SR,POKEMON,BASIC,swsh11_ja-103,swsh11-176,https://cards.image.pokemonkorea.co.kr/data/wmimages/S/S11/S11_103.png?w=512,https://images.scrydex.com/pokemon/swsh11_ja-103/medium,https://images.scrydex.com/pokemon/swsh11-176/medium,approve,v9(jp_match_preview+crosslang_sims)
BS2022014103,swsh11_ja,PRD_D85C098E2C3449848167,OK,로토무 V,104,SR,POKEMON,BASIC,swsh11_ja-104,swsh11-177,https://cards.image.pokemonkorea.co.kr/data/wmimages/S/S11/S11_104.png?w=512,https://images.scrydex.com/pokemon/swsh11_ja-104/medium,https://images.scrydex.com/pokemon/swsh11-177/medium,approve,v9(jp_match_preview+crosslang_sims)
BS2022016076,swsh11a_ja,PRD_0C8B6847314E495B9C8E,OK,레시라무 V,076,SR,POKEMON,BASIC,swsh11a_ja-76,swsh12-172,https://cards.image.pokemonkorea.co.kr/data/wmimages/S/S11a/S11a_076.png?w=512,https://images.scrydex.com/pokemon/swsh11a_ja-76/medium,https://images.scrydex.com/pokemon/swsh12-172/medium,approve,v9(jp_match_preview+crosslang_sims)
BS2022016079,swsh11a_ja,PRD_0C8B6847314E495B9C8E,OK,마기아나 V,079,SR,POKEMON,BASIC,swsh11a_ja-79,swsh12-182,https://cards.image.pokemonkorea.co.kr/data/wmimages/S/S11a/S11a_079.png?w=512,https://images.scrydex.com/pokemon/swsh11a_ja-79/medium,https://images.scrydex.com/pokemon/swsh12-182/medium,approve,v9(jp_match_preview+crosslang_sims)
BS2022016080,swsh11a_ja,PRD_0C8B6847314E495B9C8E,OK,칠색조 V,080,SR,POKEMON,BASIC,swsh11a_ja-80,swsh12-187,https://cards.image.pokemonkorea.co.kr/data/wmimages/S/S11a/S11a_080.png?w=512,https://images.scrydex.com/pokemon/swsh11a_ja-80/medium,https://images.scrydex.com/pokemon/swsh12-187/medium,approve,v9(jp_match_preview+crosslang_sims)
BS2021002075,swsh5r_ja,PRD_AD7B5C4F802F4D64BE90,RESOLVED_BY_SETNAME,네크로즈마 V,075,SR,POKEMON,BASIC,swsh5r_ja-75,swsh5-149,https://cards.image.pokemonkorea.co.kr/data/wmimages/S/S5/S5R_075.png?w=512,https://images.scrydex.com/pokemon/swsh5r_ja-75/medium,https://images.scrydex.com/pokemon/swsh5-149/medium,approve,v9(jp_match_preview+crosslang_sims)
BS2021004077,swsh6h_ja,PRD_83E04A9A71A74A88AB44,RESOLVED_BY_SETNAME,레파르다스 V,077,SR,POKEMON,BASIC,swsh6h_ja-77,swsh6-180,https://cards.image.pokemonkorea.co.kr/data/wmimages/S/S6/S6H_077.png?w=512,https://images.scrydex.com/pokemon/swsh6h_ja-77/medium,https://images.scrydex.com/pokemon/swsh6-180/medium,approve,v9(jp_match_preview+crosslang_sims)
BS2021011031,swsh7d_ja,PRD_BCB8045CC957488BB992,RESOLVED_BY_SETNAME,더스트나 VMAX,031,RRR,POKEMON,AUTO(scrydex),swsh7d_ja-31,swsh7-101,https://cards.image.pokemonkorea.co.kr/data/wmimages/S/S7/S7D_031.png?w=512,https://images.scrydex.com/pokemon/swsh7d_ja-31/medium,https://images.scrydex.com/pokemon/swsh7-101/medium,approve,v9(jp_match_preview+crosslang_sims)
BS2021018015,swsh8_ja,PRD_3BEB5A9863D54FE7BE25,RESOLVED_BY_SETNAME,샹델라 VMAX,015,RRR,POKEMON,AUTO(scrydex),swsh8_ja-15,swsh8-40,https://cards.image.pokemonkorea.co.kr/data/wmimages/S/S8/S8_015.png?w=512,https://images.scrydex.com/pokemon/swsh8_ja-15/medium,https://images.scrydex.com/pokemon/swsh8-40/medium,approve,v9(jp_match_preview+crosslang_sims)
BS2020003065,swsh1h_ja,PRD_FC1A7B5927A44298A2A2,OK,자마젠타 V,065,SR,POKEMON,BASIC,swsh1h_ja-65,swsh1-196,https://cards.image.pokemonkorea.co.kr/data/wmimages/S/S1H/S1H_065.png?w=512,https://images.scrydex.com/pokemon/swsh1h_ja-65/medium,https://images.scrydex.com/pokemon/swsh1-196/medium,approve,v9(jp_match_preview+crosslang_sims)
BS2020012077,swsh3a_ja,PRD_FE54F67A9C114773A9CD,RESOLVED_BY_SETNAME,자루도 V,077,SR,POKEMON,BASIC,swsh3a_ja-77,swsh4-167,https://cards.image.pokemonkorea.co.kr/data/wmimages/S/S3a/S3a_077.png?w=512,https://images.scrydex.com/pokemon/swsh3a_ja-77/medium,https://images.scrydex.com/pokemon/swsh4-167/medium,approve,v9(jp_match_preview+crosslang_sims)
BS2020014107,swsh4_ja,PRD_32C23D5FA71F45ADB572,OK,드래피온 V,107,SR,POKEMON,BASIC,swsh4_ja-107,swsh4-175,https://cards.image.pokemonkorea.co.kr/data/wmimages/S/S4/S4_107.png?w=512,https://images.scrydex.com/pokemon/swsh4_ja-107/medium,https://images.scrydex.com/pokemon/swsh4-175/medium,approve,v9(jp_match_preview+crosslang_sims)
