code,ko_name,jp_ref,en_ref,ko_url,jp_url,en_url,ko_status,jp_status,en_status,ko_ct,jp_ct,en_ct,ko_size,jp_size,en_size,ko_dim,jp_dim,en_dim,ko_decode,jp_decode,en_decode,ko_jp,ko_en,jp_en,crosslang,result
BS2025006099,로켓단의 트래피더,sv10_ja-99,sv10-187,https://cards.image.pokemonkorea.co.kr/data/wmimages/SV/SV10/SV10_099.png?w=512,https://images.scrydex.com/pokemon/sv10_ja-99/medium,https://images.scrydex.com/pokemon/sv10-187/medium,200,200,200,image/png,image/png,image/png,531285,129684,79771,512x714,362x512,367x512,OK,OK,OK,0.811,0.869,0.931,OK,PASS
BS2025007103,활화르바,sv11b_ja-103,zsv10pt5-99,https://cards.image.pokemonkorea.co.kr/data/wmimages/SV/SV11B/SV11B_103.png?w=512,https://images.scrydex.com/pokemon/sv11b_ja-103/medium,https://images.scrydex.com/pokemon/zsv10pt5-99/medium,200,200,200,image/png,image/png,image/png,789052,133359,128626,512x714,367x511,367x512,OK,OK,OK,0.952,0.962,0.961,OK,PASS
BS2025007111,늑골라,sv11b_ja-111,zsv10pt5-107,https://cards.image.pokemonkorea.co.kr/data/wmimages/SV/SV11B/SV11B_111.png?w=512,https://images.scrydex.com/pokemon/sv11b_ja-111/medium,https://images.scrydex.com/pokemon/zsv10pt5-107/medium,200,200,200,image/png,image/png,image/png,592363,125252,109402,512x714,366x512,367x512,OK,OK,OK,0.846,0.907,0.907,OK,PASS
BS2025007150,터검니,sv11b_ja-150,zsv10pt5-145,https://cards.image.pokemonkorea.co.kr/data/wmimages/SV/SV11B/SV11B_150.png?w=512,https://images.scrydex.com/pokemon/sv11b_ja-150/medium,https://images.scrydex.com/pokemon/zsv10pt5-145/medium,200,200,200,image/png,image/png,image/png,568169,122844,91811,512x714,364x512,367x512,OK,OK,OK,0.866,0.931,0.881,OK,PASS
BS2025008155,바랜드,sv11w_ja-155,rsv10pt5-156,https://cards.image.pokemonkorea.co.kr/data/wmimages/SV/SV11W/SV11W_155.png?w=512,https://images.scrydex.com/pokemon/sv11w_ja-155/medium,https://images.scrydex.com/pokemon/rsv10pt5-156/medium,200,200,200,image/png,image/png,image/png,740462,133753,122315,512x714,362x512,367x512,OK,OK,OK,0.949,0.965,0.961,OK,PASS
BS2025008162,탱탱겔 ex,sv11w_ja-162,rsv10pt5-160,https://cards.image.pokemonkorea.co.kr/data/wmimages/SV/SV11W/SV11W_162.png?w=512,https://images.scrydex.com/pokemon/sv11w_ja-162/medium,https://images.scrydex.com/pokemon/rsv10pt5-160/medium,200,200,200,image/png,image/png,image/png,729292,115296,93673,512x714,365x512,367x512,OK,OK,OK,0.929,0.936,0.909,OK,PASS
BS2025008170,탱탱겔 ex,sv11w_ja-170,rsv10pt5-168,https://cards.image.pokemonkorea.co.kr/data/wmimages/SV/SV11W/SV11W_170.png?w=512,https://images.scrydex.com/pokemon/sv11w_ja-170/medium,https://images.scrydex.com/pokemon/rsv10pt5-168/medium,200,200,200,image/png,image/png,image/png,892152,131188,98257,512x714,361x512,367x512,OK,OK,OK,0.903,0.896,0.966,OK,PASS
BS2025009074,깨비참,m1l_ja-74,me1-151,https://cards.image.pokemonkorea.co.kr/data/wmimages/MEGA/M1L/M1L_074.png?w=512,https://images.scrydex.com/pokemon/m1l_ja-74/medium,https://images.scrydex.com/pokemon/me1-151/medium,200,200,200,image/png,image/png,image/png,630962,126663,104105,512x714,364x512,367x512,OK,OK,OK,0.858,0.93,0.884,OK,PASS
BS2025014096,로토무 ex,m2_ja-96,me2-111,https://cards.image.pokemonkorea.co.kr/data/wmimages/MEGA/M2/M2_096.png?w=512,https://images.scrydex.com/pokemon/m2_ja-96/medium,https://images.scrydex.com/pokemon/me2-111/medium,200,200,200,image/png,image/png,image/png,861886,124533,87537,512x714,367x512,367x512,OK,OK,OK,0.938,0.955,0.961,OK,PASS
BS2025014112,로토무 ex,m2_ja-112,me2-126,https://cards.image.pokemonkorea.co.kr/data/wmimages/MEGA/M2/M2_112.png?w=512,https://images.scrydex.com/pokemon/m2_ja-112/medium,https://images.scrydex.com/pokemon/me2-126/medium,200,200,200,image/png,image/png,image/png,899043,128599,94412,512x714,363x512,367x512,OK,OK,OK,0.952,0.945,0.939,OK,PASS
BS2024001337,시비꼬 ex,sv4a_ja-337,sv4pt5-223,https://cards.image.pokemonkorea.co.kr/data/wmimages/SV/SV4a/SV4a_337.png?w=512,https://images.scrydex.com/pokemon/sv4a_ja-337/medium,https://images.scrydex.com/pokemon/sv4pt5-223/medium,200,200,200,image/png,image/png,image/png,772928,132570,76603,512x714,365x512,367x512,OK,OK,OK,0.883,0.851,0.941,OK,PASS
BS2024004082,치라미,sv5k_ja-82,sv5-182,https://cards.image.pokemonkorea.co.kr/data/wmimages/SV/SV5K/SV5K_082.png?w=512,https://images.scrydex.com/pokemon/sv5k_ja-82/medium,https://images.scrydex.com/pokemon/sv5-182/medium,200,200,200,image/png,image/png,image/png,852552,131064,127068,512x714,365x512,367x512,OK,OK,OK,0.872,0.839,0.916,OK,PASS
BS2024004083,치라치노,sv5k_ja-83,sv5-183,https://cards.image.pokemonkorea.co.kr/data/wmimages/SV/SV5K/SV5K_083.png?w=512,https://images.scrydex.com/pokemon/sv5k_ja-83/medium,https://images.scrydex.com/pokemon/sv5-183/medium,200,200,200,image/png,image/png,image/png,791400,129116,126606,512x714,365x512,367x512,OK,OK,OK,0.968,0.965,0.969,OK,PASS
BS2024004089,날뛰는우레 ex,sv5k_ja-89,sv5-196,https://cards.image.pokemonkorea.co.kr/data/wmimages/SV/SV5K/SV5K_089.png?w=512,https://images.scrydex.com/pokemon/sv5k_ja-89/medium,https://images.scrydex.com/pokemon/sv5-196/medium,200,200,200,image/png,image/png,image/png,774683,126232,103728,512x714,365x512,367x512,OK,OK,OK,0.849,0.862,0.885,OK,PASS
BS2024004095,날뛰는우레 ex,sv5k_ja-95,sv5-208,https://cards.image.pokemonkorea.co.kr/data/wmimages/SV/SV5K/SV5K_095.png?w=512,https://images.scrydex.com/pokemon/sv5k_ja-95/medium,https://images.scrydex.com/pokemon/sv5-208/medium,200,200,200,image/png,image/png,image/png,845148,138807,119705,512x714,365x512,367x512,OK,OK,OK,0.908,0.911,0.938,OK,PASS
BS2024004100,날뛰는우레 ex,sv5k_ja-100,sv5-218,https://cards.image.pokemonkorea.co.kr/data/wmimages/SV/SV5K/SV5K_100.png?w=512,https://images.scrydex.com/pokemon/sv5k_ja-100/medium,https://images.scrydex.com/pokemon/sv5-218/medium,200,200,200,image/png,image/png,image/png,807151,152018,111472,512x714,365x512,367x512,OK,OK,OK,0.797,0.769,0.868,BORDERLINE,PASS
BS2024007076,대코파스,sv5a_ja-76,sv6-182,https://cards.image.pokemonkorea.co.kr/data/wmimages/SV/SV5a/SV5a_076.png?w=512,https://images.scrydex.com/pokemon/sv5a_ja-76/medium,https://images.scrydex.com/pokemon/sv6-182/medium,200,200,200,image/png,image/png,image/png,638861,115987,107183,512x714,365x512,367x512,OK,OK,OK,0.975,0.965,0.972,OK,PASS
BS2024008113,럭키,sv6_ja-113,sv6-187,https://cards.image.pokemonkorea.co.kr/data/wmimages/SV/SV6/SV6_113.png?w=512,https://images.scrydex.com/pokemon/sv6_ja-113/medium,https://images.scrydex.com/pokemon/sv6-187/medium,200,200,200,image/png,image/png,image/png,506013,94898,72044,512x714,365x512,367x512,OK,OK,OK,0.981,0.971,0.964,OK,PASS
BS2024011076,이븐곰,sv6a_ja-76,sv6pt5-79,https://cards.image.pokemonkorea.co.kr/data/wmimages/SV/SV6a/SV6a_076.png?w=512,https://images.scrydex.com/pokemon/sv6a_ja-76/medium,https://images.scrydex.com/pokemon/sv6pt5-79/medium,200,200,200,image/png,image/png,image/png,489382,260708,86799,512x714,318x452,367x512,OK,OK,OK,0.932,0.958,0.94,OK,PASS
BS2024016081,알로라 나시 ex,sv7a_ja-81,sv8-225,https://cards.image.pokemonkorea.co.kr/data/wmimages/SV/SV7a/SV7a_081.png?w=512,https://images.scrydex.com/pokemon/sv7a_ja-81/medium,https://images.scrydex.com/pokemon/sv8-225/medium,200,200,200,image/png,image/png,image/png,852320,140443,107546,512x714,362x512,367x512,OK,OK,OK,0.921,0.928,0.91,OK,PASS
BS2024016089,알로라 나시 ex,sv7a_ja-89,sv8-242,https://cards.image.pokemonkorea.co.kr/data/wmimages/SV/SV7a/SV7a_089.png?w=512,https://images.scrydex.com/pokemon/sv7a_ja-89/medium,https://images.scrydex.com/pokemon/sv8-242/medium,200,200,200,image/png,image/png,image/png,951069,140206,128879,512x714,362x512,367x512,OK,OK,OK,0.896,0.953,0.917,OK,PASS
BS2024016092,알로라 나시 ex,sv7a_ja-92,sv8-248,https://cards.image.pokemonkorea.co.kr/data/wmimages/SV/SV7a/SV7a_092.png?w=512,https://images.scrydex.com/pokemon/sv7a_ja-92/medium,https://images.scrydex.com/pokemon/sv8-248/medium,200,200,200,image/png,image/png,image/png,925315,144324,107765,512x714,362x512,367x512,OK,OK,OK,0.833,0.85,0.879,OK,PASS
BS2024019222,날뛰는우레 ex,sv8a_ja-222,sv8pt5-166,https://cards.image.pokemonkorea.co.kr/data/wmimages/SV/SV8a/SV8a_222.png?w=512,https://images.scrydex.com/pokemon/sv8a_ja-222/medium,https://images.scrydex.com/pokemon/sv8pt5-166/medium,200,200,200,image/png,image/png,image/png,919482,140524,116713,512x714,367x512,367x512,OK,OK,OK,0.881,0.894,0.953,OK,PASS
BS2023007089,떨구새,sv1v_ja-89,sv1-219,https://cards.image.pokemonkorea.co.kr/data/wmimages/SV/SV1V/SV1V_089.png?w=512,https://images.scrydex.com/pokemon/sv1v_ja-89/medium,https://images.scrydex.com/pokemon/sv1-219/medium,200,200,200,image/png,image/png,image/png,732610,111428,117384,512x714,365x512,367x512,OK,OK,OK,0.98,0.962,0.967,OK,PASS
BS2023010075,나오하,sv1a_ja-75,sv2-196,https://cards.image.pokemonkorea.co.kr/data/wmimages/SV/SV1a/SV1a_075.png?w=512,https://images.scrydex.com/pokemon/sv1a_ja-75/medium,https://images.scrydex.com/pokemon/sv2-196/medium,200,200,200,image/png,image/png,image/png,754414,132778,134752,512x714,365x512,367x510,OK,OK,OK,0.958,0.941,0.944,OK,PASS
BS2023011089,시비꼬 ex,sv2p_ja-89,sv2-247,https://cards.image.pokemonkorea.co.kr/data/wmimages/SV/SV2P/SV2P_089.png?w=512,https://images.scrydex.com/pokemon/sv2p_ja-89/medium,https://images.scrydex.com/pokemon/sv2-247/medium,200,200,200,image/png,image/png,image/png,725785,119587,97154,512x714,365x512,367x510,OK,OK,OK,0.902,0.888,0.919,OK,PASS
BS2023012080,태깅구르,sv2d_ja-80,sv2-223,https://cards.image.pokemonkorea.co.kr/data/wmimages/SV/SV2D/SV2D_080.png?w=512,https://images.scrydex.com/pokemon/sv2d_ja-80/medium,https://images.scrydex.com/pokemon/sv2-223/medium,200,200,200,image/png,image/png,image/png,628707,108082,115669,512x714,365x512,367x510,OK,OK,OK,0.939,0.944,0.96,OK,PASS
BS2023015127,부르르룸 ex,sv3_ja-127,sv3-216,https://cards.image.pokemonkorea.co.kr/data/wmimages/SV/SV3/SV3_127.png?w=512,https://images.scrydex.com/pokemon/sv3_ja-127/medium,https://images.scrydex.com/pokemon/sv3-216/medium,200,200,200,image/png,image/png,image/png,770766,125511,98027,512x714,365x512,367x512,OK,OK,OK,0.877,0.901,0.909,OK,PASS
BS2023015135,부르르룸 ex,sv3_ja-135,sv3-224,https://cards.image.pokemonkorea.co.kr/data/wmimages/SV/SV3/SV3_135.png?w=512,https://images.scrydex.com/pokemon/sv3_ja-135/medium,https://images.scrydex.com/pokemon/sv3-224/medium,200,200,200,image/png,image/png,image/png,921295,147675,130291,512x714,365x512,367x512,OK,OK,OK,0.962,0.947,0.962,OK,PASS
BS2023020079,타부자고 ex,sv3a_ja-79,sv4-231,https://cards.image.pokemonkorea.co.kr/data/wmimages/SV/SV3a/SV3a_079.png?w=512,https://images.scrydex.com/pokemon/sv3a_ja-79/medium,https://images.scrydex.com/pokemon/sv4-231/medium,200,200,200,image/png,image/png,image/png,708760,134000,95158,512x714,365x512,367x512,OK,OK,OK,0.955,0.932,0.941,OK,PASS
BS2023021072,비조도,sv4k_ja-72,sv4-200,https://cards.image.pokemonkorea.co.kr/data/wmimages/SV/SV4K/SV4K_072.png?w=512,https://images.scrydex.com/pokemon/sv4k_ja-72/medium,https://images.scrydex.com/pokemon/sv4-200/medium,200,200,200,image/png,image/png,image/png,682209,121661,125414,512x714,365x512,367x512,OK,OK,OK,0.95,0.897,0.93,OK,PASS
BS2023021075,더스트나,sv4k_ja-75,sv4-204,https://cards.image.pokemonkorea.co.kr/data/wmimages/SV/SV4K/SV4K_075.png?w=512,https://images.scrydex.com/pokemon/sv4k_ja-75/medium,https://images.scrydex.com/pokemon/sv4-204/medium,200,200,200,image/png,image/png,image/png,746012,124657,122482,512x714,365x512,367x512,OK,OK,OK,0.94,0.931,0.906,OK,PASS
BS2023022077,폴리곤Z,sv4m_ja-77,sv4-214,https://cards.image.pokemonkorea.co.kr/data/wmimages/SV/SV4M/SV4M_077.png?w=512,https://images.scrydex.com/pokemon/sv4m_ja-77/medium,https://images.scrydex.com/pokemon/sv4-214/medium,200,200,200,image/png,image/png,image/png,717009,119712,119063,512x714,365x512,367x512,OK,OK,OK,0.979,0.935,0.942,OK,PASS
BS2022002050,엘풍 VSTAR,swsh9_ja-50,swsh9-65,https://cards.image.pokemonkorea.co.kr/data/wmimages/S/S9/S9_050.png?w=512,https://images.scrydex.com/pokemon/swsh9_ja-50/medium,https://images.scrydex.com/pokemon/swsh9-65/medium,200,200,200,image/png,image/png,image/png,751540,113760,96041,512x714,365x512,367x512,OK,OK,OK,0.961,0.951,0.964,OK,PASS
BS2022004123,히스이 대검귀 V,swsh9a_ja-78,swsh10-176,https://cards.image.pokemonkorea.co.kr/data/wmimages/S/S9a/S9a_078.png?w=512,https://images.scrydex.com/pokemon/swsh9a_ja-78/medium,https://images.scrydex.com/pokemon/swsh10-176/medium,200,200,200,image/png,image/png,image/png,857495,135497,100035,512x714,365x512,367x512,OK,OK,OK,0.926,0.815,0.861,OK,PASS
BS2022008076,하랑우탄 V,swsh10p_ja-76,swsh10-179,https://cards.image.pokemonkorea.co.kr/data/wmimages/S/S10/S10P_076.png?w=512,https://images.scrydex.com/pokemon/swsh10p_ja-76/medium,https://images.scrydex.com/pokemon/swsh10-179/medium,200,200,200,image/png,image/png,image/png,812071,128530,90829,512x714,365x512,367x512,OK,OK,OK,0.837,0.78,0.89,OK,PASS
BS2022011129,러브로스 V,swsh10a_ja-80,swsh11-178,https://cards.image.pokemonkorea.co.kr/data/wmimages/S/S10a/S10a_080.png?w=512,https://images.scrydex.com/pokemon/swsh10a_ja-80/medium,https://images.scrydex.com/pokemon/swsh11-178/medium,200,200,200,image/png,image/png,image/png,813843,142473,116378,512x714,365x512,367x512,OK,OK,OK,0.857,0.749,0.818,EN_DIFF,FAIL
BS2022014102,로토무 V,swsh11_ja-103,swsh11-176,https://cards.image.pokemonkorea.co.kr/data/wmimages/S/S11/S11_103.png?w=512,https://images.scrydex.com/pokemon/swsh11_ja-103/medium,https://images.scrydex.com/pokemon/swsh11-176/medium,200,200,200,image/png,image/png,image/png,829686,118615,80853,512x714,365x512,367x512,OK,OK,OK,0.944,0.848,0.908,OK,PASS
BS2022014103,로토무 V,swsh11_ja-104,swsh11-177,https://cards.image.pokemonkorea.co.kr/data/wmimages/S/S11/S11_104.png?w=512,https://images.scrydex.com/pokemon/swsh11_ja-104/medium,https://images.scrydex.com/pokemon/swsh11-177/medium,200,200,200,image/png,image/png,image/png,855210,129918,113196,512x714,365x512,367x512,OK,OK,OK,0.895,0.841,0.915,OK,PASS
BS2022016076,레시라무 V,swsh11a_ja-76,swsh12-172,https://cards.image.pokemonkorea.co.kr/data/wmimages/S/S11a/S11a_076.png?w=512,https://images.scrydex.com/pokemon/swsh11a_ja-76/medium,https://images.scrydex.com/pokemon/swsh12-172/medium,200,200,200,image/png,image/png,image/png,819344,134263,92665,512x714,365x512,367x512,OK,OK,OK,0.793,0.718,0.872,BORDERLINE,PASS
BS2022016079,마기아나 V,swsh11a_ja-79,swsh12-182,https://cards.image.pokemonkorea.co.kr/data/wmimages/S/S11a/S11a_079.png?w=512,https://images.scrydex.com/pokemon/swsh11a_ja-79/medium,https://images.scrydex.com/pokemon/swsh12-182/medium,200,200,200,image/png,image/png,image/png,823792,133339,98552,512x714,365x512,367x512,OK,OK,OK,0.918,0.893,0.92,OK,PASS
BS2022016080,칠색조 V,swsh11a_ja-80,swsh12-187,https://cards.image.pokemonkorea.co.kr/data/wmimages/S/S11a/S11a_080.png?w=512,https://images.scrydex.com/pokemon/swsh11a_ja-80/medium,https://images.scrydex.com/pokemon/swsh12-187/medium,200,200,200,image/png,image/png,image/png,840887,123598,90467,512x714,365x512,367x512,OK,OK,OK,0.945,0.931,0.926,OK,PASS
BS2021002075,네크로즈마 V,swsh5r_ja-75,swsh5-149,https://cards.image.pokemonkorea.co.kr/data/wmimages/S/S5/S5R_075.png?w=512,https://images.scrydex.com/pokemon/swsh5r_ja-75/medium,https://images.scrydex.com/pokemon/swsh5-149/medium,200,200,200,image/png,image/png,image/png,856295,129404,102014,512x714,365x512,367x512,OK,OK,OK,0.965,0.887,0.911,OK,PASS
BS2021004077,레파르다스 V,swsh6h_ja-77,swsh6-180,https://cards.image.pokemonkorea.co.kr/data/wmimages/S/S6/S6H_077.png?w=512,https://images.scrydex.com/pokemon/swsh6h_ja-77/medium,https://images.scrydex.com/pokemon/swsh6-180/medium,200,200,200,image/png,image/png,image/png,803522,130067,95252,512x714,365x512,367x512,OK,OK,OK,0.948,0.902,0.946,OK,PASS
BS2021011031,더스트나 VMAX,swsh7d_ja-31,swsh7-101,https://cards.image.pokemonkorea.co.kr/data/wmimages/S/S7/S7D_031.png?w=512,https://images.scrydex.com/pokemon/swsh7d_ja-31/medium,https://images.scrydex.com/pokemon/swsh7-101/medium,200,200,200,image/png,image/png,image/png,800040,135390,118183,512x714,365x512,367x512,OK,OK,OK,0.934,0.824,0.836,OK,PASS
BS2021018015,샹델라 VMAX,swsh8_ja-15,swsh8-40,https://cards.image.pokemonkorea.co.kr/data/wmimages/S/S8/S8_015.png?w=512,https://images.scrydex.com/pokemon/swsh8_ja-15/medium,https://images.scrydex.com/pokemon/swsh8-40/medium,200,200,200,image/png,image/png,image/png,880887,490458,135267,512x714,365x512,367x512,OK,OK,OK,0.928,0.927,0.967,OK,PASS
BS2020003065,자마젠타 V,swsh1h_ja-65,swsh1-196,https://cards.image.pokemonkorea.co.kr/data/wmimages/S/S1H/S1H_065.png?w=512,https://images.scrydex.com/pokemon/swsh1h_ja-65/medium,https://images.scrydex.com/pokemon/swsh1-196/medium,200,200,200,image/png,image/png,image/png,828426,135719,108396,512x714,365x512,367x512,OK,OK,OK,0.855,0.832,0.883,OK,PASS
BS2020012077,자루도 V,swsh3a_ja-77,swsh4-167,https://cards.image.pokemonkorea.co.kr/data/wmimages/S/S3a/S3a_077.png?w=512,https://images.scrydex.com/pokemon/swsh3a_ja-77/medium,https://images.scrydex.com/pokemon/swsh4-167/medium,200,200,200,image/png,image/png,image/png,824138,130104,109722,512x714,365x512,367x512,OK,OK,OK,0.931,0.875,0.878,OK,PASS
BS2020014107,드래피온 V,swsh4_ja-107,swsh4-175,https://cards.image.pokemonkorea.co.kr/data/wmimages/S/S4/S4_107.png?w=512,https://images.scrydex.com/pokemon/swsh4_ja-107/medium,https://images.scrydex.com/pokemon/swsh4-175/medium,200,200,200,image/png,image/png,image/png,793183,130979,96833,512x714,365x512,367x512,OK,OK,OK,0.89,0.851,0.904,OK,PASS
