officialCardCode,name,rarityCode,collectionNumber,productId,_ko_set_name,jpScrydexRef,enScrydexRef,superType,type
BS2025006099,로켓단의 트래피더,AR,099,PRD_FA31487748A24EAF9EE3,스칼렛&바이올렛 확장팩 「로켓단의 영광」,sv10_ja-99,,POKEMON,KO
BS2025007103,활화르바,AR,103,PRD_D52A4B350D2344119847,스칼렛&바이올렛 확장팩 「블랙볼트」,sv11b_ja-103,,POKEMON,KO
BS2025007111,늑골라,AR,111,PRD_D52A4B350D2344119847,스칼렛&바이올렛 확장팩 「블랙볼트」,sv11b_ja-111,,POKEMON,KO
BS2025007149,코바르온,AR,149,PRD_D52A4B350D2344119847,스칼렛&바이올렛 확장팩 「블랙볼트」,sv11b_ja-149,,POKEMON,KO
BS2025007150,터검니,AR,150,PRD_D52A4B350D2344119847,스칼렛&바이올렛 확장팩 「블랙볼트」,sv11b_ja-150,,POKEMON,KO
BS2025008155,바랜드,AR,155,PRD_53034524E98C4FE8BF8D,스칼렛&바이올렛 확장팩 「화이트플레어」,sv11w_ja-155,,POKEMON,KO
BS2025008158,토네로스,AR,158,PRD_53034524E98C4FE8BF8D,스칼렛&바이올렛 확장팩 「화이트플레어」,sv11w_ja-158,,POKEMON,KO
BS2025008159,엘풍 ex,SR,159,PRD_53034524E98C4FE8BF8D,스칼렛&바이올렛 확장팩 「화이트플레어」,sv11w_ja-159,,POKEMON,KO
BS2025008162,탱탱겔 ex,SR,162,PRD_53034524E98C4FE8BF8D,스칼렛&바이올렛 확장팩 「화이트플레어」,sv11w_ja-162,,POKEMON,KO
BS2025008167,엘풍 ex,SAR,167,PRD_53034524E98C4FE8BF8D,스칼렛&바이올렛 확장팩 「화이트플레어」,sv11w_ja-159,,POKEMON,KO
BS2025008170,탱탱겔 ex,SAR,170,PRD_53034524E98C4FE8BF8D,스칼렛&바이올렛 확장팩 「화이트플레어」,sv11w_ja-170,,POKEMON,KO
BS2025009074,깨비참,AR,074,PRD_488E92535E424D04B2B5,MEGA 확장팩 「메가브레이브」,m1l_ja-74,,POKEMON,KO
BS2025014096,로토무 ex,SR,096,PRD_DD94FB8DCB7C4A129478,MEGA 확장팩 「인페르노X」,m2_ja-96,,POKEMON,KO
BS2025014112,로토무 ex,SAR,112,PRD_DD94FB8DCB7C4A129478,MEGA 확장팩 「인페르노X」,m2_ja-112,,POKEMON,KO
BS2025015229,메가루차불 ex,MA,229,PRD_90A8D5BDA5664CEF9F48,MEGA 하이클래스팩 「MEGA 드림 ex」,m2a_ja-229,,POKEMON,KO
BS2024001337,시비꼬 ex,SSR,337,PRD_219AD0EF77CA4165AD0F,스칼렛&바이올렛 하이클래스팩 「샤이니트레저 ex」,sv4a_ja-337,,POKEMON,KO
BS2024004082,치라미,AR,082,PRD_171222A74859484783EB,스칼렛&바이올렛 확장팩 「와일드포스」,sv5k_ja-82,,POKEMON,KO
BS2024004083,치라치노,AR,083,PRD_171222A74859484783EB,스칼렛&바이올렛 확장팩 「와일드포스」,sv5k_ja-83,,POKEMON,KO
BS2024004089,날뛰는우레 ex,SR,089,PRD_171222A74859484783EB,스칼렛&바이올렛 확장팩 「와일드포스」,sv5k_ja-89,,POKEMON,KO
BS2024004095,날뛰는우레 ex,SAR,095,PRD_171222A74859484783EB,스칼렛&바이올렛 확장팩 「와일드포스」,sv5k_ja-95,,POKEMON,KO
BS2024004100,날뛰는우레 ex,UR,100,PRD_171222A74859484783EB,스칼렛&바이올렛 확장팩 「와일드포스」,sv5k_ja-100,,POKEMON,KO
BS2024007076,대코파스,AR,076,PRD_965FA5E5CD004C97AE74,스칼렛&바이올렛 강화 확장팩 「크림슨헤이즈」,sv5a_ja-76,,POKEMON,KO
BS2024008113,럭키,AR,113,PRD_980F0BFCCDBB47558BFA,스칼렛&바이올렛 확장팩 「변환의 가면」,sv6_ja-113,,POKEMON,KO
BS2024008121,해피너스 ex,SR,121,PRD_980F0BFCCDBB47558BFA,스칼렛&바이올렛 확장팩 「변환의 가면」,sv6_ja-121,,POKEMON,KO
BS2024011076,이븐곰,AR,076,PRD_7293190A22224C0598D5,스칼렛&바이올렛 강화 확장팩 「나이트원더러」,sv6a_ja-76,,POKEMON,KO
BS2024016081,알로라 나시 ex,SR,081,PRD_3FAB90CDEC7C43B6A8DF,스칼렛&바이올렛 강화 확장팩 「낙원드래고나」,sv7a_ja-81,,POKEMON,KO
BS2024016089,알로라 나시 ex,SAR,089,PRD_3FAB90CDEC7C43B6A8DF,스칼렛&바이올렛 강화 확장팩 「낙원드래고나」,sv7a_ja-89,,POKEMON,KO
BS2024016092,알로라 나시 ex,UR,092,PRD_3FAB90CDEC7C43B6A8DF,스칼렛&바이올렛 강화 확장팩 「낙원드래고나」,sv7a_ja-92,,POKEMON,KO
BS2024017112,레어코일,AR,112,PRD_0CC50B878F5F40BAA824,스칼렛&바이올렛 확장팩 「초전브레이커」,sv8_ja-112,sv8-59,POKEMON,KO
BS2024019222,날뛰는우레 ex,SAR,222,PRD_D26383A636BE42F09D6B,스칼렛&바이올렛 하이클래스팩 「테라스탈 페스타 ex」,sv8a_ja-222,,POKEMON,KO
BS2023001229,히스이 대검귀 V,SAR,229,PRD_B4F8E0D2E2414F1DBC9B,소드&실드 하이클래스팩 「VSTAR 유니버스」,swsh12a_ja-229,,POKEMON,KO
BS2023007089,떨구새,AR,089,PRD_5AD4DD681C694EAC8DDA,포켓몬 카드 게임 스칼렛&바이올렛 확장팩 「바이올렛 ex」,sv1v_ja-89,,POKEMON,KO
BS2023010075,나오하,AR,075,PRD_FC339076828C45ED9BA0,포켓몬 카드 게임 스칼렛&바이올렛 강화 확장팩 「트리플렛비트」,sv1a_ja-75,,POKEMON,KO
BS2023011089,시비꼬 ex,SR,089,PRD_514C148400944D8AA72F,스칼렛&바이올렛 확장팩 「스노해저드」,sv2p_ja-89,,POKEMON,KO
BS2023011094,시비꼬 ex,SAR,094,PRD_514C148400944D8AA72F,스칼렛&바이올렛 확장팩 「스노해저드」,sv2p_ja-94,,POKEMON,KO
BS2023012080,태깅구르,AR,080,PRD_66FB8C2B312E46E081B1,스칼렛&바이올렛 확장팩 「클레이버스트」,sv2d_ja-80,,POKEMON,KO
BS2023015127,부르르룸 ex,SR,127,PRD_C017B01380CF490A9480,스칼렛&바이올렛 확장팩 「흑염의 지배자」,sv3_ja-127,,POKEMON,KO
BS2023015135,부르르룸 ex,SAR,135,PRD_C017B01380CF490A9480,스칼렛&바이올렛 확장팩 「흑염의 지배자」,sv3_ja-135,,POKEMON,KO
BS2023020079,타부자고 ex,SR,079,PRD_B7309AB1FDF64E4EA6B1,스칼렛&바이올렛 강화 확장팩 「레이징서프」,sv3a_ja-79,,POKEMON,KO
BS2023020087,타부자고 ex,SAR,087,PRD_B7309AB1FDF64E4EA6B1,스칼렛&바이올렛 강화 확장팩 「레이징서프」,sv3a_ja-87,,POKEMON,KO
BS2023021072,비조도,AR,072,PRD_8E32996A2E964C128DBF,스칼렛&바이올렛 확장팩 「고대의 포효」,sv4k_ja-72,sv4-97,POKEMON,KO
BS2023021075,더스트나,AR,075,PRD_8E32996A2E964C128DBF,스칼렛&바이올렛 확장팩 「고대의 포효」,sv4k_ja-75,,POKEMON,KO
BS2023022077,폴리곤Z,AR,077,PRD_245223BF212C456385F3,스칼렛&바이올렛 확장팩 「미래의 일섬」,sv4m_ja-77,,POKEMON,KO
BS2022001120,레쿠쟈 VMAX,RRR,120,PRD_767E549F894445C98D52,소드&실드 하이클래스팩 「VMAX 클라이맥스」,swsh8b_ja-120,,POKEMON,KO
BS2022001123,두랄루돈 VMAX,RRR,123,PRD_767E549F894445C98D52,소드&실드 하이클래스팩 「VMAX 클라이맥스」,swsh8b_ja-123,,POKEMON,KO
BS2022001196,가디안,CHR,196,PRD_767E549F894445C98D52,소드&실드 하이클래스팩 「VMAX 클라이맥스」,swsh8b_ja-196,,POKEMON,KO
BS2022001198,야느와르몽,CHR,198,PRD_767E549F894445C98D52,소드&실드 하이클래스팩 「VMAX 클라이맥스」,swsh8b_ja-198,,POKEMON,KO
BS2022001201,마휘핑,CHR,201,PRD_767E549F894445C98D52,소드&실드 하이클래스팩 「VMAX 클라이맥스」,swsh8b_ja-201,,POKEMON,KO
BS2022001237,가라르 썬더 V,CSR,237,PRD_767E549F894445C98D52,소드&실드 하이클래스팩 「VMAX 클라이맥스」,swsh8b_ja-237,,POKEMON,KO
BS2022001251,자마젠타 V,CSR,251,PRD_767E549F894445C98D52,소드&실드 하이클래스팩 「VMAX 클라이맥스」,swsh8b_ja-251,,POKEMON,KO
BS2022001253,두랄루돈 VMAX,CSR,253,PRD_767E549F894445C98D52,소드&실드 하이클래스팩 「VMAX 클라이맥스」,swsh8b_ja-253,,POKEMON,KO
BS2022002050,엘풍 VSTAR,RRR,050,PRD_FA60964DC9AC4C999AC2,소드&실드 확장팩 「스타버스」,swsh9_ja-50,,POKEMON,KO
BS2022004123,히스이 대검귀 V,SR,078,PRD_B6A92B9A3823440F8F49,소드&실드 강화 확장팩 「배틀리전」,swsh9a_ja-78,,POKEMON,KO
BS2022007071,지라치 V,SR,071,PRD_A34AF524E977421D94D7,소드&실드 확장팩 「타임게이저」,swsh10d_ja-71,,POKEMON,KO
BS2022008076,하랑우탄 V,SR,076,PRD_7DF9CF9792C3451BBA08,소드&실드 확장팩 「스페이스 저글러」,swsh10p_ja-76,,POKEMON,KO
BS2022011129,러브로스 V,SR,080,PRD_554AB5D7D5A440D0AA2A,소드&실드 강화 확장팩 「다크판타스마」,swsh10a_ja-80,,POKEMON,KO
BS2022011137,러브로스 V,CSR,088,PRD_554AB5D7D5A440D0AA2A,소드&실드 강화 확장팩 「다크판타스마」,swsh10a_ja-88,,POKEMON,KO
BS2022014102,로토무 V,SR,103,PRD_D85C098E2C3449848167,소드&실드 확장팩 「로스트어비스」,swsh11_ja-103,,POKEMON,KO
BS2022014103,로토무 V,SR,104,PRD_D85C098E2C3449848167,소드&실드 확장팩 「로스트어비스」,swsh11_ja-104,,POKEMON,KO
BS2022016073,루브도,CHR,073,PRD_0C8B6847314E495B9C8E,소드&실드 강화 확장팩 「백열의 아르카나」,swsh11a_ja-73,,POKEMON,KO
BS2022016076,레시라무 V,SR,076,PRD_0C8B6847314E495B9C8E,소드&실드 강화 확장팩 「백열의 아르카나」,swsh11a_ja-76,,POKEMON,KO
BS2022016079,마기아나 V,SR,079,PRD_0C8B6847314E495B9C8E,소드&실드 강화 확장팩 「백열의 아르카나」,swsh11a_ja-79,,POKEMON,KO
BS2022016080,칠색조 V,SR,080,PRD_0C8B6847314E495B9C8E,소드&실드 강화 확장팩 「백열의 아르카나」,swsh11a_ja-80,,POKEMON,KO
BS2021002075,네크로즈마 V,SR,075,PRD_AD7B5C4F802F4D64BE90,소드&실드 확장팩 「연격마스터」,swsh5r_ja-75,,POKEMON,KO
BS2021004077,레파르다스 V,SR,077,PRD_83E04A9A71A74A88AB44,소드&실드 확장팩 「백은의 랜스」,swsh6h_ja-77,,POKEMON,KO
BS2021011031,더스트나 VMAX,RRR,031,PRD_BCB8045CC957488BB992,소드&실드 확장팩 「마천퍼펙트」,swsh7d_ja-31,,POKEMON,KO
BS2021011049,두랄루돈 VMAX,RRR,049,PRD_BCB8045CC957488BB992,소드&실드 확장팩 「마천퍼펙트」,swsh7d_ja-49,,POKEMON,KO
BS2021012047,레쿠쟈 VMAX,RRR,047,PRD_3AD5C945B465480BA36C,소드 & 실드   확장팩   「창공스트림」,swsh7r_ja-47,,POKEMON,KO
BS2021015022,공중날기 피카츄 VMAX,RRR,022,PRD_86CB08E319C24F4E9766,소드&실드 확장팩 「25th ANNIVERSARY COLLECTION」,swsh8a_ja-22,,POKEMON,KO
BS2021015024,파도타기 피카츄 VMAX,RRR,024,PRD_86CB08E319C24F4E9766,소드&실드 확장팩 「25th ANNIVERSARY COLLECTION」,swsh8a_ja-24,,POKEMON,KO
BS2021018015,샹델라 VMAX,RRR,015,PRD_3BEB5A9863D54FE7BE25,소드&실드 확장팩 「퓨전아츠」,swsh8_ja-15,,POKEMON,KO
BS2020003065,자마젠타 V,SR,065,PRD_FC1A7B5927A44298A2A2,소드&실드 확장팩 「실드」,swsh1h_ja-65,,POKEMON,KO
BS2020011107,핫삼 V,SR,107,PRD_91D480C53D3248F79831,소드&실드 확장팩 「무한존」,swsh3_ja-107,,POKEMON,KO
BS2020012033,자시안,A,033,PRD_0A7EE93DE4014CF7A4B6,소드&실드 강화 확장팩 「전설의 고동」,swsh3a_ja-33,,POKEMON,KO
BS2020012044,자마젠타,A,044,PRD_0A7EE93DE4014CF7A4B6,소드&실드 강화 확장팩 「전설의 고동」,swsh3a_ja-44,,POKEMON,KO
BS2020012050,지라치,A,050,PRD_0A7EE93DE4014CF7A4B6,소드&실드 강화 확장팩 「전설의 고동」,swsh3a_ja-50,,POKEMON,KO
BS2020012056,레쿠쟈,A,056,PRD_0A7EE93DE4014CF7A4B6,소드&실드 강화 확장팩 「전설의 고동」,swsh3a_ja-56,,POKEMON,KO
BS2020012077,자루도 V,SR,077,PRD_0A7EE93DE4014CF7A4B6,소드&실드 강화 확장팩 「전설의 고동」,swsh3a_ja-77,,POKEMON,KO
BS2020014107,드래피온 V,SR,107,PRD_32C23D5FA71F45ADB572,소드&실드 확장팩 「앙천의 볼트태클」,swsh4_ja-107,,POKEMON,KO
BS2020016323,메타몽 V,SSR,323,PRD_595A32AA23664B6ABD92,소드&실드 하이클래스팩 「샤이니스타 V」,swsh4a_ja-323,,POKEMON,KO
