card_ref,date,jp_raw_usd,jp_raw_krw,rarity,coeff,v6_ko,chart_price,source
m5_ja-4,2026-06-06,0.95,1441,RR,0.387712,559,561,SCRYDEX_JP_HISTORY
m5_ja-4,2026-06-07,0.94,1426,RR,0.387712,553,557,SCRYDEX_JP_HISTORY
m5_ja-4,2026-06-08,0.81,1229,RR,0.387712,476,479,SCRYDEX_JP_HISTORY
m5_ja-4,2026-06-09,0.75,1138,RR,0.387712,441,435,SCRYDEX_JP_HISTORY
m5_ja-4,2026-06-10,0.75,1138,RR,0.387712,441,438,SCRYDEX_JP_HISTORY
m5_ja-4,2026-06-11,0.69,1047,RR,0.387712,406,401,SCRYDEX_JP_HISTORY
m5_ja-4,2026-06-12,0.64,971,RR,0.387712,376,377,SCRYDEX_JP_HISTORY
m5_ja-4,2026-06-13,0.63,956,RR,0.387712,371,370,SCRYDEX_JP_HISTORY
m5_ja-4,2026-06-14,0.56,850,RR,0.387712,330,332,SCRYDEX_JP_HISTORY
m5_ja-4,2026-06-15,0.55,834,RR,0.387712,323,324,SCRYDEX_JP_HISTORY
m5_ja-4,2026-06-16,0.56,850,RR,0.387712,330,331,SCRYDEX_JP_HISTORY
m5_ja-4,2026-06-17,0.56,850,RR,0.387712,330,327,SCRYDEX_JP_HISTORY
m5_ja-4,2026-06-18,0.56,850,RR,0.387712,330,330,SCRYDEX_JP_HISTORY
m5_ja-4,2026-06-19,0.54,819,RR,0.387712,318,314,SCRYDEX_JP_HISTORY
m5_ja-15,2026-06-06,0.79,1198,RR,0.387712,464,464,SCRYDEX_JP_HISTORY
m5_ja-15,2026-06-07,0.77,1168,RR,0.387712,453,457,SCRYDEX_JP_HISTORY
m5_ja-15,2026-06-08,0.78,1183,RR,0.387712,459,456,SCRYDEX_JP_HISTORY
m5_ja-15,2026-06-09,0.77,1168,RR,0.387712,453,448,SCRYDEX_JP_HISTORY
m5_ja-15,2026-06-10,0.77,1168,RR,0.387712,453,451,SCRYDEX_JP_HISTORY
m5_ja-15,2026-06-11,0.83,1259,RR,0.387712,488,482,SCRYDEX_JP_HISTORY
m5_ja-15,2026-06-12,0.83,1259,RR,0.387712,488,486,SCRYDEX_JP_HISTORY
m5_ja-15,2026-06-13,0.83,1259,RR,0.387712,488,493,SCRYDEX_JP_HISTORY
m5_ja-15,2026-06-14,0.7,1062,RR,0.387712,412,408,SCRYDEX_JP_HISTORY
m5_ja-15,2026-06-15,0.74,1123,RR,0.387712,435,432,SCRYDEX_JP_HISTORY
m5_ja-15,2026-06-16,0.66,1001,RR,0.387712,388,391,SCRYDEX_JP_HISTORY
m5_ja-15,2026-06-17,0.68,1032,RR,0.387712,400,396,SCRYDEX_JP_HISTORY
m5_ja-15,2026-06-18,0.67,1016,RR,0.387712,394,389,SCRYDEX_JP_HISTORY
m5_ja-15,2026-06-19,0.65,986,RR,0.387712,382,379,SCRYDEX_JP_HISTORY
m5_ja-26,2026-06-06,0.95,1441,RR,0.387712,559,566,SCRYDEX_JP_HISTORY
m5_ja-26,2026-06-07,0.96,1456,RR,0.387712,565,565,SCRYDEX_JP_HISTORY
m5_ja-26,2026-06-08,0.94,1426,RR,0.387712,553,561,SCRYDEX_JP_HISTORY
m5_ja-26,2026-06-09,0.87,1320,RR,0.387712,512,519,SCRYDEX_JP_HISTORY
m5_ja-26,2026-06-10,0.87,1320,RR,0.387712,512,506,SCRYDEX_JP_HISTORY
m5_ja-26,2026-06-11,0.95,1441,RR,0.387712,559,567,SCRYDEX_JP_HISTORY
m5_ja-26,2026-06-12,0.92,1396,RR,0.387712,541,541,SCRYDEX_JP_HISTORY
m5_ja-26,2026-06-13,0.93,1411,RR,0.387712,547,541,SCRYDEX_JP_HISTORY
m5_ja-26,2026-06-14,0.93,1411,RR,0.387712,547,546,SCRYDEX_JP_HISTORY
m5_ja-26,2026-06-15,0.97,1471,RR,0.387712,570,563,SCRYDEX_JP_HISTORY
m5_ja-26,2026-06-16,0.87,1320,RR,0.387712,512,516,SCRYDEX_JP_HISTORY
m5_ja-26,2026-06-17,0.88,1335,RR,0.387712,518,519,SCRYDEX_JP_HISTORY
m5_ja-26,2026-06-18,0.89,1350,RR,0.387712,523,517,SCRYDEX_JP_HISTORY
m5_ja-26,2026-06-19,0.89,1350,RR,0.387712,523,519,SCRYDEX_JP_HISTORY
m5_ja-36,2026-06-06,0.91,1380,RR,0.387712,535,541,SCRYDEX_JP_HISTORY
m5_ja-36,2026-06-07,0.94,1426,RR,0.387712,553,551,SCRYDEX_JP_HISTORY
m5_ja-36,2026-06-08,0.78,1183,RR,0.387712,459,460,SCRYDEX_JP_HISTORY
m5_ja-36,2026-06-09,0.78,1183,RR,0.387712,459,464,SCRYDEX_JP_HISTORY
m5_ja-36,2026-06-10,0.78,1183,RR,0.387712,459,455,SCRYDEX_JP_HISTORY
m5_ja-36,2026-06-11,0.76,1153,RR,0.387712,447,447,SCRYDEX_JP_HISTORY
m5_ja-36,2026-06-12,0.8,1214,RR,0.387712,471,472,SCRYDEX_JP_HISTORY
m5_ja-36,2026-06-13,0.79,1198,RR,0.387712,464,470,SCRYDEX_JP_HISTORY
m5_ja-36,2026-06-14,0.82,1244,RR,0.387712,482,475,SCRYDEX_JP_HISTORY
m5_ja-36,2026-06-15,0.81,1229,RR,0.387712,476,470,SCRYDEX_JP_HISTORY
m5_ja-36,2026-06-16,0.75,1138,RR,0.387712,441,439,SCRYDEX_JP_HISTORY
m5_ja-36,2026-06-17,0.69,1047,RR,0.387712,406,410,SCRYDEX_JP_HISTORY
m5_ja-36,2026-06-18,0.67,1016,RR,0.387712,394,398,SCRYDEX_JP_HISTORY
m5_ja-36,2026-06-19,0.68,1032,RR,0.387712,400,396,SCRYDEX_JP_HISTORY
m5_ja-43,2026-06-06,1.39,2109,RR,0.387712,818,808,SCRYDEX_JP_HISTORY
m5_ja-43,2026-06-07,1.19,1805,RR,0.387712,700,708,SCRYDEX_JP_HISTORY
m5_ja-43,2026-06-08,1.08,1638,RR,0.387712,635,629,SCRYDEX_JP_HISTORY
m5_ja-43,2026-06-09,1.03,1563,RR,0.387712,606,597,SCRYDEX_JP_HISTORY
m5_ja-43,2026-06-10,1.03,1563,RR,0.387712,606,610,SCRYDEX_JP_HISTORY
m5_ja-43,2026-06-11,0.87,1320,RR,0.387712,512,507,SCRYDEX_JP_HISTORY
m5_ja-43,2026-06-12,0.82,1244,RR,0.387712,482,479,SCRYDEX_JP_HISTORY
m5_ja-43,2026-06-13,0.76,1153,RR,0.387712,447,448,SCRYDEX_JP_HISTORY
m5_ja-43,2026-06-14,0.68,1032,RR,0.387712,400,405,SCRYDEX_JP_HISTORY
m5_ja-43,2026-06-15,0.72,1092,RR,0.387712,423,417,SCRYDEX_JP_HISTORY
m5_ja-43,2026-06-16,0.63,956,RR,0.387712,371,373,SCRYDEX_JP_HISTORY
m5_ja-43,2026-06-17,0.63,956,RR,0.387712,371,366,SCRYDEX_JP_HISTORY
m5_ja-43,2026-06-18,0.61,925,RR,0.387712,359,362,SCRYDEX_JP_HISTORY
m5_ja-43,2026-06-19,0.61,925,RR,0.387712,359,358,SCRYDEX_JP_HISTORY
m5_ja-46,2026-06-06,1.38,2093,RR,0.387712,811,801,SCRYDEX_JP_HISTORY
m5_ja-46,2026-06-07,1.38,2093,RR,0.387712,811,808,SCRYDEX_JP_HISTORY
m5_ja-46,2026-06-08,1.38,2093,RR,0.387712,811,815,SCRYDEX_JP_HISTORY
m5_ja-46,2026-06-09,1.54,2336,RR,0.387712,906,896,SCRYDEX_JP_HISTORY
m5_ja-46,2026-06-10,1.54,2336,RR,0.387712,906,903,SCRYDEX_JP_HISTORY
m5_ja-46,2026-06-11,1.39,2109,RR,0.387712,818,825,SCRYDEX_JP_HISTORY
m5_ja-46,2026-06-12,1.44,2184,RR,0.387712,847,855,SCRYDEX_JP_HISTORY
m5_ja-46,2026-06-13,1.48,2245,RR,0.387712,870,876,SCRYDEX_JP_HISTORY
m5_ja-46,2026-06-14,1.53,2321,RR,0.387712,900,899,SCRYDEX_JP_HISTORY
m5_ja-46,2026-06-15,1.58,2397,RR,0.387712,929,935,SCRYDEX_JP_HISTORY
m5_ja-46,2026-06-16,1.56,2367,RR,0.387712,918,908,SCRYDEX_JP_HISTORY
m5_ja-46,2026-06-17,1.54,2336,RR,0.387712,906,903,SCRYDEX_JP_HISTORY
m5_ja-46,2026-06-18,1.47,2230,RR,0.387712,865,860,SCRYDEX_JP_HISTORY
m5_ja-46,2026-06-19,1.4,2124,RR,0.387712,824,815,SCRYDEX_JP_HISTORY
m5_ja-53,2026-06-06,1.24,1881,RR,0.387712,729,719,SCRYDEX_JP_HISTORY
m5_ja-53,2026-06-07,1.12,1699,RR,0.387712,659,650,SCRYDEX_JP_HISTORY
m5_ja-53,2026-06-08,1.05,1593,RR,0.387712,618,627,SCRYDEX_JP_HISTORY
m5_ja-53,2026-06-09,0.93,1411,RR,0.387712,547,545,SCRYDEX_JP_HISTORY
m5_ja-53,2026-06-10,0.93,1411,RR,0.387712,547,544,SCRYDEX_JP_HISTORY
m5_ja-53,2026-06-11,0.94,1426,RR,0.387712,553,556,SCRYDEX_JP_HISTORY
m5_ja-53,2026-06-12,0.85,1289,RR,0.387712,500,503,SCRYDEX_JP_HISTORY
m5_ja-53,2026-06-13,0.83,1259,RR,0.387712,488,494,SCRYDEX_JP_HISTORY
m5_ja-53,2026-06-14,0.76,1153,RR,0.387712,447,453,SCRYDEX_JP_HISTORY
m5_ja-53,2026-06-15,0.7,1062,RR,0.387712,412,407,SCRYDEX_JP_HISTORY
m5_ja-53,2026-06-16,0.72,1092,RR,0.387712,423,420,SCRYDEX_JP_HISTORY
m5_ja-53,2026-06-17,0.67,1016,RR,0.387712,394,393,SCRYDEX_JP_HISTORY
m5_ja-53,2026-06-18,0.68,1032,RR,0.387712,400,398,SCRYDEX_JP_HISTORY
m5_ja-53,2026-06-19,0.67,1016,RR,0.387712,394,395,SCRYDEX_JP_HISTORY
m5_ja-63,2026-06-06,0.59,895,RR,0.387712,347,349,SCRYDEX_JP_HISTORY
m5_ja-63,2026-06-07,0.64,971,RR,0.387712,376,371,SCRYDEX_JP_HISTORY
m5_ja-63,2026-06-08,0.65,986,RR,0.387712,382,379,SCRYDEX_JP_HISTORY
m5_ja-63,2026-06-09,0.66,1001,RR,0.387712,388,389,SCRYDEX_JP_HISTORY
m5_ja-63,2026-06-10,0.66,1001,RR,0.387712,388,389,SCRYDEX_JP_HISTORY
m5_ja-63,2026-06-11,0.65,986,RR,0.387712,382,385,SCRYDEX_JP_HISTORY
m5_ja-63,2026-06-12,0.63,956,RR,0.387712,371,366,SCRYDEX_JP_HISTORY
m5_ja-63,2026-06-13,0.6,910,RR,0.387712,353,355,SCRYDEX_JP_HISTORY
m5_ja-63,2026-06-14,0.6,910,RR,0.387712,353,350,SCRYDEX_JP_HISTORY
m5_ja-63,2026-06-15,0.51,774,RR,0.387712,300,299,SCRYDEX_JP_HISTORY
m5_ja-63,2026-06-16,0.46,698,RR,0.387712,271,268,SCRYDEX_JP_HISTORY
m5_ja-63,2026-06-17,0.46,698,RR,0.387712,271,271,SCRYDEX_JP_HISTORY
m5_ja-63,2026-06-18,0.48,728,RR,0.387712,282,280,SCRYDEX_JP_HISTORY
m5_ja-63,2026-06-19,0.48,728,RR,0.387712,282,283,SCRYDEX_JP_HISTORY
m5_ja-82,2026-06-06,6.71,10179,AR,0.27933,2843,2821,SCRYDEX_JP_HISTORY
m5_ja-82,2026-06-07,6.67,10118,AR,0.27933,2826,2860,SCRYDEX_JP_HISTORY
m5_ja-82,2026-06-08,6.66,10103,AR,0.27933,2822,2807,SCRYDEX_JP_HISTORY
m5_ja-82,2026-06-09,6.62,10043,AR,0.27933,2805,2838,SCRYDEX_JP_HISTORY
m5_ja-82,2026-06-10,6.62,10043,AR,0.27933,2805,2841,SCRYDEX_JP_HISTORY
m5_ja-82,2026-06-11,6.6,10012,AR,0.27933,2797,2811,SCRYDEX_JP_HISTORY
m5_ja-82,2026-06-12,6.56,9952,AR,0.27933,2780,2761,SCRYDEX_JP_HISTORY
m5_ja-82,2026-06-13,6.58,9982,AR,0.27933,2788,2751,SCRYDEX_JP_HISTORY
m5_ja-82,2026-06-14,6.56,9952,AR,0.27933,2780,2821,SCRYDEX_JP_HISTORY
m5_ja-82,2026-06-15,6.52,9891,AR,0.27933,2763,2798,SCRYDEX_JP_HISTORY
m5_ja-82,2026-06-16,6.51,9876,AR,0.27933,2759,2758,SCRYDEX_JP_HISTORY
m5_ja-82,2026-06-17,6.45,9785,AR,0.27933,2733,2697,SCRYDEX_JP_HISTORY
m5_ja-82,2026-06-18,6.46,9800,AR,0.27933,2737,2758,SCRYDEX_JP_HISTORY
m5_ja-82,2026-06-19,6.5,9860,AR,0.27933,2754,2737,SCRYDEX_JP_HISTORY
m5_ja-83,2026-06-06,5.38,8161,AR,0.27933,2280,2276,SCRYDEX_JP_HISTORY
m5_ja-83,2026-06-07,5.33,8086,AR,0.27933,2259,2292,SCRYDEX_JP_HISTORY
m5_ja-83,2026-06-08,5.18,7858,AR,0.27933,2195,2223,SCRYDEX_JP_HISTORY
m5_ja-83,2026-06-09,5.07,7691,AR,0.27933,2148,2170,SCRYDEX_JP_HISTORY
m5_ja-83,2026-06-10,5.07,7691,AR,0.27933,2148,2121,SCRYDEX_JP_HISTORY
m5_ja-83,2026-06-11,5.03,7631,AR,0.27933,2132,2142,SCRYDEX_JP_HISTORY
m5_ja-83,2026-06-12,5.23,7934,AR,0.27933,2216,2223,SCRYDEX_JP_HISTORY
m5_ja-83,2026-06-13,5.2,7888,AR,0.27933,2203,2217,SCRYDEX_JP_HISTORY
m5_ja-83,2026-06-14,5.19,7873,AR,0.27933,2199,2167,SCRYDEX_JP_HISTORY
m5_ja-83,2026-06-15,5.25,7964,AR,0.27933,2225,2253,SCRYDEX_JP_HISTORY
m5_ja-83,2026-06-16,5.57,8450,AR,0.27933,2360,2337,SCRYDEX_JP_HISTORY
m5_ja-83,2026-06-17,5.85,8874,AR,0.27933,2479,2442,SCRYDEX_JP_HISTORY
m5_ja-83,2026-06-18,5.98,9072,AR,0.27933,2534,2546,SCRYDEX_JP_HISTORY
m5_ja-83,2026-06-19,5.97,9056,AR,0.27933,2530,2548,SCRYDEX_JP_HISTORY
m5_ja-84,2026-06-06,8.43,12788,AR,0.27933,3572,3533,SCRYDEX_JP_HISTORY
m5_ja-84,2026-06-07,8.87,13456,AR,0.27933,3759,3713,SCRYDEX_JP_HISTORY
m5_ja-84,2026-06-08,9.57,14518,AR,0.27933,4055,4049,SCRYDEX_JP_HISTORY
m5_ja-84,2026-06-09,11.24,17051,AR,0.27933,4763,4695,SCRYDEX_JP_HISTORY
m5_ja-84,2026-06-10,11.24,17051,AR,0.27933,4763,4822,SCRYDEX_JP_HISTORY
m5_ja-84,2026-06-11,13.78,20904,AR,0.27933,5839,5896,SCRYDEX_JP_HISTORY
m5_ja-84,2026-06-12,14.16,21481,AR,0.27933,6000,5938,SCRYDEX_JP_HISTORY
m5_ja-84,2026-06-13,14.07,21344,AR,0.27933,5962,6029,SCRYDEX_JP_HISTORY
m5_ja-84,2026-06-14,14.39,21830,AR,0.27933,6098,6185,SCRYDEX_JP_HISTORY
m5_ja-84,2026-06-15,14.39,21830,AR,0.27933,6098,6147,SCRYDEX_JP_HISTORY
m5_ja-84,2026-06-16,14.26,21632,AR,0.27933,6042,6092,SCRYDEX_JP_HISTORY
m5_ja-84,2026-06-17,14.39,21830,AR,0.27933,6098,6028,SCRYDEX_JP_HISTORY
m5_ja-84,2026-06-18,14.3,21693,AR,0.27933,6060,6012,SCRYDEX_JP_HISTORY
m5_ja-84,2026-06-19,13.78,20904,AR,0.27933,5839,5835,SCRYDEX_JP_HISTORY
m5_ja-85,2026-06-06,5.96,9041,AR,0.27933,2525,2509,SCRYDEX_JP_HISTORY
m5_ja-85,2026-06-07,5.96,9041,AR,0.27933,2525,2496,SCRYDEX_JP_HISTORY
m5_ja-85,2026-06-08,6.02,9132,AR,0.27933,2551,2538,SCRYDEX_JP_HISTORY
m5_ja-85,2026-06-09,6.38,9678,AR,0.27933,2703,2687,SCRYDEX_JP_HISTORY
m5_ja-85,2026-06-10,6.38,9678,AR,0.27933,2703,2686,SCRYDEX_JP_HISTORY
m5_ja-85,2026-06-11,6.48,9830,AR,0.27933,2746,2787,SCRYDEX_JP_HISTORY
m5_ja-85,2026-06-12,6.49,9845,AR,0.27933,2750,2758,SCRYDEX_JP_HISTORY
m5_ja-85,2026-06-13,6.63,10058,AR,0.27933,2810,2841,SCRYDEX_JP_HISTORY
m5_ja-85,2026-06-14,6.85,10391,AR,0.27933,2903,2915,SCRYDEX_JP_HISTORY
m5_ja-85,2026-06-15,7.04,10680,AR,0.27933,2983,3026,SCRYDEX_JP_HISTORY
m5_ja-85,2026-06-16,7.07,10725,AR,0.27933,2996,2995,SCRYDEX_JP_HISTORY
m5_ja-85,2026-06-17,6.93,10513,AR,0.27933,2937,2935,SCRYDEX_JP_HISTORY
m5_ja-85,2026-06-18,6.89,10452,AR,0.27933,2920,2900,SCRYDEX_JP_HISTORY
m5_ja-85,2026-06-19,6.76,10255,AR,0.27933,2865,2843,SCRYDEX_JP_HISTORY
m5_ja-86,2026-06-06,3.32,5036,AR,0.27933,1407,1424,SCRYDEX_JP_HISTORY
m5_ja-86,2026-06-07,3.21,4870,AR,0.27933,1360,1359,SCRYDEX_JP_HISTORY
m5_ja-86,2026-06-08,3.2,4854,AR,0.27933,1356,1362,SCRYDEX_JP_HISTORY
m5_ja-86,2026-06-09,3.21,4870,AR,0.27933,1360,1378,SCRYDEX_JP_HISTORY
m5_ja-86,2026-06-10,3.21,4870,AR,0.27933,1360,1361,SCRYDEX_JP_HISTORY
m5_ja-86,2026-06-11,3.17,4809,AR,0.27933,1343,1330,SCRYDEX_JP_HISTORY
m5_ja-86,2026-06-12,3.17,4809,AR,0.27933,1343,1351,SCRYDEX_JP_HISTORY
m5_ja-86,2026-06-13,3.14,4763,AR,0.27933,1330,1342,SCRYDEX_JP_HISTORY
m5_ja-86,2026-06-14,3.08,4672,AR,0.27933,1305,1322,SCRYDEX_JP_HISTORY
m5_ja-86,2026-06-15,3.11,4718,AR,0.27933,1318,1315,SCRYDEX_JP_HISTORY
m5_ja-86,2026-06-16,3.19,4839,AR,0.27933,1352,1337,SCRYDEX_JP_HISTORY
m5_ja-86,2026-06-17,3.14,4763,AR,0.27933,1330,1337,SCRYDEX_JP_HISTORY
m5_ja-86,2026-06-18,3.15,4779,AR,0.27933,1335,1347,SCRYDEX_JP_HISTORY
m5_ja-86,2026-06-19,3.31,5021,AR,0.27933,1403,1384,SCRYDEX_JP_HISTORY
m5_ja-87,2026-06-06,19.2,29126,AR,0.27933,8136,8212,SCRYDEX_JP_HISTORY
m5_ja-87,2026-06-07,19.52,29612,AR,0.27933,8272,8356,SCRYDEX_JP_HISTORY
m5_ja-87,2026-06-08,19.77,29991,AR,0.27933,8377,8269,SCRYDEX_JP_HISTORY
m5_ja-87,2026-06-09,19.72,29915,AR,0.27933,8356,8386,SCRYDEX_JP_HISTORY
m5_ja-87,2026-06-10,19.72,29915,AR,0.27933,8356,8257,SCRYDEX_JP_HISTORY
m5_ja-87,2026-06-11,19.47,29536,AR,0.27933,8250,8255,SCRYDEX_JP_HISTORY
m5_ja-87,2026-06-12,19.39,29415,AR,0.27933,8216,8125,SCRYDEX_JP_HISTORY
m5_ja-87,2026-06-13,19.43,29475,AR,0.27933,8233,8251,SCRYDEX_JP_HISTORY
m5_ja-87,2026-06-14,20.19,30628,AR,0.27933,8555,8498,SCRYDEX_JP_HISTORY
m5_ja-87,2026-06-15,20.24,30704,AR,0.27933,8577,8574,SCRYDEX_JP_HISTORY
m5_ja-87,2026-06-16,20.07,30446,AR,0.27933,8504,8535,SCRYDEX_JP_HISTORY
m5_ja-87,2026-06-17,19.81,30052,AR,0.27933,8394,8465,SCRYDEX_JP_HISTORY
m5_ja-87,2026-06-18,19.38,29399,AR,0.27933,8212,8203,SCRYDEX_JP_HISTORY
m5_ja-87,2026-06-19,18.69,28353,AR,0.27933,7920,7836,SCRYDEX_JP_HISTORY
m5_ja-88,2026-06-06,4.44,6735,AR,0.27933,1881,1871,SCRYDEX_JP_HISTORY
m5_ja-88,2026-06-07,4.21,6387,AR,0.27933,1784,1780,SCRYDEX_JP_HISTORY
m5_ja-88,2026-06-08,4.25,6447,AR,0.27933,1801,1792,SCRYDEX_JP_HISTORY
m5_ja-88,2026-06-09,4.11,6235,AR,0.27933,1742,1727,SCRYDEX_JP_HISTORY
m5_ja-88,2026-06-10,4.11,6235,AR,0.27933,1742,1767,SCRYDEX_JP_HISTORY
m5_ja-88,2026-06-11,4.19,6356,AR,0.27933,1775,1767,SCRYDEX_JP_HISTORY
m5_ja-88,2026-06-12,4.22,6402,AR,0.27933,1788,1761,SCRYDEX_JP_HISTORY
m5_ja-88,2026-06-13,4.31,6538,AR,0.27933,1826,1812,SCRYDEX_JP_HISTORY
m5_ja-88,2026-06-14,4.32,6553,AR,0.27933,1830,1845,SCRYDEX_JP_HISTORY
m5_ja-88,2026-06-15,4.46,6766,AR,0.27933,1890,1903,SCRYDEX_JP_HISTORY
m5_ja-88,2026-06-16,4.27,6478,AR,0.27933,1809,1808,SCRYDEX_JP_HISTORY
m5_ja-88,2026-06-17,4.19,6356,AR,0.27933,1775,1751,SCRYDEX_JP_HISTORY
m5_ja-88,2026-06-18,4.13,6265,AR,0.27933,1750,1741,SCRYDEX_JP_HISTORY
m5_ja-88,2026-06-19,4.13,6265,AR,0.27933,1750,1772,SCRYDEX_JP_HISTORY
m5_ja-89,2026-06-06,4.63,7024,AR,0.27933,1962,1983,SCRYDEX_JP_HISTORY
m5_ja-89,2026-06-07,4.65,7054,AR,0.27933,1970,1951,SCRYDEX_JP_HISTORY
m5_ja-89,2026-06-08,4.51,6842,AR,0.27933,1911,1884,SCRYDEX_JP_HISTORY
m5_ja-89,2026-06-09,4.32,6553,AR,0.27933,1830,1850,SCRYDEX_JP_HISTORY
m5_ja-89,2026-06-10,4.32,6553,AR,0.27933,1830,1853,SCRYDEX_JP_HISTORY
m5_ja-89,2026-06-11,3.89,5901,AR,0.27933,1648,1641,SCRYDEX_JP_HISTORY
m5_ja-89,2026-06-12,3.64,5522,AR,0.27933,1542,1535,SCRYDEX_JP_HISTORY
m5_ja-89,2026-06-13,3.69,5598,AR,0.27933,1564,1575,SCRYDEX_JP_HISTORY
m5_ja-89,2026-06-14,3.64,5522,AR,0.27933,1542,1552,SCRYDEX_JP_HISTORY
m5_ja-89,2026-06-15,3.77,5719,AR,0.27933,1597,1587,SCRYDEX_JP_HISTORY
m5_ja-89,2026-06-16,3.72,5643,AR,0.27933,1576,1555,SCRYDEX_JP_HISTORY
m5_ja-89,2026-06-17,3.74,5674,AR,0.27933,1585,1567,SCRYDEX_JP_HISTORY
m5_ja-89,2026-06-18,3.45,5234,AR,0.27933,1462,1452,SCRYDEX_JP_HISTORY
m5_ja-89,2026-06-19,3.48,5279,AR,0.27933,1475,1454,SCRYDEX_JP_HISTORY
m5_ja-90,2026-06-06,3.84,5825,AR,0.27933,1627,1612,SCRYDEX_JP_HISTORY
m5_ja-90,2026-06-07,3.72,5643,AR,0.27933,1576,1592,SCRYDEX_JP_HISTORY
m5_ja-90,2026-06-08,3.57,5416,AR,0.27933,1513,1508,SCRYDEX_JP_HISTORY
m5_ja-90,2026-06-09,3.19,4839,AR,0.27933,1352,1358,SCRYDEX_JP_HISTORY
m5_ja-90,2026-06-10,3.19,4839,AR,0.27933,1352,1348,SCRYDEX_JP_HISTORY
m5_ja-90,2026-06-11,3.13,4748,AR,0.27933,1326,1345,SCRYDEX_JP_HISTORY
m5_ja-90,2026-06-12,3.15,4779,AR,0.27933,1335,1328,SCRYDEX_JP_HISTORY
m5_ja-90,2026-06-13,3.23,4900,AR,0.27933,1369,1384,SCRYDEX_JP_HISTORY
m5_ja-90,2026-06-14,2.99,4536,AR,0.27933,1267,1281,SCRYDEX_JP_HISTORY
m5_ja-90,2026-06-15,2.84,4308,AR,0.27933,1203,1208,SCRYDEX_JP_HISTORY
m5_ja-90,2026-06-16,2.67,4050,AR,0.27933,1131,1117,SCRYDEX_JP_HISTORY
m5_ja-90,2026-06-17,2.55,3868,AR,0.27933,1080,1094,SCRYDEX_JP_HISTORY
m5_ja-90,2026-06-18,2.52,3823,AR,0.27933,1068,1057,SCRYDEX_JP_HISTORY
m5_ja-90,2026-06-19,2.53,3838,AR,0.27933,1072,1059,SCRYDEX_JP_HISTORY
m5_ja-91,2026-06-06,3.99,6053,AR,0.27933,1691,1685,SCRYDEX_JP_HISTORY
m5_ja-91,2026-06-07,4.04,6129,AR,0.27933,1712,1688,SCRYDEX_JP_HISTORY
m5_ja-91,2026-06-08,4.04,6129,AR,0.27933,1712,1726,SCRYDEX_JP_HISTORY
m5_ja-91,2026-06-09,3.78,5734,AR,0.27933,1602,1585,SCRYDEX_JP_HISTORY
m5_ja-91,2026-06-10,3.78,5734,AR,0.27933,1602,1619,SCRYDEX_JP_HISTORY
m5_ja-91,2026-06-11,3.65,5537,AR,0.27933,1547,1562,SCRYDEX_JP_HISTORY
m5_ja-91,2026-06-12,3.64,5522,AR,0.27933,1542,1559,SCRYDEX_JP_HISTORY
m5_ja-91,2026-06-13,3.47,5264,AR,0.27933,1470,1450,SCRYDEX_JP_HISTORY
m5_ja-91,2026-06-14,3.46,5249,AR,0.27933,1466,1458,SCRYDEX_JP_HISTORY
m5_ja-91,2026-06-15,3.48,5279,AR,0.27933,1475,1455,SCRYDEX_JP_HISTORY
m5_ja-91,2026-06-16,3.59,5446,AR,0.27933,1521,1500,SCRYDEX_JP_HISTORY
m5_ja-91,2026-06-17,3.47,5264,AR,0.27933,1470,1467,SCRYDEX_JP_HISTORY
m5_ja-91,2026-06-18,3.38,5127,AR,0.27933,1432,1436,SCRYDEX_JP_HISTORY
m5_ja-91,2026-06-19,3.26,4945,AR,0.27933,1381,1362,SCRYDEX_JP_HISTORY
m5_ja-92,2026-06-06,3.25,4930,AR,0.27933,1377,1386,SCRYDEX_JP_HISTORY
m5_ja-92,2026-06-07,3.26,4945,AR,0.27933,1381,1376,SCRYDEX_JP_HISTORY
m5_ja-92,2026-06-08,3.28,4976,AR,0.27933,1390,1391,SCRYDEX_JP_HISTORY
m5_ja-92,2026-06-09,3.3,5006,AR,0.27933,1398,1388,SCRYDEX_JP_HISTORY
m5_ja-92,2026-06-10,3.3,5006,AR,0.27933,1398,1393,SCRYDEX_JP_HISTORY
m5_ja-92,2026-06-11,3.3,5006,AR,0.27933,1398,1406,SCRYDEX_JP_HISTORY
m5_ja-92,2026-06-12,3.3,5006,AR,0.27933,1398,1414,SCRYDEX_JP_HISTORY
m5_ja-92,2026-06-13,3.52,5340,AR,0.27933,1492,1507,SCRYDEX_JP_HISTORY
m5_ja-92,2026-06-14,3.51,5325,AR,0.27933,1487,1488,SCRYDEX_JP_HISTORY
m5_ja-92,2026-06-15,3.6,5461,AR,0.27933,1525,1541,SCRYDEX_JP_HISTORY
m5_ja-92,2026-06-16,3.44,5218,AR,0.27933,1458,1449,SCRYDEX_JP_HISTORY
m5_ja-92,2026-06-17,3.59,5446,AR,0.27933,1521,1527,SCRYDEX_JP_HISTORY
m5_ja-92,2026-06-18,3.46,5249,AR,0.27933,1466,1457,SCRYDEX_JP_HISTORY
m5_ja-92,2026-06-19,3.44,5218,AR,0.27933,1458,1475,SCRYDEX_JP_HISTORY
m5_ja-93,2026-06-06,4.64,7039,AR,0.27933,1966,1976,SCRYDEX_JP_HISTORY
m5_ja-93,2026-06-07,4.48,6796,AR,0.27933,1898,1890,SCRYDEX_JP_HISTORY
m5_ja-93,2026-06-08,4.39,6660,AR,0.27933,1860,1840,SCRYDEX_JP_HISTORY
m5_ja-93,2026-06-09,4.02,6098,AR,0.27933,1703,1710,SCRYDEX_JP_HISTORY
m5_ja-93,2026-06-10,4.02,6098,AR,0.27933,1703,1700,SCRYDEX_JP_HISTORY
m5_ja-93,2026-06-11,4.17,6326,AR,0.27933,1767,1760,SCRYDEX_JP_HISTORY
m5_ja-93,2026-06-12,4.1,6220,AR,0.27933,1737,1761,SCRYDEX_JP_HISTORY
m5_ja-93,2026-06-13,4.05,6144,AR,0.27933,1716,1720,SCRYDEX_JP_HISTORY
m5_ja-93,2026-06-14,3.98,6038,AR,0.27933,1687,1680,SCRYDEX_JP_HISTORY
m5_ja-93,2026-06-15,3.99,6053,AR,0.27933,1691,1693,SCRYDEX_JP_HISTORY
m5_ja-93,2026-06-16,4.17,6326,AR,0.27933,1767,1790,SCRYDEX_JP_HISTORY
m5_ja-93,2026-06-17,4.15,6296,AR,0.27933,1759,1741,SCRYDEX_JP_HISTORY
m5_ja-93,2026-06-18,4.16,6311,AR,0.27933,1763,1773,SCRYDEX_JP_HISTORY
m5_ja-93,2026-06-19,4.17,6326,AR,0.27933,1767,1791,SCRYDEX_JP_HISTORY
m5_ja-94,2026-06-06,4.5,6826,SR,0.442282,3019,3034,SCRYDEX_JP_HISTORY
m5_ja-94,2026-06-07,4.57,6933,SR,0.442282,3066,3030,SCRYDEX_JP_HISTORY
m5_ja-94,2026-06-08,4.57,6933,SR,0.442282,3066,3093,SCRYDEX_JP_HISTORY
m5_ja-94,2026-06-09,4.6,6978,SR,0.442282,3086,3088,SCRYDEX_JP_HISTORY
m5_ja-94,2026-06-10,4.6,6978,SR,0.442282,3086,3057,SCRYDEX_JP_HISTORY
m5_ja-94,2026-06-11,4.65,7054,SR,0.442282,3120,3139,SCRYDEX_JP_HISTORY
m5_ja-94,2026-06-12,4.67,7084,SR,0.442282,3133,3168,SCRYDEX_JP_HISTORY
m5_ja-94,2026-06-13,4.65,7054,SR,0.442282,3120,3142,SCRYDEX_JP_HISTORY
m5_ja-94,2026-06-14,4.65,7054,SR,0.442282,3120,3163,SCRYDEX_JP_HISTORY
m5_ja-94,2026-06-15,4.65,7054,SR,0.442282,3120,3087,SCRYDEX_JP_HISTORY
m5_ja-94,2026-06-16,4.64,7039,SR,0.442282,3113,3160,SCRYDEX_JP_HISTORY
m5_ja-94,2026-06-17,4.64,7039,SR,0.442282,3113,3147,SCRYDEX_JP_HISTORY
m5_ja-94,2026-06-18,4.64,7039,SR,0.442282,3113,3099,SCRYDEX_JP_HISTORY
m5_ja-94,2026-06-19,4.64,7039,SR,0.442282,3113,3117,SCRYDEX_JP_HISTORY
m5_ja-95,2026-06-06,7.79,11817,SR,0.442282,5226,5279,SCRYDEX_JP_HISTORY
m5_ja-95,2026-06-07,7.79,11817,SR,0.442282,5226,5265,SCRYDEX_JP_HISTORY
m5_ja-95,2026-06-08,7.73,11726,SR,0.442282,5186,5188,SCRYDEX_JP_HISTORY
m5_ja-95,2026-06-09,7.6,11529,SR,0.442282,5099,5052,SCRYDEX_JP_HISTORY
m5_ja-95,2026-06-10,7.6,11529,SR,0.442282,5099,5099,SCRYDEX_JP_HISTORY
m5_ja-95,2026-06-11,6.93,10513,SR,0.442282,4650,4710,SCRYDEX_JP_HISTORY
m5_ja-95,2026-06-12,6.93,10513,SR,0.442282,4650,4702,SCRYDEX_JP_HISTORY
m5_ja-95,2026-06-13,7.27,11029,SR,0.442282,4878,4841,SCRYDEX_JP_HISTORY
m5_ja-95,2026-06-14,7.61,11544,SR,0.442282,5106,5037,SCRYDEX_JP_HISTORY
m5_ja-95,2026-06-15,7.92,12015,SR,0.442282,5314,5302,SCRYDEX_JP_HISTORY
m5_ja-95,2026-06-16,8.23,12485,SR,0.442282,5522,5540,SCRYDEX_JP_HISTORY
m5_ja-95,2026-06-17,8.2,12439,SR,0.442282,5502,5574,SCRYDEX_JP_HISTORY
m5_ja-95,2026-06-18,8.22,12470,SR,0.442282,5515,5583,SCRYDEX_JP_HISTORY
m5_ja-95,2026-06-19,8.22,12470,SR,0.442282,5515,5525,SCRYDEX_JP_HISTORY
m5_ja-96,2026-06-06,9.32,14138,SR,0.442282,6253,6248,SCRYDEX_JP_HISTORY
m5_ja-96,2026-06-07,8.99,13638,SR,0.442282,6032,6033,SCRYDEX_JP_HISTORY
m5_ja-96,2026-06-08,8.95,13577,SR,0.442282,6005,6088,SCRYDEX_JP_HISTORY
m5_ja-96,2026-06-09,8.97,13607,SR,0.442282,6018,5938,SCRYDEX_JP_HISTORY
m5_ja-96,2026-06-10,8.97,13607,SR,0.442282,6018,6044,SCRYDEX_JP_HISTORY
m5_ja-96,2026-06-11,8.33,12637,SR,0.442282,5589,5589,SCRYDEX_JP_HISTORY
m5_ja-96,2026-06-12,8.2,12439,SR,0.442282,5502,5583,SCRYDEX_JP_HISTORY
m5_ja-96,2026-06-13,8.14,12348,SR,0.442282,5461,5408,SCRYDEX_JP_HISTORY
m5_ja-96,2026-06-14,7.85,11908,SR,0.442282,5267,5334,SCRYDEX_JP_HISTORY
m5_ja-96,2026-06-15,7.84,11893,SR,0.442282,5260,5210,SCRYDEX_JP_HISTORY
m5_ja-96,2026-06-16,7.72,11711,SR,0.442282,5180,5158,SCRYDEX_JP_HISTORY
m5_ja-96,2026-06-17,7.79,11817,SR,0.442282,5226,5281,SCRYDEX_JP_HISTORY
m5_ja-96,2026-06-18,7.89,11969,SR,0.442282,5294,5278,SCRYDEX_JP_HISTORY
m5_ja-96,2026-06-19,8.05,12212,SR,0.442282,5401,5352,SCRYDEX_JP_HISTORY
m5_ja-97,2026-06-06,15.65,23741,SR,0.442282,10500,10431,SCRYDEX_JP_HISTORY
m5_ja-97,2026-06-07,15.58,23635,SR,0.442282,10453,10544,SCRYDEX_JP_HISTORY
m5_ja-97,2026-06-08,15.82,23999,SR,0.442282,10614,10634,SCRYDEX_JP_HISTORY
m5_ja-97,2026-06-09,15.88,24090,SR,0.442282,10655,10524,SCRYDEX_JP_HISTORY
m5_ja-97,2026-06-10,15.88,24090,SR,0.442282,10655,10640,SCRYDEX_JP_HISTORY
m5_ja-97,2026-06-11,15.87,24075,SR,0.442282,10648,10682,SCRYDEX_JP_HISTORY
m5_ja-97,2026-06-12,15.99,24257,SR,0.442282,10728,10703,SCRYDEX_JP_HISTORY
m5_ja-97,2026-06-13,15.94,24181,SR,0.442282,10695,10718,SCRYDEX_JP_HISTORY
m5_ja-97,2026-06-14,16.22,24606,SR,0.442282,10883,10973,SCRYDEX_JP_HISTORY
m5_ja-97,2026-06-15,16.2,24575,SR,0.442282,10869,11003,SCRYDEX_JP_HISTORY
m5_ja-97,2026-06-16,15.91,24135,SR,0.442282,10674,10696,SCRYDEX_JP_HISTORY
m5_ja-97,2026-06-17,15.87,24075,SR,0.442282,10648,10533,SCRYDEX_JP_HISTORY
m5_ja-97,2026-06-18,15.74,23878,SR,0.442282,10561,10711,SCRYDEX_JP_HISTORY
m5_ja-97,2026-06-19,15.63,23711,SR,0.442282,10487,10581,SCRYDEX_JP_HISTORY
m5_ja-98,2026-06-06,8.55,12970,SR,0.442282,5736,5700,SCRYDEX_JP_HISTORY
m5_ja-98,2026-06-07,8.43,12788,SR,0.442282,5656,5647,SCRYDEX_JP_HISTORY
m5_ja-98,2026-06-08,8.43,12788,SR,0.442282,5656,5590,SCRYDEX_JP_HISTORY
m5_ja-98,2026-06-09,8.42,12773,SR,0.442282,5649,5728,SCRYDEX_JP_HISTORY
m5_ja-98,2026-06-10,8.42,12773,SR,0.442282,5649,5648,SCRYDEX_JP_HISTORY
m5_ja-98,2026-06-11,8.35,12667,SR,0.442282,5602,5574,SCRYDEX_JP_HISTORY
m5_ja-98,2026-06-12,8.34,12652,SR,0.442282,5596,5633,SCRYDEX_JP_HISTORY
m5_ja-98,2026-06-13,8.33,12637,SR,0.442282,5589,5601,SCRYDEX_JP_HISTORY
m5_ja-98,2026-06-14,8.33,12637,SR,0.442282,5589,5552,SCRYDEX_JP_HISTORY
m5_ja-98,2026-06-15,8.33,12637,SR,0.442282,5589,5671,SCRYDEX_JP_HISTORY
m5_ja-98,2026-06-16,7.86,11924,SR,0.442282,5274,5301,SCRYDEX_JP_HISTORY
m5_ja-98,2026-06-17,7.48,11347,SR,0.442282,5019,4994,SCRYDEX_JP_HISTORY
m5_ja-98,2026-06-18,7.1,10771,SR,0.442282,4764,4833,SCRYDEX_JP_HISTORY
m5_ja-98,2026-06-19,6.35,9633,SR,0.442282,4261,4288,SCRYDEX_JP_HISTORY
m5_ja-99,2026-06-06,16.89,25622,SR,0.442282,11332,11238,SCRYDEX_JP_HISTORY
m5_ja-99,2026-06-07,16.77,25440,SR,0.442282,11252,11371,SCRYDEX_JP_HISTORY
m5_ja-99,2026-06-08,16.77,25440,SR,0.442282,11252,11255,SCRYDEX_JP_HISTORY
m5_ja-99,2026-06-09,16.93,25683,SR,0.442282,11359,11271,SCRYDEX_JP_HISTORY
m5_ja-99,2026-06-10,16.93,25683,SR,0.442282,11359,11234,SCRYDEX_JP_HISTORY
m5_ja-99,2026-06-11,16.77,25440,SR,0.442282,11252,11370,SCRYDEX_JP_HISTORY
m5_ja-99,2026-06-12,16.82,25516,SR,0.442282,11285,11168,SCRYDEX_JP_HISTORY
m5_ja-99,2026-06-13,16.91,25652,SR,0.442282,11345,11417,SCRYDEX_JP_HISTORY
m5_ja-99,2026-06-14,16.91,25652,SR,0.442282,11345,11340,SCRYDEX_JP_HISTORY
m5_ja-99,2026-06-15,17.0,25789,SR,0.442282,11406,11304,SCRYDEX_JP_HISTORY
m5_ja-99,2026-06-16,16.86,25577,SR,0.442282,11312,11311,SCRYDEX_JP_HISTORY
m5_ja-99,2026-06-17,16.86,25577,SR,0.442282,11312,11151,SCRYDEX_JP_HISTORY
m5_ja-99,2026-06-18,17.01,25804,SR,0.442282,11413,11402,SCRYDEX_JP_HISTORY
m5_ja-99,2026-06-19,17.06,25880,SR,0.442282,11446,11285,SCRYDEX_JP_HISTORY
m5_ja-100,2026-06-06,13.05,19797,SR,0.442282,8756,8734,SCRYDEX_JP_HISTORY
m5_ja-100,2026-06-07,12.8,19418,SR,0.442282,8588,8466,SCRYDEX_JP_HISTORY
m5_ja-100,2026-06-08,12.8,19418,SR,0.442282,8588,8673,SCRYDEX_JP_HISTORY
m5_ja-100,2026-06-09,12.95,19645,SR,0.442282,8689,8758,SCRYDEX_JP_HISTORY
m5_ja-100,2026-06-10,12.95,19645,SR,0.442282,8689,8592,SCRYDEX_JP_HISTORY
m5_ja-100,2026-06-11,12.94,19630,SR,0.442282,8682,8801,SCRYDEX_JP_HISTORY
m5_ja-100,2026-06-12,12.85,19493,SR,0.442282,8621,8703,SCRYDEX_JP_HISTORY
m5_ja-100,2026-06-13,12.8,19418,SR,0.442282,8588,8505,SCRYDEX_JP_HISTORY
m5_ja-100,2026-06-14,12.8,19418,SR,0.442282,8588,8580,SCRYDEX_JP_HISTORY
m5_ja-100,2026-06-15,12.79,19402,SR,0.442282,8581,8604,SCRYDEX_JP_HISTORY
m5_ja-100,2026-06-16,12.78,19387,SR,0.442282,8575,8675,SCRYDEX_JP_HISTORY
m5_ja-100,2026-06-17,12.78,19387,SR,0.442282,8575,8488,SCRYDEX_JP_HISTORY
m5_ja-100,2026-06-18,12.71,19281,SR,0.442282,8528,8603,SCRYDEX_JP_HISTORY
m5_ja-100,2026-06-19,12.71,19281,SR,0.442282,8528,8507,SCRYDEX_JP_HISTORY
m5_ja-101,2026-06-06,13.22,20055,SR,0.442282,8870,8993,SCRYDEX_JP_HISTORY
m5_ja-101,2026-06-07,12.84,19478,SR,0.442282,8615,8714,SCRYDEX_JP_HISTORY
m5_ja-101,2026-06-08,12.71,19281,SR,0.442282,8528,8476,SCRYDEX_JP_HISTORY
m5_ja-101,2026-06-09,12.61,19129,SR,0.442282,8460,8556,SCRYDEX_JP_HISTORY
m5_ja-101,2026-06-10,12.61,19129,SR,0.442282,8460,8471,SCRYDEX_JP_HISTORY
m5_ja-101,2026-06-11,12.51,18978,SR,0.442282,8394,8372,SCRYDEX_JP_HISTORY
m5_ja-101,2026-06-12,12.51,18978,SR,0.442282,8394,8493,SCRYDEX_JP_HISTORY
m5_ja-101,2026-06-13,12.34,18720,SR,0.442282,8280,8189,SCRYDEX_JP_HISTORY
m5_ja-101,2026-06-14,12.18,18477,SR,0.442282,8172,8163,SCRYDEX_JP_HISTORY
m5_ja-101,2026-06-15,12.18,18477,SR,0.442282,8172,8105,SCRYDEX_JP_HISTORY
m5_ja-101,2026-06-16,12.02,18234,SR,0.442282,8065,8157,SCRYDEX_JP_HISTORY
m5_ja-101,2026-06-17,12.02,18234,SR,0.442282,8065,8184,SCRYDEX_JP_HISTORY
m5_ja-101,2026-06-18,11.7,17749,SR,0.442282,7850,7907,SCRYDEX_JP_HISTORY
m5_ja-101,2026-06-19,11.52,17476,SR,0.442282,7729,7776,SCRYDEX_JP_HISTORY
m5_ja-108,2026-06-06,57.44,87136,SR,0.442282,38539,38050,SCRYDEX_JP_HISTORY
m5_ja-108,2026-06-07,57.22,86803,SR,0.442282,38391,38162,SCRYDEX_JP_HISTORY
m5_ja-108,2026-06-08,57.22,86803,SR,0.442282,38391,38022,SCRYDEX_JP_HISTORY
m5_ja-108,2026-06-09,57.08,86590,SR,0.442282,38297,38748,SCRYDEX_JP_HISTORY
m5_ja-108,2026-06-10,57.08,86590,SR,0.442282,38297,38719,SCRYDEX_JP_HISTORY
m5_ja-108,2026-06-11,56.68,85984,SR,0.442282,38029,37582,SCRYDEX_JP_HISTORY
m5_ja-108,2026-06-12,56.68,85984,SR,0.442282,38029,38557,SCRYDEX_JP_HISTORY
m5_ja-108,2026-06-13,56.39,85544,SR,0.442282,37835,38124,SCRYDEX_JP_HISTORY
m5_ja-108,2026-06-14,56.41,85574,SR,0.442282,37848,38164,SCRYDEX_JP_HISTORY
m5_ja-108,2026-06-15,56.59,85847,SR,0.442282,37969,38315,SCRYDEX_JP_HISTORY
m5_ja-108,2026-06-16,56.65,85938,SR,0.442282,38009,38380,SCRYDEX_JP_HISTORY
m5_ja-108,2026-06-17,56.65,85938,SR,0.442282,38009,38484,SCRYDEX_JP_HISTORY
m5_ja-108,2026-06-18,54.07,82024,SR,0.442282,36278,36299,SCRYDEX_JP_HISTORY
m5_ja-108,2026-06-19,53.07,80507,SR,0.442282,35607,36088,SCRYDEX_JP_HISTORY
m5_ja-109,2026-06-06,13.74,20844,SR,0.442282,9219,9251,SCRYDEX_JP_HISTORY
m5_ja-109,2026-06-07,13.32,20206,SR,0.442282,8937,8913,SCRYDEX_JP_HISTORY
m5_ja-109,2026-06-08,13.32,20206,SR,0.442282,8937,8940,SCRYDEX_JP_HISTORY
m5_ja-109,2026-06-09,12.66,19205,SR,0.442282,8494,8536,SCRYDEX_JP_HISTORY
m5_ja-109,2026-06-10,12.66,19205,SR,0.442282,8494,8598,SCRYDEX_JP_HISTORY
m5_ja-109,2026-06-11,12.39,18796,SR,0.442282,8313,8217,SCRYDEX_JP_HISTORY
m5_ja-109,2026-06-12,11.15,16915,SR,0.442282,7481,7482,SCRYDEX_JP_HISTORY
m5_ja-109,2026-06-13,9.8,14867,SR,0.442282,6575,6501,SCRYDEX_JP_HISTORY
m5_ja-109,2026-06-14,9.07,13759,SR,0.442282,6085,6037,SCRYDEX_JP_HISTORY
m5_ja-109,2026-06-15,8.67,13152,SR,0.442282,5817,5875,SCRYDEX_JP_HISTORY
m5_ja-109,2026-06-16,8.32,12621,SR,0.442282,5582,5615,SCRYDEX_JP_HISTORY
m5_ja-109,2026-06-17,8.32,12621,SR,0.442282,5582,5517,SCRYDEX_JP_HISTORY
m5_ja-109,2026-06-18,8.26,12530,SR,0.442282,5542,5569,SCRYDEX_JP_HISTORY
m5_ja-109,2026-06-19,8.26,12530,SR,0.442282,5542,5471,SCRYDEX_JP_HISTORY
m5_ja-110,2026-06-06,6.52,9891,SR,0.442282,4375,4314,SCRYDEX_JP_HISTORY
m5_ja-110,2026-06-07,6.24,9466,SR,0.442282,4187,4232,SCRYDEX_JP_HISTORY
m5_ja-110,2026-06-08,6.24,9466,SR,0.442282,4187,4206,SCRYDEX_JP_HISTORY
m5_ja-110,2026-06-09,6.24,9466,SR,0.442282,4187,4188,SCRYDEX_JP_HISTORY
m5_ja-110,2026-06-10,6.24,9466,SR,0.442282,4187,4247,SCRYDEX_JP_HISTORY
m5_ja-110,2026-06-11,6.15,9330,SR,0.442282,4126,4139,SCRYDEX_JP_HISTORY
m5_ja-110,2026-06-12,6.06,9193,SR,0.442282,4066,4083,SCRYDEX_JP_HISTORY
m5_ja-110,2026-06-13,5.86,8890,SR,0.442282,3932,3923,SCRYDEX_JP_HISTORY
m5_ja-110,2026-06-14,5.8,8799,SR,0.442282,3892,3908,SCRYDEX_JP_HISTORY
m5_ja-110,2026-06-15,5.8,8799,SR,0.442282,3892,3944,SCRYDEX_JP_HISTORY
m5_ja-110,2026-06-16,4.86,7373,SR,0.442282,3261,3285,SCRYDEX_JP_HISTORY
m5_ja-110,2026-06-17,4.86,7373,SR,0.442282,3261,3289,SCRYDEX_JP_HISTORY
m5_ja-110,2026-06-18,4.69,7115,SR,0.442282,3147,3193,SCRYDEX_JP_HISTORY
m5_ja-110,2026-06-19,4.81,7297,SR,0.442282,3227,3272,SCRYDEX_JP_HISTORY
m5_ja-111,2026-06-06,33.76,51214,SR,0.442282,22651,22468,SCRYDEX_JP_HISTORY
m5_ja-111,2026-06-07,33.55,50895,SR,0.442282,22510,22731,SCRYDEX_JP_HISTORY
m5_ja-111,2026-06-08,33.36,50607,SR,0.442282,22383,22715,SCRYDEX_JP_HISTORY
m5_ja-111,2026-06-09,32.51,49318,SR,0.442282,21812,21908,SCRYDEX_JP_HISTORY
m5_ja-111,2026-06-10,32.51,49318,SR,0.442282,21812,21542,SCRYDEX_JP_HISTORY
m5_ja-111,2026-06-11,31.86,48332,SR,0.442282,21376,21637,SCRYDEX_JP_HISTORY
m5_ja-111,2026-06-12,29.76,45146,SR,0.442282,19967,19812,SCRYDEX_JP_HISTORY
m5_ja-111,2026-06-13,29.76,45146,SR,0.442282,19967,20143,SCRYDEX_JP_HISTORY
m5_ja-111,2026-06-14,29.04,44054,SR,0.442282,19484,19245,SCRYDEX_JP_HISTORY
m5_ja-111,2026-06-15,29.04,44054,SR,0.442282,19484,19504,SCRYDEX_JP_HISTORY
m5_ja-111,2026-06-16,28.07,42582,SR,0.442282,18833,19058,SCRYDEX_JP_HISTORY
m5_ja-111,2026-06-17,28.11,42643,SR,0.442282,18860,18925,SCRYDEX_JP_HISTORY
m5_ja-111,2026-06-18,27.81,42188,SR,0.442282,18659,18488,SCRYDEX_JP_HISTORY
m5_ja-111,2026-06-19,27.61,41884,SR,0.442282,18525,18645,SCRYDEX_JP_HISTORY
m5_ja-112,2026-06-06,73.79,111939,SAR,0.299559,33532,33361,SCRYDEX_JP_HISTORY
m5_ja-112,2026-06-07,73.41,111363,SAR,0.299559,33360,33267,SCRYDEX_JP_HISTORY
m5_ja-112,2026-06-08,73.41,111363,SAR,0.299559,33360,33586,SCRYDEX_JP_HISTORY
m5_ja-112,2026-06-09,72.83,110483,SAR,0.299559,33096,33087,SCRYDEX_JP_HISTORY
m5_ja-112,2026-06-10,72.83,110483,SAR,0.299559,33096,32972,SCRYDEX_JP_HISTORY
m5_ja-112,2026-06-11,70.06,106281,SAR,0.299559,31837,32267,SCRYDEX_JP_HISTORY
m5_ja-112,2026-06-12,70.06,106281,SAR,0.299559,31837,31752,SCRYDEX_JP_HISTORY
m5_ja-112,2026-06-13,70.06,106281,SAR,0.299559,31837,31698,SCRYDEX_JP_HISTORY
m5_ja-112,2026-06-14,68.7,104218,SAR,0.299559,31219,31416,SCRYDEX_JP_HISTORY
m5_ja-112,2026-06-15,68.1,103308,SAR,0.299559,30947,30848,SCRYDEX_JP_HISTORY
m5_ja-112,2026-06-16,67.61,102564,SAR,0.299559,30724,30870,SCRYDEX_JP_HISTORY
m5_ja-112,2026-06-17,67.07,101745,SAR,0.299559,30479,30926,SCRYDEX_JP_HISTORY
m5_ja-112,2026-06-18,64.71,98165,SAR,0.299559,29406,29151,SCRYDEX_JP_HISTORY
m5_ja-112,2026-06-19,63.23,95920,SAR,0.299559,28734,29043,SCRYDEX_JP_HISTORY
m5_ja-113,2026-06-06,54.31,82388,SAR,0.299559,24680,24848,SCRYDEX_JP_HISTORY
m5_ja-113,2026-06-07,53.54,81220,SAR,0.299559,24330,24599,SCRYDEX_JP_HISTORY
m5_ja-113,2026-06-08,53.54,81220,SAR,0.299559,24330,24120,SCRYDEX_JP_HISTORY
m5_ja-113,2026-06-09,51.81,78596,SAR,0.299559,23544,23861,SCRYDEX_JP_HISTORY
m5_ja-113,2026-06-10,51.81,78596,SAR,0.299559,23544,23744,SCRYDEX_JP_HISTORY
m5_ja-113,2026-06-11,51.37,77928,SAR,0.299559,23344,23082,SCRYDEX_JP_HISTORY
m5_ja-113,2026-06-12,51.37,77928,SAR,0.299559,23344,23055,SCRYDEX_JP_HISTORY
m5_ja-113,2026-06-13,50.97,77321,SAR,0.299559,23162,22817,SCRYDEX_JP_HISTORY
m5_ja-113,2026-06-14,49.92,75729,SAR,0.299559,22685,22827,SCRYDEX_JP_HISTORY
m5_ja-113,2026-06-15,49.64,75304,SAR,0.299559,22558,22420,SCRYDEX_JP_HISTORY
m5_ja-113,2026-06-16,48.57,73681,SAR,0.299559,22072,22022,SCRYDEX_JP_HISTORY
m5_ja-113,2026-06-17,48.21,73135,SAR,0.299559,21908,22072,SCRYDEX_JP_HISTORY
m5_ja-113,2026-06-18,45.12,68447,SAR,0.299559,20504,20431,SCRYDEX_JP_HISTORY
m5_ja-113,2026-06-19,41.94,63623,SAR,0.299559,19059,18922,SCRYDEX_JP_HISTORY
m5_ja-114,2026-06-06,554.48,841146,SAR,0.299559,251973,252816,SCRYDEX_JP_HISTORY
m5_ja-114,2026-06-07,548.69,832363,SAR,0.299559,249342,248703,SCRYDEX_JP_HISTORY
m5_ja-114,2026-06-08,548.69,832363,SAR,0.299559,249342,246851,SCRYDEX_JP_HISTORY
m5_ja-114,2026-06-09,542.81,823443,SAR,0.299559,246670,249326,SCRYDEX_JP_HISTORY
m5_ja-114,2026-06-10,542.81,823443,SAR,0.299559,246670,246061,SCRYDEX_JP_HISTORY
m5_ja-114,2026-06-11,508.32,771121,SAR,0.299559,230996,233885,SCRYDEX_JP_HISTORY
m5_ja-114,2026-06-12,508.32,771121,SAR,0.299559,230996,233542,SCRYDEX_JP_HISTORY
m5_ja-114,2026-06-13,508.32,771121,SAR,0.299559,230996,228080,SCRYDEX_JP_HISTORY
m5_ja-114,2026-06-14,508.32,771121,SAR,0.299559,230996,232160,SCRYDEX_JP_HISTORY
m5_ja-114,2026-06-15,499.49,757726,SAR,0.299559,226984,226440,SCRYDEX_JP_HISTORY
m5_ja-114,2026-06-16,499.49,757726,SAR,0.299559,226984,227372,SCRYDEX_JP_HISTORY
m5_ja-114,2026-06-17,488.62,741237,SAR,0.299559,222044,219063,SCRYDEX_JP_HISTORY
m5_ja-114,2026-06-18,478.74,726249,SAR,0.299559,217554,215570,SCRYDEX_JP_HISTORY
m5_ja-114,2026-06-19,455.86,691540,SAR,0.299559,207157,204069,SCRYDEX_JP_HISTORY
m5_ja-115,2026-06-06,90.53,137334,SAR,0.299559,41140,40914,SCRYDEX_JP_HISTORY
m5_ja-115,2026-06-07,87.15,132207,SAR,0.299559,39604,39304,SCRYDEX_JP_HISTORY
m5_ja-115,2026-06-08,87.15,132207,SAR,0.299559,39604,39990,SCRYDEX_JP_HISTORY
m5_ja-115,2026-06-09,85.41,129567,SAR,0.299559,38813,38777,SCRYDEX_JP_HISTORY
m5_ja-115,2026-06-10,85.41,129567,SAR,0.299559,38813,39012,SCRYDEX_JP_HISTORY
m5_ja-115,2026-06-11,77.33,117310,SAR,0.299559,35141,34747,SCRYDEX_JP_HISTORY
m5_ja-115,2026-06-12,76.05,115368,SAR,0.299559,34560,34705,SCRYDEX_JP_HISTORY
m5_ja-115,2026-06-13,76.05,115368,SAR,0.299559,34560,34816,SCRYDEX_JP_HISTORY
m5_ja-115,2026-06-14,74.11,112425,SAR,0.299559,33678,33500,SCRYDEX_JP_HISTORY
m5_ja-115,2026-06-15,73.27,111151,SAR,0.299559,33296,32921,SCRYDEX_JP_HISTORY
m5_ja-115,2026-06-16,71.57,108572,SAR,0.299559,32524,32070,SCRYDEX_JP_HISTORY
m5_ja-115,2026-06-17,71.57,108572,SAR,0.299559,32524,32511,SCRYDEX_JP_HISTORY
m5_ja-115,2026-06-18,70.21,106509,SAR,0.299559,31906,31725,SCRYDEX_JP_HISTORY
m5_ja-115,2026-06-19,68.17,103414,SAR,0.299559,30979,30567,SCRYDEX_JP_HISTORY
m5_ja-116,2026-06-06,44.33,67249,SAR,0.299559,20145,19902,SCRYDEX_JP_HISTORY
m5_ja-116,2026-06-07,43.65,66217,SAR,0.299559,19836,20002,SCRYDEX_JP_HISTORY
m5_ja-116,2026-06-08,43.65,66217,SAR,0.299559,19836,19732,SCRYDEX_JP_HISTORY
m5_ja-116,2026-06-09,43.65,66217,SAR,0.299559,19836,19748,SCRYDEX_JP_HISTORY
m5_ja-116,2026-06-10,43.65,66217,SAR,0.299559,19836,20033,SCRYDEX_JP_HISTORY
m5_ja-116,2026-06-11,40.58,61560,SAR,0.299559,18441,18279,SCRYDEX_JP_HISTORY
m5_ja-116,2026-06-12,40.58,61560,SAR,0.299559,18441,18702,SCRYDEX_JP_HISTORY
m5_ja-116,2026-06-13,40.58,61560,SAR,0.299559,18441,18197,SCRYDEX_JP_HISTORY
m5_ja-116,2026-06-14,40.33,61181,SAR,0.299559,18327,18071,SCRYDEX_JP_HISTORY
m5_ja-116,2026-06-15,40.11,60847,SAR,0.299559,18227,18339,SCRYDEX_JP_HISTORY
m5_ja-116,2026-06-16,40.11,60847,SAR,0.299559,18227,18212,SCRYDEX_JP_HISTORY
m5_ja-116,2026-06-17,40.11,60847,SAR,0.299559,18227,18232,SCRYDEX_JP_HISTORY
m5_ja-116,2026-06-18,39.57,60028,SAR,0.299559,17982,17883,SCRYDEX_JP_HISTORY
m5_ja-116,2026-06-19,39.57,60028,SAR,0.299559,17982,18222,SCRYDEX_JP_HISTORY
m5_ja-117,2026-06-06,139.94,212289,SAR,0.299559,63593,63716,SCRYDEX_JP_HISTORY
m5_ja-117,2026-06-07,132.22,200578,SAR,0.299559,60085,59271,SCRYDEX_JP_HISTORY
m5_ja-117,2026-06-08,132.22,200578,SAR,0.299559,60085,60357,SCRYDEX_JP_HISTORY
m5_ja-117,2026-06-09,128.7,195238,SAR,0.299559,58485,59085,SCRYDEX_JP_HISTORY
m5_ja-117,2026-06-10,128.7,195238,SAR,0.299559,58485,59304,SCRYDEX_JP_HISTORY
m5_ja-117,2026-06-11,125.72,190717,SAR,0.299559,57131,57891,SCRYDEX_JP_HISTORY
m5_ja-117,2026-06-12,125.72,190717,SAR,0.299559,57131,57860,SCRYDEX_JP_HISTORY
m5_ja-117,2026-06-13,125.72,190717,SAR,0.299559,57131,57640,SCRYDEX_JP_HISTORY
m5_ja-117,2026-06-14,122.72,186166,SAR,0.299559,55768,54979,SCRYDEX_JP_HISTORY
m5_ja-117,2026-06-15,120.07,182146,SAR,0.299559,54563,55023,SCRYDEX_JP_HISTORY
m5_ja-117,2026-06-16,117.44,178156,SAR,0.299559,53368,53183,SCRYDEX_JP_HISTORY
m5_ja-117,2026-06-17,117.44,178156,SAR,0.299559,53368,53104,SCRYDEX_JP_HISTORY
m5_ja-117,2026-06-18,112.39,170496,SAR,0.299559,51074,50473,SCRYDEX_JP_HISTORY
m5_ja-117,2026-06-19,108.1,163988,SAR,0.299559,49124,49015,SCRYDEX_JP_HISTORY
