product_id,name,series_name,language
PRD_44B4810231B94D71A4AB,포켓몬스쿨 프로모,"",KO
PRD_F05E8EE267E44AC39CCF,2026 코리안리그 시즌1 프로모,"",KO
PRD_35F035F560994BF091F4,MEGA 프로모 카드 팩 제2탄,"",KO
PRD_8EF4236C3F3E447CAFB0,2026 코리안리그 시즌2 프로모,"",KO
PRD_B6726A34BBDB4752A2DF,비크티니 BWR 쟁탈전 우승,"",KO
PRD_98A2CDF05EE941619069,MEGA 프로모 카드 팩 제1탄,"",KO
PRD_2EBDE7E471A247549CCD,스칼렛&바이올렛 「블랙볼트 ・ 화이트플레어 카드 앨범 세트」,"",KO
PRD_631BCE4B0B29458D9CE8,포켓몬 원더 아일랜드 in JEJU 스탬프랠리,"",KO
PRD_EF0FA2B20B98474E88F3,<포켓몬스터: 메가볼티지> 프로모 카드 팩,"",KO
PRD_80BF9B42F7984F2CB85A,MEGA 프리미엄 트레이너 박스 MEGA,"",KO
PRD_BFE8A36EB7F64CE8BD24,스타터 세트 MEGA 「메가디안시 ex」,"",KO
PRD_C6E79506AD314C84A3A7,스타터 세트 MEGA 「메가팬텀 ex」,"",KO
PRD_2DC418A26F7843899A40,스칼렛&바이올렛 프로모 카드 팩 제9탄,"",KO
PRD_816EF4FD67D14358B859,배틀파트너즈 프로모 카드 팩,"",KO
PRD_5D5D68D071454B73845C,스칼렛&바이올렛「컬렉션 파일 세트 N」,"",KO
PRD_620D62242306461FBA45,스칼렛&바이올렛「컬렉션 파일 세트 릴리에」,"",KO
PRD_D7476D50BBB64A75B2AD,스칼렛&바이올렛 「Pikachu Present Box」,"",KO
PRD_1ACA702B37DC48A39A36,스칼렛&바이올렛 스페셜 점보 카드 세트 「리자몽 ex」,"",KO
PRD_853FD226FF0544D489FE,2025 코리안리그 시즌4 프로모,"",KO
PRD_E982F78248B5470ABA76,열풍의 아레나 구입 특전 프로모 카드 팩,"",KO
PRD_9C0D0E42FF5049D98EC7,열풍의 아레나 실드전 입상 프로모,"",KO
PRD_FFD60CA33B2947AD8B09,스칼렛&바이올렛 프로모 카드 팩 제10탄,"",KO
PRD_EF8B2F4DE4044C9C9DBB,Pokémon Town 2025 프로모,"",KO
PRD_7AD7287876974BD9BCB6,2025 코리안리그 파이널 프로모,"",KO
PRD_401A6FEEE2CD41B7BA19,스칼렛&바이올렛 스타터 세트 ex 「성호의 메탕&메타그로스 ex」,"",KO
PRD_93925D420D8A4C74B0D6,스칼렛&바이올렛 스타터 세트 ex 「마리의 모르페코&오롱털 ex」,"",KO
PRD_52D1E62157A94F0EBF0F,스칼렛&바이올렛 배틀 강화 BOX 「배틀파트너즈」,"",KO
PRD_4185B5EA5435425F93A2,테라스탈 페스타 ex 프로모 카드 팩,"",KO
PRD_C02C81D8F7014E14B253,2025 코리안리그 시즌2 프로모,"",KO
PRD_B292EBC5F71449A3B0AF,스칼렛&바이올렛 컬렉션 세트 「테라스탈 페스타 ex」,"",KO
PRD_D130DAEC476F4455978F,스칼렛&바이올렛 플레이매트 세트 「테라스탈 페스타 ex」,"",KO
PRD_29633246BA6E4A58B17B,2025 코리안리그 시즌3 프로모,"",KO
PRD_82C55E636C6B40B3AFB4,스칼렛&바이올렛 「ex 스페셜 세트 ver.2」,"",KO
PRD_9CCAFABDF268493D9297,포켓몬 카드샵 스탬프 랠리 이벤트,"",KO
PRD_F8A0FE5426B9484E9796,2025 코리안리그 시즌1 프로모,"",KO
PRD_6BA4DED65A104152A72E,포켓몬 카드 게임 온라인 공식 인증샵 구입 특전,"",KO
PRD_C83D02BA79F24D728573,스칼렛&바이올렛 프로모 카드 팩 제7탄,"",KO
PRD_31C47A84C39148D986FA,스칼렛&바이올렛 스타터 세트 테라스탈타입:스텔라 「님피아 ex」,"",KO
PRD_5079773F7B964C91A2D2,스칼렛&바이올렛 스타터 세트 테라스탈타입:스텔라 「파라블레이즈 ex」,"",KO
PRD_D12600476F504A90856D,스칼렛&바이올렛 배틀 강화 BOX 「스텔라미라클」,"",KO
PRD_7C75638373E140B09434,포켓몬스터 애니메이션 국내 방영 25주년 기념 프로모,"",KO
PRD_48F67037C46A4924A0B8,스칼렛&바이올렛 배틀 마스터 덱 「테라스탈 리자몽 ex」,"",KO
PRD_FCB4822DD93C4986A4BA,스칼렛&바이올렛 배틀 마스터 덱 「파오젠 ex」,"",KO
PRD_8EE4066BE38F4B65A39F,"「포켓몬스터: 성도지방 이야기, 최종장」 극장 선물","",KO
PRD_FF186F4048724FB2926A,2024 코리안리그 파이널 프로모,"",KO
PRD_45A2DB0E05C14BACBA55,스칼렛&바이올렛 스페셜 점보 카드 세트 「오거폰」,"",KO
PRD_1EF3E4570A044974BD9A,스칼렛&바이올렛 프로모 카드 팩 제6탄,"",KO
PRD_694F08863B1C4DEFBA85,확장팩 「변환의 가면」 프로모션 박스,"",KO
PRD_5FF8886A6E294DEAB643,스칼렛&바이올렛 「배틀 아카데미」,"",KO
PRD_4B8BD0B1E4AD47D88FC8,스칼렛&바이올렛 프로모 카드 팩 제5탄,"",KO
PRD_A83D0DAD2A5D419BBEC7,2024 코리안리그 시즌3 프로모,"",KO
PRD_1B2D9D23F16B45D5B234,2024 코리안리그 시즌2 프로모,"",KO
PRD_E7CCD65E97544689933B,스칼렛&바이올렛 스타터 덱&강화 세트 「미래의 미라이돈 ex」,스칼렛&바이올렛,KO
PRD_3902E016098A4168937F,스칼렛&바이올렛 스타터 덱&강화 세트 「고대의 코라이돈 ex」,스칼렛&바이올렛,KO
PRD_C6A8D712B10E4F9791FA,스칼렛&바이올렛 프로모 카드 팩 제4탄,"",KO
PRD_0F14199E64CF4E62B788,2024 코리안리그 시즌1 프로모,"",KO
PRD_8CAB70AA5B8844AB8412,레이징서프 실드전 조 리그 1위,"",KO
PRD_5770F89D7F94416B9988,레이징서프 실드전 토너먼트 우승,"",KO
PRD_C9C1E802DBE343E590F4,스칼렛&바이올렛 스타터 세트 테라스탈 「뮤츠 ex」,"",KO
PRD_61D83769D3BC416494DB,「돌아온 명탐정 피카츄」 조기 구입 특전,"",KO
PRD_7AE0904D0D884E26A44D,스칼렛&바이올렛 스타터 세트 테라스탈 「라우드본 ex」,"",KO
PRD_39AB770A4E24403E8C78,스칼렛&바이올렛 배틀 강화 BOX 「흑염의 지배자」,"",KO
PRD_B1871C80FA56423F9D00,스칼렛&바이올렛 프로모 카드 팩 제2탄,"",KO
PRD_A4F2BE85BB8147239B1D,강화 확장팩 「포켓몬 카드 151」 프로모 카드 팩,강화,KO
PRD_7A5D52D80F3F4AF985A6,스칼렛&바이올렛 프로모 카드 팩 제3탄,"",KO
PRD_BD11E7243AC24A63AFF9,포켓몬 카드 게임 Let's Play 2023,"",KO
PRD_201FAEFEBF5E4BF4B8DE,포켓몬 카드샵 대표 선발전 프로모,"",KO
PRD_4FBB447709EA4AB1BF23,2023 코리안리그 파이널 시즌 프로모,"",KO
PRD_E36B8DCC6BEC4AE38BAF,스칼렛&바이올렛 「ex 스페셜 세트」,"",KO
PRD_9A20FF5E12664EA5AFD8,2023 코리안리그 시즌4 프로모,"",KO
PRD_EC553B77FEF348318B96,극장판 포켓몬스터DP 「아르세우스 초극의 시공으로」극장 선물,"",KO
PRD_81163152C4E942D1B8B8,2023 코리안리그 시즌3 프로모,"",KO
PRD_6F7587DE4A514FBE9C4B,처음 배우는 교실 프로모,"",KO
PRD_878BCD84E3A14C879A3E,실드전 프로모 카드 팩,"",KO
PRD_D620EE82AC97457ABA0A,포켓몬 카드 게임 스칼렛&바이올렛 프리미엄 트레이너 박스 ex,"",KO
PRD_D82B81DD76C74C3C9224,포켓몬 카드 게임 스칼렛&바이올렛 스타터 세트 ex 피카츄 스페셜 세트,"",KO
PRD_D1DFAF785C7E4DAD8268,스칼렛&바이올렛 스타터 세트 ex 프로모 카드 팩,"",KO
PRD_2619CB82AD71458594DF,스칼렛&바이올렛 프로모 카드 팩 제1탄,"",KO
PRD_99B88299CF7D4863B21B,2023 코리안리그 시즌2 프로모,"",KO
PRD_38BB8CEB2E274E9799DB,소드&실드 프로모팩 제12탄,"",KO
PRD_B379D5A6AD9240D69AA4,2023 코리안리그 시즌1 프로모,"",KO
PRD_A26F397D65B548AE8F52,스칼렛&바이올렛 스타터 세트 ex 「나오하&루카리오 ex」,"",KO
PRD_FE40080E1F95492DBC55,스칼렛&바이올렛 스타터 세트 ex 「뜨아거&전룡 ex」,"",KO
PRD_785C760E090B47DF9D59,스칼렛&바이올렛 스타터 세트 ex 「꾸왁스&따라큐 ex」,"",KO
PRD_6F6AB9B253E243948DB9,소드&실드 스페셜 덱 세트 「리자몽 VSTAR VS 레쿠쟈 VMAX」,"",KO
PRD_75DAB61BCF5342C38563,소드 & 실드 확장팩 「패러다임트리거」,소드 & 실드,KO
PRD_DEEA8F094F434E168C50,포켓몬 카드 게임 Let's Play,"",KO
PRD_265745669ACE4B21B30F,소드&실드 「미스터리 박스」,"",KO
PRD_95BDE9A93F1B4316A078,전설의 포켓몬을 찾자! 루기아GET챌린지 프로모 카드 팩,"",KO
PRD_0252BA4B7C954AB9A75B,프레셔스 컬렉터 박스,"",KO
PRD_5291FE6DDD574296818C,루카리오 HR 쟁탈전 토너먼트 우승,"",KO
PRD_EAC9CA1C3AA642D99665,루카리오 HR 쟁탈전 조 리그 1위,"",KO
PRD_64AF1ABD4884491ABCC3,소드&실드 프로모팩 제11탄,"",KO
PRD_5493A557CD7D4E74BA80,소드&실드 프로모팩 제10탄,"",KO
PRD_0C8B6847314E495B9C8E,소드&실드 강화 확장팩 「백열의 아르카나」,소드&실드,KO
PRD_ECFFE220EFE34577926D,소드&실드「VSTAR 스페셜 세트」,"",KO
PRD_A6334E5CEE894AC1AD9A,포켓몬 팝업스토어 in 현대백화점 판교점 증정,"",KO
PRD_554AB5D7D5A440D0AA2A,소드&실드 강화 확장팩 「다크판타스마」,소드&실드,KO
PRD_9FE66CB9CBD347C69D04,소드&실드 VSTAR&VMAX 하이클래스 덱 「테오키스」,"",KO
PRD_81E4799E3B544024855A,소드&실드 VSTAR&VMAX 하이클래스 덱 「제라오라」,"",KO
PRD_FEBA8CBAF36B40D9850F,소드&실드 강화 확장팩 「Pokémon GO」,소드&실드,KO
PRD_E1AE61F6929544CF805B,소드&실드 프로모팩 제9탄,"",KO
PRD_503C292F964649FB9A8B,소드&실드 스페셜 카드 세트 「풀의 리피아 VSTAR」,"",KO
PRD_DAC03D4752E44348B1B8,포켓몬 GO 프로모 카드 기프트 캠페인,"",KO
PRD_ECF8A0A4DE8F4FFD92E8,소드&실드 스페셜 카드 세트 「얼음의 글레이시아 VSTAR」,"",KO
PRD_993A72CF79154ABD8E97,소드&실드 「Pokémon GO 카드 앨범 세트」,"",KO
PRD_E53ECE4F4197470B8B8C,「Pokémon GO 스페셜 점보카드세트」,"",KO
PRD_64A0F02B4C6142D59E34,극장판 포켓몬스터DP 「기라티나와 하늘의 꽃다발 쉐이미」극장 선물,"",KO
PRD_5B48329CB1F945D89368,소드 & 실드 「스타트 덱 100 피카츄 V & 이브이 V 」,"",KO
PRD_47993D05734642238309,켈로그 첵스초코 기획팩 구입특전,"",KO
PRD_7DF9CF9792C3451BBA08,소드&실드 확장팩 「스페이스 저글러」,소드&실드,KO
PRD_A34AF524E977421D94D7,소드&실드 확장팩 「타임게이저」,소드&실드,KO
PRD_0B599EC823EF416688FB,소드 & 실드 스타터 세트 VSTAR 「다크라이」,"",KO
PRD_11F5D6628FC34B098AD0,소드 & 실드 스타터 세트 VSTAR 「루카리오」,"",KO
PRD_B6A92B9A3823440F8F49,소드&실드 강화 확장팩 「배틀리전」,소드&실드,KO
PRD_B2ACFB7F8D3D424D8D60,소드&실드 「스타트 덱 100」,"",KO
PRD_C83799FBE9D346E8A4FC,소드&실드 프로모팩 제8탄,"",KO
PRD_026F33922E3D46A8B95B,소드&실드 프로모팩 제7탄,"",KO
PRD_FA60964DC9AC4C999AC2,소드&실드 확장팩 「스타버스」,소드&실드,KO
PRD_A9D9A46C54C84ED7B89F,소드&실드 스페셜 덱 세트 「자시안·자마젠타 VS 무한다이노」,"",KO
PRD_AA8F21046C534A81B838,소드&실드 프로모팩 제6탄,"",KO
PRD_E6BB8371C36F46B089B9,소드&실드 프로모팩 제5탄,"",KO
PRD_F8EBFB3CDA14402EB238,소드&실드 「패밀리 포켓몬 카드 게임」,"",KO
PRD_5E8B023110534D0093FC,소드 & 실드 확장팩 「퓨전아츠」,소드 & 실드,KO
PRD_33E5BAD6AE5E47BC840A,소드&실드 「25th ANNIVERSARY GOLDEN BOX」,"",KO
PRD_86CB08E319C24F4E9766,소드&실드 확장팩 「25th ANNIVERSARY COLLECTION」,소드&실드,KO
PRD_0CA550AE29994C5BB239,소드&실드 스페셜 카드 세트 「자시안 V-UNION」,"",KO
PRD_A14FE6E5386847DB9CFF,소드&실드 프로모팩 제4탄,"",KO
PRD_583CA60BAC4F4FAFAB5F,소드&실드 스페셜 카드 세트 「뮤츠 V-UNION」,"",KO
PRD_02E7901E338F4737B6AB,드래곤 포켓몬 V GET 챌린지 프로모 카드 팩,"",KO
PRD_3AD5C945B465480BA36C,소드 & 실드 확장팩 「창공스트림」,소드 & 실드,KO
PRD_BCB8045CC957488BB992,소드&실드 확장팩 「마천퍼펙트」,소드&실드,KO
PRD_BD7FA21EB0B4407086A0,소드&실드 강화 확장팩 「이브이 히어로즈」,소드&실드,KO
PRD_83E04A9A71A74A88AB44,소드&실드 확장팩 「백은의 랜스」,소드&실드,KO
PRD_90076E812D7E43D3BAD2,소드&실드 VMAX 스페셜 세트 「이브이 히어로즈」,"",KO
PRD_190A8D559A8C4E25B470,"스티커 컬러링 포켓몬스터 1,2 부록","",KO
PRD_37915DB0FD7C4A46BDB6,"「극장판 포켓몬스터 : 정글의 아이, 코코」 극장선물","",KO
PRD_375BFA4E178E47FBBA60,소드&실드 하이클레스 덱 더블 BOX 「팬텀 VMAX&인텔리레온 VMAX」,"",KO
PRD_32D7A4AA30CC4602A83F,포켓몬 카드 게임 카드샵 구입 특전,"",KO
PRD_CD1BD0B10DB94B39AF0B,소드 & 실드 하이클래스 덱 「인텔리레온 VMAX 」,"",KO
PRD_4C239B3E5F8242FDB0E0,소드 & 실드 하이클래스 덱 「팬텀 VMAX 」,"",KO
PRD_5152EBDC54E740B89050,소드&실드 「백은의 랜스&칠흑의 가이스트」 BOX,"",KO
PRD_C79D813FEDCC46AA9F23,포켓몬 팝업스토어 in 스타필드 코엑스몰점 구입특전,"",KO
PRD_474214F630EE4681BB4F,포켓몬 카드 게임 온라인 공식 인증샵 구입특전,"",KO
PRD_9ACB5EDE4CA94A0493A2,소드&실드 강화 확장팩 「쌍벽의 파이터」,소드&실드,KO
PRD_AD7B5C4F802F4D64BE90,소드&실드 확장팩 「연격마스터」,소드&실드,KO
PRD_FDDAB6E1AF8D49E6A224,소드&실드 확장팩 「일격마스터」,소드&실드,KO
PRD_F23E88CA5E1341E4833E,소드&실드 카드 박스 세트 「연격」,"",KO
PRD_8FE112C269324090A9E3,소드&실드 카드 박스 세트 「일격」,"",KO
PRD_7B67599CADAE43418B01,소드&실드 스페셜 점보 카드 세트 「연격마스터」,"",KO
PRD_632B640F8A0E45F3B150,소드&실드 스페셜 점보 카드 세트 「일격마스터」,"",KO
PRD_2EF440C0B237474E8DB3,소드&실드 스타터 세트 VMAX 「거북왕」,"",KO
PRD_A2E044A218904C098DB6,스타터 세트 VMAX 구입특전,"",KO
PRD_7BDB316BBFFB488099B7,소드&실드 스타터 세트 VMAX 「이상해꽃」,"",KO
PRD_595A32AA23664B6ABD92,소드&실드 하이클래스팩 「샤이니스타 V」,소드&실드,KO
PRD_685E0110EC0E462299D2,소드&실드 컬렉션 세트 「샤이니스타 V」,"",KO
PRD_DA8331A4704A44B6957D,피카피카! 피카츄! 프로모팩,"",KO
PRD_54235F60186849AB8D4D,소드&실드 「VMAX 스페셜 세트」,"",KO
PRD_7BC8C696B679423294DB,소드&실드 프로모팩 제3탄,"",KO
PRD_32C23D5FA71F45ADB572,소드&실드 확장팩 「앙천의 볼트태클」,소드&실드,KO
PRD_9FB39A358D474F2A800E,소드&실드 확장팩 세트 V,소드&실드,KO
PRD_FE54F67A9C114773A9CD,소드&실드 강화 확장팩 「전설의 고동」,소드&실드,KO
PRD_EF2D36098270467A869D,극장판 포켓몬스터 「뮤츠의 역습 EVOLUTION」 극장선물,"",KO
PRD_2277C057AF3D44A5A842,포켓몬 카드 게임 BW 「30장 덱 대전 set 뮤츠VS게노세크트」,"",KO
PRD_601F313743EC4EA3A09A,무한존 프로모션팩,"",KO
PRD_91D480C53D3248F79831,소드&실드 확장팩 「무한존」,소드&실드,KO
PRD_9C4063C50B5B45C09FF9,소드&실드 강화 확장팩 「폭염워커」,소드&실드,KO
PRD_7208199A30CB4598B96B,소드&실드 프로모팩 제2탄,"",KO
PRD_355556B8A5644F73AAB9,소드&실드 「자시안+자마젠타 BOX」,"",KO
PRD_7929A7DF7FBB4441B445,소드&실드 스타터 세트 VMAX 오롱털,"",KO
PRD_984616EF4544458DA40D,소드&실드 스타터 세트 VMAX 리자몽,"",KO
PRD_342C9E29F6744FEEBB60,픽셀 포켓몬 2권 부록,"",KO
PRD_85F513E04C574895B5A7,픽셀 포켓몬 1권 부록,"",KO
PRD_2A9C144A5A8E468CA75E,소드&실드 프로모팩 제1탄,"",KO
PRD_4712E9C5A3D5444F971E,상상초월 포켓몬 과학연구소 4권 부록,"",KO
PRD_28B7D465AF674571AD54,스타터 세트 V 카드 배틀 이벤트,"",KO
PRD_B5AAF995990D4BB0BCD8,「반역크래시」 2BOX 구입 특전,"",KO
PRD_E4286779F3FF4A8DA34F,소드&실드 확장팩 「반역크래시」,소드&실드,KO
PRD_D785A25B9DFD4C32AE7C,소드&실드 강화 확장팩 「VMAX라이징」,소드&실드,KO
PRD_FC1A7B5927A44298A2A2,소드&실드 확장팩 「실드」,소드&실드,KO
PRD_7CCB63858C7E43A287F2,소드&실드 확장팩 「소드」,소드&실드,KO
PRD_82492C40613B4AA2957C,썬&문 「TAG TEAM GX 태그올스타즈」 스페셜 키트,"",KO
PRD_BABB2B298D844FC992EA,소드&실드 스타터 세트 V 격투,"",KO
PRD_4D3A6225A93549AB8266,소드&실드 스타터 세트 V 번개,"",KO
PRD_A7B6DEC903CF428CA155,소드&실드 스타터 세트 V 물,"",KO
PRD_94496EE2ED9C4E6791C8,소드&실드 스타터 세트 V 불꽃,"",KO
PRD_55EE0CBD74034AFFB9D4,소드&실드 스타터 세트 V 풀,"",KO
PRD_E3C9A6F3A7094CB5B77C,썬&문 「랜덤30장덱」,"",KO
PRD_C50AF6B22D9843F5B112,썬&문 하이클래스팩 「TAG TEAM GX 태그올스타즈」,썬&문,KO
PRD_A1A34A5756554F088BA7,썬&문 프로모팩 제10탄,"",KO
PRD_9B07DE115EC346669203,썬&문 프로모팩 제9탄,"",KO
PRD_9D38AE2D57854EF295EF,썬&문 확장팩 세트 「멜메탈 GX」,썬&문,KO
PRD_26B8AEB977614902B314,썬&문 확장팩 제12탄 「얼터제네시스」,썬&문,KO
PRD_FDF989679F15435DB74E,썬&문 강화 확장팩 「드림리그」,썬&문,KO
PRD_0D7DD374BFC94B809A4C,강화 확장팩 「 드림리그 」 구매 특전,강화,KO
PRD_D72E8DA043D0459BA91D,뮤츠 실드전 HR 우승 경품,"",KO
PRD_DEE49E2E57AD4BAFA847,강화 확장팩 「리믹스바우트」 구매 특전,강화,KO
PRD_7B3C1057DEFB4DB3991A,카드샵 한정 프로모팩,"",KO
PRD_BB3F58298B3B4FD58DF4,뮤츠 실드전 SR 우승 경품,"",KO
PRD_8F7CD105F639462ABA75,썬&문 강화 확장팩 「리믹스바우트」,썬&문,KO
PRD_60C4B2B436F34869A60E,썬&문 하이클래스팩 「GX 울트라샤이니 ULTIMATE」,썬&문,KO
PRD_C0B08CD7056D46259B43,썬&문 프로모팩 제12탄,"",KO
PRD_D169419057A04FDEBE8B,썬&문 프로모팩 제11탄,"",KO
PRD_A38DB9E803204A518F27,썬&문 프로모팩 제13탄,"",KO
PRD_C82AB769728949D1AB00,썬&문 프로모팩 제8탄,"",KO
PRD_85013CC4B9634E819F22,썬&문 확장팩 제11탄 「미라클트윈」,썬&문,KO
PRD_E086FB5366D74C6FBB43,썬&문 스타터 세트 TAG TEAM GX 「블래키&다크라이 GX」,"",KO
PRD_DDC3BB3CB0314EC4BEF6,썬&문 스타터 세트 TAG TEAM GX 「에브이&테오키스 GX」,"",KO
PRD_3E9DB59EE4A3494BAC2C,썬&문 강화 확장팩 「스카이레전드」,썬&문,KO
PRD_472A74A595644AAF95EA,썬&문 강화 확장팩 「GG엔드」,썬&문,KO
PRD_0F196FC2776F45BC8325,썬&문 파워업덱 BOX 「TAG TEAM GX」,"",KO
PRD_FFD9405FB4944E33A617,썬&문 프로모팩 제7탄,"",KO
PRD_F0E74A54F9F241ADBFE5,스페셜 점보 카드 세트 명탐정 피카츄 「뮤츠 GX ver.」 프로모 카드,"",KO
PRD_DD830B8D50B34700ACCB,스페셜 점보 카드 세트 명탐정 피카츄 「리자몽 GX ver.」 프로모 카드,"",KO
PRD_C928FE6652B14828B4CA,「명탐정 피카츄」영화 프로모 카드,"",KO
PRD_5A89CF566D874D14AD07,썬&문 영화 스페셜 팩 「명탐정 피카츄」,"",KO
PRD_ED6E63DB5B5947769F83,「태그볼트」 「나이트유니슨」 각 1BOX 구매자 프로모 카드,"",KO
PRD_BDAF39161DD0442B99F6,썬&문 확장팩 「더블블레이즈」,썬&문,KO
PRD_E8ABA5503A5340DA8A7F,패밀리 포켓몬 카드 게임 「뮤츠 GX 덱」,"",KO
PRD_F17481B6DC6743DFBFDA,패밀리 포켓몬 카드 게임 「리자몽 GX 덱」,"",KO
PRD_BBEBBF685AA44C9DAF38,패밀리 포켓몬 카드 게임 「라이츄 GX 덱」,"",KO
PRD_231732ED8F2047F39E3E,썬&문 프로모 카드 키스틱 포켓몬,"",KO
PRD_F47B27397A4F495BA9FE,썬&문 강화 확장팩 「풀메탈월」,썬&문,KO
PRD_4EC62866124346138250,썬&문 스타터 세트 격투 「롱스톤 GX」,"",KO
PRD_811F8361E5F040F9A660,썬&문 스타터 세트 물 「아쿠스타 GX」,"",KO
PRD_B4B304E3BD094584B09E,썬&문 강화 확장팩 「나이트유니슨」,썬&문,KO
PRD_F0B2C76547E5479F8E65,썬&문 하이클래스팩 「GX 울트라샤이니」,썬&문,KO
PRD_84AD0AAADD6A491990EE,썬&문 스타터 세트 「물의 샤미드 GX」,"",KO
PRD_F0B27DFABBE04F75BF70,썬&문 스타터 세트 「번개의 쥬피썬더 GX」,"",KO
PRD_15C0A5C104624A34AE78,썬&문 스타터 세트 「불꽃의 부스터 GX」,"",KO
PRD_0D6AE93A1F194DF2AFCC,썬&문 확장팩 「태그볼트」,썬&문,KO
PRD_B4AD08889B964B48AE16,2018-19 코리안리그 시즌1 프로모,"",KO
PRD_32A4D18B7D984066BEDB,썬&문 프로모팩 6탄,"",KO
PRD_93C786DF7318433D88C3,포켓몬스터 극장판 관람 프로모,"",KO
PRD_4ACB97699662497D825B,제크로무 실드전,"",KO
PRD_FC540D961A674244B333,「플라스마 스파크」 2박스 구매 특전,"",KO
PRD_6DB848A34AB046C29FCF,썬&문 강화 확장팩 「다크오더」,썬&문,KO
PRD_625DCF52C5DF48E2A8CE,썬&문 스페셜 점보 카드 세트 「제라오라」,"",KO
PRD_AFDD781CB39B4FCD9356,썬&문 강화 확장팩 「플라스마 스파크」,썬&문,KO
PRD_977ECC80D13C4D5FB4CC,팀배틀 시즌5 참가상,"",KO
PRD_E1C4AAB9A1BC43F5B408,썬&문 강화 확장팩 「GX 배틀부스트 REMASTER」,썬&문,KO
PRD_6066B79FCD694BDCBF82,썬&문 확장팩 제8탄 「버스트임팩트」,썬&문,KO
PRD_D59FE8DA38A0461A8AB8,썬&문 강화 확장팩 「페어리라이즈」,썬&문,KO
PRD_D156945DB7EA44D4A61E,썬&문 프로모팩 5탄,"",KO
PRD_E9B2F9D664AA4F028480,썬&문 전격 스타터 세트 「라이코 GX」,"",KO
PRD_DCA34121E6E144D0B025,DP 랜덤 구축덱,DP 랜덤,KO
PRD_F59042429A0444D3B06F,썬&문 강화 확장팩 「빛나는 전설」,썬&문,KO
PRD_D2E62F137D9A44ACBEBC,썬&문 확장팩 제7탄 「창공의 카리스마」,썬&문,KO
PRD_7313C4299084450DB744,강화 확장팩 「창공의 카리스마」 발매 기념 토너먼트 참가상,강화,KO
PRD_151FCDB5743444E7A349,썬&문 강화 확장팩 「챔피언로드」,썬&문,KO
PRD_6FAC8D9AE7E9486E91BC,썬&문 강화 확장팩 「드래곤스톰」,썬&문,KO
PRD_4078EF17A3154068BD59,강화 확장팩 「드래곤스톰」 발매 기념 토너먼트 참가상,강화,KO
PRD_63E0557D426542D4A27F,짐 프로모팩 4탄,"",KO
PRD_E8406F09762D4FCCAA05,WCSK2018 옐로아이디 선물,"",KO
PRD_D94D0FC538FE41AF9E83,SM 점보 카드 세트 「울트라문」,"",KO
PRD_34C08908EA83487081AE,SM 점보 카드 세트 「울트라썬」,"",KO
PRD_CC9FA5F3736D45FCB4D5,금단의 빛 발매 기념 프로모 팩,"",KO
PRD_53E40A5426654734B2E9,컬렉터즈 프로모 팩 5,"",KO
PRD_1997BDA49DD245B0B42C,울트라포스 동봉 쿠폰 교환,"",KO
PRD_3FDB16A819514C3C85B3,썬&문 확장팩 제6탄 「금단의 빛」,썬&문,KO
PRD_87A114BC5BF44CB19C97,하이클래스팩 「THE BEST OF XY」,"",KO
PRD_0BF9D5EE99F244E7910D,썬&문 강화 확장팩 「울트라포스」,썬&문,KO
PRD_5335DFBF031D4BA68337,XY 프로모 카드,"",KO
PRD_F201E3D7E4F640C7847E,썬&문 확장팩 제5탄 「울트라문」,썬&문,KO
PRD_F6FE8B8F09B645B4BEA7,썬&문 확장팩 제5탄 「울트라썬」,썬&문,KO
PRD_C2F3D1F25B5D470C86DA,썬&문 전설 스타터 세트 「솔가레오 GX ･ 루나아라 GX」,"",KO
PRD_FD8A88C029274D9BBDCD,썬&문 30장 덱 대전 세트 「지우 VS 로켓단」,"",KO
PRD_3325B921A1EE40CDB4A9,썬&문 개조 스타터 세트 「카푸브루루 GX」,"",KO
PRD_029ECD787FAA4FF49543,썬&문 전력 배틀 스타터 세트 「루가루암 GX」,"",KO
PRD_A8106B260252473787F9,썬&문 스타터세트,"",KO
PRD_9931EEE341EA499E9BA6,XY BREAK 메가 배틀 60장 덱 「M다부니 EX」,"",KO
PRD_98DB39ED5AF648B480F3,XY BREAK 퍼펙트 배틀 60장 덱 「지가르데 EX」,"",KO
PRD_90DF902990C541CE80CA,XY BREAK 콤보 60장 덱 「골덕 BREAK +펄기아 EX」,"",KO
PRD_862EB541EECE4AF29866,XY BREAK 30장 덱 「음번 BREAK」,"",KO
PRD_DDC1AB66591E4142A7AF,XY BREAK 30장 덱 「라이츄 BREAK」,"",KO
PRD_818D26F3D81C4F238E24,XY 30장 덱 대전 세트 「염무왕 EX vs 토게키스 EX」,"",KO
PRD_8B8CCB80E13047BEA792,XY 메가 배틀 60장 덱 「M레쿠쟈 EX」,"",KO
PRD_E1A702AE1C6743848A21,XY 레전드 배틀 60장 덱 「제르네아스 EX+이벨타르 EX」,"",KO
PRD_6B06F27E223A4D218C76,XY 하이퍼 메탈 체인 60장 덱 「디아루가 EX+킬가르도 EX」,"",KO
PRD_C16182DE84E248D39982,XY 메가 배틀 60장덱 「M리자몽 EX」,"",KO
PRD_349CEFB2BFFE426BA5CC,XY 「이벨타르 덱」,"",KO
PRD_81E7EDB395FB4AC1BB16,XY 「제르네아스 덱」,"",KO
PRD_3CF5A014B96D497CBCC0,XY 퍼스트세트 「푸호꼬의 진화」,"",KO
PRD_72C2FCD82BB74BE5BC32,XY 퍼스트세트 「도치마론의 진화」,"",KO
PRD_36D9270F2A974BBBBDB0,XY 퍼스트세트 「개구마르의 진화」,"",KO
PRD_E589003FC82F47508E11,BW 최강 폭류 60장 덱 「거북왕 + 큐레무 EX」,"",KO
PRD_86CD5129CCF046C2B933,BW 「플라스마단 덱」,"",KO
PRD_B8529197F11A4E52AE5F,BW 「배틀 강화 60장 덱 - 화이트큐레무 EX」,"",KO
PRD_6214D012A8864479A987,BW 「배틀 강화 60장 덱 - 블랙큐레무 EX」,"",KO
PRD_7978F5DF99064F47BF48,BW 「플라스마단 파워 덱」,"",KO
PRD_E0BF9160048744768357,BW 「케르디오 덱」,"",KO
PRD_10D6832C96234DACA944,BW 「한카리아스 덱」,"",KO
PRD_183E5F07A8A144E7AA3B,BW 「삼삼드래 덱」,"",KO
PRD_CA05633BAB54445194D3,BW 「볼트로스 덱」,"",KO
PRD_66E037FBA41940E7B8E2,BW 「토네로스 덱」,"",KO
PRD_FF50BF328E28468BA713,BW 「배틀 강화 60장 덱 - 제크로무 EX」,"",KO
PRD_86E170EE51714320BD7F,BW 「배틀 강화 60장 덱 - 레시라무 EX」,"",KO
PRD_73948B82DF7242F5AC1F,BW 「배틀 체인지덱 비크티니 덱」,"",KO
PRD_3135C78E60454F98A25E,BW 「배틀 강화덱 - 코바르온 덱」,"",KO
PRD_0988752FBC2D47E2A8FF,BW 「배틀 강화덱 - 테라키온 덱」,"",KO
PRD_829D9BF1CAD049A5A44E,BW 「배틀 강화덱 - 비리디온 덱」,"",KO
PRD_4FC4431D6CA44A24815F,BW 「퍼스트 세트 - 물의 진화」,"",KO
PRD_AD3CC1CC333A48E68C80,BW 「퍼스트 세트 - 불꽃의 진화」,"",KO
PRD_E6A1770F59BA4AC09144,BW 「퍼스트 세트 - 풀의 진화」,"",KO
PRD_0F7D2B3EC9034AEF8846,DP 다크라이덱,"",KO
PRD_FA16AF0F67474420AA5E,DP 크레세리아덱,"",KO
PRD_6AD2C2217702434486C3,DP 펄기아 덱,"",KO
PRD_DAB3F1DE88C5458FB662,DP 디아루가 덱,"",KO
PRD_07B3B25950244680B7FB,썬&문 프로모 카드 BOOK21 <상상초월 포켓몬 과학 연구소> 3권,"",KO
PRD_92937FC633614592977E,썬&문 프로모 카드 포켓몬 카드 게임 프로모 팩 제3탄,"",KO
PRD_343E7FD1BEDE48E1ACA8,썬&문 프로모 카드 코리안리그2017-2018 WINTER 개최 기념 플러스친구 회원 한정 프로모 카드,"",KO
PRD_3344798D08D74388B169,썬&문 프로모 카드 포켓몬 페스타 개최 기념 플러스친구 회원 한정 프로모 카드,"",KO
PRD_7AD628A8843941D19523,썬&문 프로모 카드 컬렉터즈 프로모 팩 4,"",KO
PRD_59325921CEDB48F88695,썬&문 프로모 카드 극장판 포켓몬스터: 너로 정했다! 관람객 선물,"",KO
PRD_124532A8DE6047E38CA8,썬&문 프로모 카드 코리안리그2017-2018 상위 입상 경품,"",KO
PRD_129FF3B10C034C14B2D5,썬&문 프로모 카드 스페셜 점보카드 세트 「칠색조 GX」,"",KO
PRD_6FECFBC555C1465CAFA0,썬&문 프로모 카드 코리안리그2017-2018 BP경품,"",KO
PRD_F2F1079296AF45799968,썬&문 프로모 카드 컬렉터즈 프로모 팩 3,"",KO
PRD_84E368246DB649A9846A,썬&문 프로모 카드 포켓몬 카드 게임 썬&문 프로모 팩 제2탄,"",KO
PRD_7EF4485344944FB58D50,썬&문 프로모 카드 스페셜 점보카드 세트 「카푸꼬꼬꼭 GX」,"",KO
PRD_E4C36327BF1F4DC5891A,썬&문 프로모 카드 포켓몬 월드챔피언십2017 대한민국 대표 선발전 개최 기념 프로모 팩,"",KO
PRD_DF95BC1E26F64439ADEA,썬&문 프로모 카드 포켓몬 카드 게임 썬&문 프로모 팩 제1탄,"",KO
PRD_81A5E69FE9E74FEEADA0,썬&문 프로모 카드 코리안리그2016-2017 SPRING 카드 게임 부문 참가자 선물,"",KO
PRD_84BC5F34E90043A2B281,썬&문 프로모 카드 포켓몬 카드 게임 썬&문 카드 박스 세트 「잠만보 GX」,"",KO
PRD_E7FF840146204CC3ADE7,썬&문 프로모 카드 처음 배우는 교실 30장 덱 「토게데마루 덱」,"",KO
PRD_D2CD753D288C47D9A04E,썬&문 프로모 카드 처음 배우는 교실 30장 덱 「폭거북스 덱」,"",KO
PRD_CD2D408CD162428D93A7,썬&문 프로모 카드 포켓몬 팝업스토어2016 구매 특전,"",KO
PRD_B54AD98347A24597A0D1,썬&문 프로모 카드 「포켓몬스터썬」「포켓몬스터문」구매 특전,"",KO
PRD_F3ACAED44CEB47F5A6A0,BW 프로모 카드,"",KO
PRD_F265D3B2A99147F1993B,DP 프로모 카드,"",KO
PRD_5DB928790C7E449C8459,썬&문 강화 확장팩 「GX 배틀부스트」,썬&문,KO
PRD_B9ABCB229FAD45509D71,썬&문 확장팩 제4탄 「초차원의 침략자」,썬&문,KO
PRD_308E1F33050B4777988E,썬&문 확장팩 제4탄 「각성의 용사」,썬&문,KO
PRD_CF155EC649AE400EB0D1,썬&문 확장팩 제3탄 「빛을 삼킨 어둠」,썬&문,KO
PRD_5358D70C809B48A3851F,썬&문 확장팩 제3탄 「어둠을 밝힌 무지개」,썬&문,KO
PRD_8A0B1007C3C94557BB73,썬&문 강화 확장팩 「새로운 시련」,썬&문,KO
PRD_B037DA2FF59847768F3C,썬&문 확장팩 제2탄 「알로라의 달빛」,썬&문,KO
PRD_580510CA86824BE7B26B,썬&문 확장팩 제2탄 「알로라의 햇빛」,썬&문,KO
PRD_8E7CED8394594453A32D,썬&문 강화 확장팩 「썬&문」,썬&문,KO
PRD_A7690D997FD6483B8C54,썬&문 확장팩 제1탄 「문 컬렉션」,썬&문,KO
PRD_498EC017052748FA9B3C,썬&문 확장팩 제1탄 「썬 컬렉션」,썬&문,KO
PRD_218CE0DABAD1493786DF,XY BREAK 확장팩 제10탄 「초능력의 제왕」,XY BREAK,KO
PRD_E8E7DDCB3A754A04BC5A,XY BREAK 확장팩 BASE PACK 20th Anniversary,XY BREAK,KO
PRD_CE918D5DDD304829AFA2,XY BREAK 확장팩 「환상 전설 드림 컬렉션」,XY BREAK,KO
PRD_83AFAF718E5E44349857,XY BREAK 확장팩 제11탄 「냉혹한 반역자」,XY BREAK,KO
PRD_CBD194134D1F48C5B86E,XY BREAK 확장팩 제11탄 「타오르는 투사」,XY BREAK,KO
PRD_F4FEB5AEAFD341BE97EA,XY BREAK 확장팩 「프리미엄 챔피언팩」,XY BREAK,KO
PRD_46D8E6F1D6A94A918F5A,XY BREAK 확장팩 「포켓심쿵 컬렉션」,XY BREAK,KO
PRD_52E8B395613649EDA22B,XY BREAK 확장팩 제9탄 「천공의 분노」,XY BREAK,KO
PRD_1C6DC92B6C1C4A56A692,XY 확장팩 「레전드 컬렉션」,XY,KO
PRD_1B1F4A770E5A4B92896A,XY BREAK 확장팩 제8탄 「붉은 섬광」,XY BREAK,KO
PRD_E658C5D993B042F88176,XY BREAK 확장팩 제8탄 「푸른 충격」,XY BREAK,KO
PRD_D8F59899D45046079FE1,XY 확장팩 제7탄 「밴디트링」,XY,KO
PRD_9B9032EBA3C24F1ABA5C,XY 확장팩 제6탄 「에메랄드 브레이크」,XY,KO
PRD_07350E5B503F4B7E8115,XY 확장팩 「마그마단vs아쿠아단 더블크라이시스」,XY,KO
PRD_1E0575E3D10E43ACBECB,XY 확장팩 제5탄 「타이달스톰」,XY,KO
PRD_F918066FC0EA4F6B9C99,XY 확장팩 제5탄 「가이아 볼케이노」,XY,KO
PRD_9977B6F18CD34810B58A,XY 확장팩 제1탄 「Y컬렉션」,XY,KO
PRD_42626661804D4BE1B5E2,XY 확장팩 제4탄 「팬텀게이트」,XY,KO
PRD_48B06855BF394BE69706,XY 확장팩 제3탄 「라이징피스트」,XY,KO
PRD_C2C1ECDBD68A4BC08849,XY 확장팩 제2탄 「와일드 블레이즈」,XY,KO
PRD_53EB7B68B0224C239C02,XY 확장팩 제1탄 「X컬렉션」,XY,KO
PRD_A28DEA2BDF4745EEBEF4,BW 확장팩 「EX 배틀 부스트」,BW,KO
PRD_258843B22E7940E8A2A6,BW 확장팩 제9탄 「메갈로캐논」,BW,KO
PRD_FF9AC7CB363846D0A190,BW 확장팩 「샤이니 컬렉션」,BW,KO
PRD_815E43D10B08494B9B51,BW 확장팩 제8탄 「볼트너클」,BW,KO
PRD_D2B25BD104C94F7CA1E1,BW 확장팩 제8탄 「스파이럴포스」,BW,KO
PRD_3904E11581AD4E859320,BW 확장팩 제7탄 「플라스마게일」,BW,KO
PRD_FBAE3D3A352E4D5B856D,BW 확장팩 제6탄 「콜드플레어」,BW,KO
PRD_B0A7A04CD1034734B76D,BW 확장팩 제6탄 「프리즈볼트」,BW,KO
PRD_7F3B825CBCB341F78921,BW 확장팩 제5탄 「드래곤 블레이드」,BW,KO
PRD_52F25CD879E2435AB037,BW 확장팩 제5탄 「드래곤 블라스트」,BW,KO
PRD_9BD0DB6444CC4D43A247,BW 확장팩 「드래곤 컬렉션」,BW,KO
PRD_D3C43A91C1D442598A5C,BW 확장팩 제4탄 「다크러시」,BW,KO
PRD_D26FF272537E40BCB70E,BW 확장팩 제3탄 「사이코 드라이브」,BW,KO
PRD_68FE3CF5A620409F8298,BW 확장팩 제3탄 「헤일 블리자드」,BW,KO
PRD_F516B48B00EC4405B043,BW 확장팩 제2탄 「레드 컬렉션」,BW,KO
PRD_1B7E1128D4A34947BFA3,BW 확장팩 제1탄 「화이트 컬렉션」,BW,KO
PRD_F1AC5248C3E34B408BFD,BW 확장팩 제1탄 「블랙 컬렉션」,BW,KO
PRD_FE3C362E12E14D7686A8,DP 확장팩 고대의 수호자,DP,KO
PRD_B3DED462DD5E47C0ADDD,DP 확장팩 호수의 기적,DP,KO
PRD_90AA859558D449D4A776,DP 확장팩 화려한 전설,DP,KO
PRD_05DDEA7A6EB1402BA37B,DP 확장팩 보이지 않는 힘,DP,KO
PRD_BB9B364579564660B414,DP 확장팩 암흑의 초승달,DP,KO
PRD_E3BB9AFC5E4047EEA2E0,DP 확장팩 7개의 신비,DP,KO
PRD_B7AE1271CF61494A8B08,DP 확장팩 또 다른 세계,DP,KO
PRD_9768E444383E4DC49E5C,DP 확장팩 시공의 격돌,DP,KO
PRD_AD457F77741848B89753,DP 확장팩 불꽃 튀는 대결,DP,KO
PRD_31FFADC1995A46C4B218,DP 확장팩 모험의 시작,DP,KO
PRD_6BEB848A7A87407A9FCD,2016 코리안리그 프로모,"",KO
PRD_866A0C6782AB4E12992B,프리미엄 트레이너 박스 「소드&실드」,"",KO
PRD_2CDAFD8BE7734FB9BBE8,프리미엄 트레이너 박스 「소드 & 실드」,"",KO
PRD_0A7EE93DE4014CF7A4B6,소드 & 실드 강화 확장팩 「전설의 고동」,소드 & 실드,KO
PRD_2CB39C284D804A8D9DFC,포켓몬 카드 게임 스칼렛&바이올렛 「에너지 카드 세트」,"",KO
PRD_13A726E623E74D3CA3C5,실드전 트리플렛비트 참가상,"",KO
PRD_A75BAD93D24E48B099E4,레이징서프 실드전 참가상,"",KO
PRD_D4F5D38383364C38864C,2024 코리안리그 전 시즌 참가 프로모,"",KO
PRD_409911968C5040128A22,크림슨헤이즈 실드전 참가상,"",KO
PRD_A10F5BA8E8AB4A7AB29B,2025 코리안리그 전 시즌 참가 프로모,"",KO
PRD_AD5EA4EFA18649828F7C,미니리그 참가 프로모,"",KO
PRD_9B0B8A3651614CEBBBBF,낙원드래고나 실드전 입상 프로모,"",KO
PRD_C9D61E8CEAA64A3A8F97,낙원드래고나 실드전 참가상,"",KO
PRD_673D7C4F360644C7AE57,스칼렛&바이올렛 프로모 카드 팩 제8탄,"",KO
PRD_B4A074B74479409EB05E,「극장판 포켓몬스터 AG: 뮤와 파동의 용사 루카리오」 극장 선물,"",KO
PRD_8112F8F809D146CB8810,2025 포켓몬 카드샵 대항전 대표 선발전 프로모,"",KO
PRD_FFB3A5A250584AA28007,스칼렛&바이올렛 스페셜 점보 카드 세트 「피카츄」,"",KO
PRD_3D485613010C46EF928E,스칼렛&바이올렛 스타트 덱 Generations 스페셜 배틀 세트,스칼렛&바이올렛,KO
PRD_95C43961AC254D90A5D1,스칼렛&바이올렛 스페셜 세트 「모야모」,"",KO
PRD_565F0036757B45EEB0FC,열풍의 아레나 실드전 참가상,"",KO
PRD_006313F6036040A1AEF9,비크티니 BWR 쟁탈전 프로모 카드 팩,"",KO
PRD_C3C1318A75C14510B12A,코리안리그2017-18 SPRING 참가상,"",KO
PRD_09C0DF8CCA6444FAA2B7,금단의 빛 발매 기념 이벤트,"",KO
PRD_B5647369DF844F21B538,WCSK2018 32강 진출자 선물,"",KO
PRD_2A7A60468B824DD3BE54,2018-19 코리안리그 홀로 에너지 팩,"",KO
PRD_2E0A5BB1EFD74C6A832C,썬&문 프로모 카드 포켓몬 월드챔피언십2018 개최 기념 참가 프로모 카드,"",KO
PRD_A7D6856FFF2C492C8653,썬&문 프로모팩 제14탄,"",KO
PRD_6B125CC9591C46C1B198,2018-19 코리안리그 파이널 홀로 에너지 세트,"",KO
PRD_F0023462D9CE40D1849E,2018-19 코리안리그 파이널 시즌 4강,"",KO
PRD_5FD78658BE9E4C7482D2,2018-19 코리안리그 파이널 시즌 우승,"",KO
PRD_94FE67BDC8B146C5B4C3,2018-19 코리안리그 파이널 시즌 준우승,"",KO
PRD_8EF2E537F3C34D76A2DB,썬&문 프로모 카드 포켓몬 월드챔피언십 2019 개최 기념 참가 프로모 카드,"",KO
PRD_3DAC5E11F2184D54BCCA,뮤츠 실드전 참가상,"",KO
PRD_530B161683774B8CB376,썬&문 프로모 카드 2019-20 코리안리그 시즌 1 카드 게임 부문 우승 경품,"",KO
PRD_B89E22E23FFB4DAAB906,썬&문 프로모 카드 2019-20 코리안리그 시즌 1 카드 게임 부문 참가상,"",KO
PRD_9413DFEFEABC48C995D2,썬&문 프로모 카드 2019-20 코리안리그 시즌 1 카드 게임 부문 4강 진출 경품,"",KO
PRD_FDDB5422181E43B58579,썬&문 프로모 카드 2019-20 코리안리그 시즌 1 카드 게임 부문 준우승 경품,"",KO
PRD_2D87DDC412A746EFAEC7,2026 포켓몬 카드샵 대항전 대표 선발전 프로모,"",KO
PRD_4D9E7AB4411D6FCE526A,소드&실드 「25th ANNIVERSARY CLASSIC COLLECTION」,소드&실드,KO
PRD_F44C2F2640AB4792CB65,포켓몬 카드 페스타 피카츄 프로모,,KO
PRD_A25CB6E36FC71EBDA24B,판초 피카츄 프로모 SM-P037,,KO
PRD_79D926D3E72B4438C2AB,팀 플라즈마 보스 피카츄 프로모,,KO
PRD_B30DFCBCDFBA21BE1C07,미미큐 스페셜 박스 피카츄 프로모,,KO
PRD_0B188D85E3A44B03D1BA,판초 이브이 프로모 SM-P138,,KO
PRD_E070D0BFD0812AE7FEE1,판초 이브이 프로모 SM-P139,,KO
PRD_9EDCB2F3F82B0EAA04B3,피카츄 프로모 SM-P276,,KO
PRD_0822CD02EBF4BC46E659,피카츄 프로모 SM-P003,,KO
PRD_BA2B81F85B96A37C5A65,HGSS 블랙스타 프로모 피카츄,,KO
JP_PROMO_EXCLUSIVE,일본 독점 프로모,Japanese Exclusive Promos,JP
PRD_0CC50B878F5F40BAA824,스칼렛&바이올렛 확장팩 「초전브레이커」,스칼렛&바이올렛,KO
PRD_156BB71C4F5A41C39521,MEGA 확장팩 「닌자스피너」,MEGA,KO
PRD_171222A74859484783EB,스칼렛&바이올렛 확장팩 「와일드포스」,스칼렛&바이올렛,KO
PRD_219AD0EF77CA4165AD0F,스칼렛&바이올렛 하이클래스팩 「샤이니트레저 ex」,스칼렛&바이올렛,KO
PRD_245223BF212C456385F3,스칼렛&바이올렛 확장팩 「미래의 일섬」,스칼렛&바이올렛,KO
PRD_3BEB5A9863D54FE7BE25,소드&실드 확장팩 「퓨전아츠」,소드&실드,KO
PRD_3C9C174C842D499D9A02,스칼렛&바이올렛 확장팩 「스텔라미라클」,스칼렛&바이올렛,KO
PRD_3FAB90CDEC7C43B6A8DF,스칼렛&바이올렛 강화 확장팩 「낙원드래고나」,스칼렛&바이올렛,KO
PRD_488E92535E424D04B2B5,MEGA 확장팩 「메가브레이브」,MEGA,KO
PRD_514C148400944D8AA72F,스칼렛&바이올렛 확장팩 「스노해저드」,스칼렛&바이올렛,KO
PRD_53034524E98C4FE8BF8D,스칼렛&바이올렛 확장팩 「화이트플레어」,스칼렛&바이올렛,KO
PRD_58FB9039FC3548478196,스칼렛&바이올렛 랜덤 스타트 덱 Generations,스칼렛&바이올렛 랜덤,KO
PRD_5AD4DD681C694EAC8DDA,포켓몬 카드 게임 스칼렛&바이올렛 확장팩 「바이올렛 ex」,포켓몬 카드 게임 스칼렛&바이올렛,KO
PRD_66A71505B24242AD9875,스칼렛&바이올렛 강화 확장팩 「열풍의 아레나」,스칼렛&바이올렛,KO
PRD_66FB8C2B312E46E081B1,스칼렛&바이올렛 확장팩 「클레이버스트」,스칼렛&바이올렛,KO
PRD_6F0F228947EF48919808,MEGA 「스타트 덱 100 배틀컬렉션」,"",KO
PRD_7293190A22224C0598D5,스칼렛&바이올렛 강화 확장팩 「나이트원더러」,스칼렛&바이올렛,KO
PRD_767E549F894445C98D52,소드&실드 하이클래스팩 「VMAX 클라이맥스」,소드&실드,KO
PRD_86C30C87F04C465BA58C,MEGA 확장팩 「메가심포니아」,MEGA,KO
PRD_8E32996A2E964C128DBF,스칼렛&바이올렛 확장팩 「고대의 포효」,스칼렛&바이올렛,KO
PRD_90A8D5BDA5664CEF9F48,MEGA 하이클래스팩 「MEGA 드림 ex」,MEGA,KO
PRD_965FA5E5CD004C97AE74,스칼렛&바이올렛 강화 확장팩 「크림슨헤이즈」,스칼렛&바이올렛,KO
PRD_980F0BFCCDBB47558BFA,스칼렛&바이올렛 확장팩 「변환의 가면」,스칼렛&바이올렛,KO
PRD_B269D7FE35F74921BDB2,MEGA 확장팩 「니힐제로」,MEGA,KO
PRD_B4F8E0D2E2414F1DBC9B,소드&실드 하이클래스팩 「VSTAR 유니버스」,소드&실드,KO
PRD_B7309AB1FDF64E4EA6B1,스칼렛&바이올렛 강화 확장팩 「레이징서프」,스칼렛&바이올렛,KO
PRD_B8A7BADF7613420288AC,스칼렛&바이올렛 확장팩 「사이버저지」,스칼렛&바이올렛,KO
PRD_BBA412AFA17F47F4B0BA,스칼렛&바이올렛 ex 스타트 덱,스칼렛&바이올렛 ex,KO
PRD_C017B01380CF490A9480,스칼렛&바이올렛 확장팩 「흑염의 지배자」,스칼렛&바이올렛,KO
PRD_CC65479EEB8C445BB1DF,스칼렛&바이올렛 스페셜 덱 세트 ex 「이상해꽃·리자몽·거북왕」,"",KO
PRD_D26383A636BE42F09D6B,스칼렛&바이올렛 하이클래스팩 「테라스탈 페스타 ex」,스칼렛&바이올렛,KO
PRD_D52A4B350D2344119847,스칼렛&바이올렛 확장팩 「블랙볼트」,스칼렛&바이올렛,KO
PRD_D85C098E2C3449848167,소드&실드 확장팩 「로스트어비스」,소드&실드,KO
PRD_DAB43E31433041FC942F,스칼렛&바이올렛 강화 확장팩 「포켓몬 카드 151」,스칼렛&바이올렛,KO
PRD_DD94FB8DCB7C4A129478,MEGA 확장팩 「인페르노X」,MEGA,KO
PRD_EACC12D2E1D547E3ACE6,소드&실드 확장팩 「칠흑의 가이스트」,소드&실드,KO
PRD_EC14FE47676E4D529FD0,스칼렛&바이올렛 확장팩 「배틀파트너즈」,스칼렛&바이올렛,KO
PRD_ED1CAC91B03F4EAD86F7,포켓몬 카드 게임 스칼렛&바이올렛 확장팩 「스칼렛 ex」,포켓몬 카드 게임 스칼렛&바이올렛,KO
PRD_FA31487748A24EAF9EE3,스칼렛&바이올렛 확장팩 「로켓단의 영광」,스칼렛&바이올렛,KO
PRD_FC339076828C45ED9BA0,포켓몬 카드 게임 스칼렛&바이올렛 강화 확장팩 「트리플렛비트」,포켓몬 카드 게임 스칼렛&바이올렛,KO
