code,ko_name,rarity,jp_ref,score,match_prod_name,match_cid
BS2026002061,나옹 ex,RR,m3_ja-61,0.704,야도란 EX,CRD_494E55E7C59E4B6DA4E3
BS2025001121,무서운 청년,SR,,0.562,웅의 스카우트,CRD_462F20A41FFE435A999B
BS2025006099,로켓단의 트래피더,AR,sv10_ja-99,0.474,두랄루돈 VMAX,CRD_45D3A4AB841C4BAAA951
BS2025007103,활화르바,AR,sv11b_ja-103,0.581,도치마론,CRD_BC53EA80A3024F12B207
BS2025007111,늑골라,AR,sv11b_ja-111,0.477,게노세크트 EX플라스마단,CRD_29545D8447D54F8F9E57
BS2025007150,터검니,AR,sv11b_ja-150,0.546,앤티골,CRD_6912AF9C0880455DB48F
BS2025008005,엘풍 ex,RR,sv11w_ja-159,0.535,엘풍 GX,CRD_3446ADE0F7424C998BED
BS2025008042,탱탱겔 ex,RR,,0.468,몽얌나,CRD_11AB40F57D03470A986E
BS2025008155,바랜드,AR,sv11w_ja-155,0.543,바랜드 V,CRD_AF23FC89109141A7AAF7
BS2025008158,토네로스,AR,sv11w_ja-158,0.652,토네로스 V,CRD_7B0CD02EFB474874B2F9
BS2025008162,탱탱겔 ex,SR,sv11w_ja-162,0.617,푸크린 GX,CRD_83ED01B41C3648FCA47B
BS2025008167,엘풍 ex,SAR,sv11w_ja-159,0.591,엘풍 GX,CRD_5B57F8A6A3104F4E93DA
BS2025008170,탱탱겔 ex,SAR,sv11w_ja-170,0.575,치갈기,CRD_E92B2532AE914FB09891
BS2025009074,깨비참,AR,m1l_ja-74,0.468,호브의 자시안 ex,CRD_F51AD119C51A4A119201
BS2025014029,로토무 ex,RR,,0.485,피카츄 ex,CRD_67EB5EB9C55848ECA538
BS2025014096,로토무 ex,SR,m2_ja-96,0.522,이올브 V,CRD_CA044084B6894F7F9764
BS2025014112,로토무 ex,SAR,m2_ja-112,0.539,이올브 V,CRD_CA044084B6894F7F9764
BS2024001154,시비꼬 ex,RR,,0.441,메가루차불 ex,CRD_68ACF9F3119E4D75BABA
BS2024001337,시비꼬 ex,SSR,sv4a_ja-337,0.646,피죤투 ex,CRD_1EE8B7BE600043EF8C97
BS2024001354,페퍼,SAR,,0.524,이올브 VMAX,CRD_80E06EF89D844F93ABE5
BS2024004053,날뛰는우레 ex,RR,,0.459,고동치는달 ex,CRD_A59B08DC49AD4E5FBFA7
BS2024004082,치라미,AR,sv5k_ja-82,0.573,벼리짱,CRD_64E058D69CF943F5B6C0
BS2024004083,치라치노,AR,sv5k_ja-83,0.547,플러시,CRD_20FE3F484DFE4D9AA9D9
BS2024004089,날뛰는우레 ex,SR,sv5k_ja-89,0.474,미라이돈 ex,CRD_DBE064C8AC1C4B42B193
BS2024004095,날뛰는우레 ex,SAR,sv5k_ja-95,0.478,우렁찬꼬리,CRD_ABBEF153A31344B5ACCA
BS2024004100,날뛰는우레 ex,UR,sv5k_ja-100,0.586,샤로다 VSTAR,CRD_CE735FF66AA14F35A904
BS2024007076,대코파스,AR,sv5a_ja-76,0.518,동탁군,CRD_E1816DF5DFB04C90965B
BS2024008085,해피너스 ex,RR,,0.528,해피너스 V,CRD_3DB07E020BC24EA1AB3B
BS2024008113,럭키,AR,sv6_ja-113,0.476,모야모의 찌리배리 ex,CRD_7C97C49AAB974ED1A3A3
BS2024011076,이븐곰,AR,sv6a_ja-76,0.568,이븐곰 GX,CRD_96FACEB498654D5F9837
BS2024016040,알로라 나시 ex,RR,,0.507,싸리용 ex,CRD_2202D899B2514A12A3B3
BS2024016081,알로라 나시 ex,SR,sv7a_ja-81,0.682,키키링 ex,CRD_0EDD68B570E1472FB48A
BS2024016089,알로라 나시 ex,SAR,sv7a_ja-89,0.49,블래키 ex,CRD_5094F85922274E7CAC3C
BS2024016092,알로라 나시 ex,UR,sv7a_ja-92,0.667,삼삼드래 ex,CRD_B6DCDD8B172E42A098BE
BS2024017112,레어코일,AR,sv8_ja-112,0.47,싸리용 ex,CRD_2202D899B2514A12A3B3
BS2024019022,부스터 ex,RR,sv8a_ja-22,0.748,피카츄 ex,CRD_3C56BFC81EEB4EE89BB1
BS2024019117,타부자고 ex,RR,,0.552,벰크 BREAK,CRD_93D36BC983F24BABBFD1
BS2024019124,날뛰는우레 ex,RR,,0.642,갑주무사 ex,CRD_97880F5EB9DE47029F78
BS2024019222,날뛰는우레 ex,SAR,sv8a_ja-222,0.626,테오키스 VSTAR,CRD_BD23A2FE3D6140978DFB
BS2023001013,리자몽 V,RR,swsh12a_ja-13,0.563,리자몽 GX,CRD_68C455E4A71E4DBA86E7
BS2023001020,바오키 V,RR,swsh12a_ja-20,0.598,비버니,CRD_8710D86E084B46B1A83E
BS2023001068,러브로스 V,RR,,0.527,히스이 조로아크 V,CRD_31C58C5A3B144203BD03
BS2023001086,히스이 대검귀 V,RR,,0.514,갸라도스 V,CRD_1C157708149345C6BF37
BS2023001107,레쿠쟈 V,RR,swshp_ja-3,0.546,석탄산 VMAX,CRD_909F8823101A4097BD2D
BS2023001130,하랑우탄 V,RR,swsh12a_ja-130,0.426,하랑우탄,CRD_C69B5517FEEB4D75832B
BS2023001229,히스이 대검귀 V,SAR,swsh12a_ja-229,0.509,팽도리,CRD_5D857A6DB3B4475CAD61
BS2023007089,떨구새,AR,sv1v_ja-89,0.531,유토브,CRD_811F41C997424C4799EC
BS2023007100,페퍼,SR,,0.468,모젤란,CRD_5563F3670A2C4D95AB21
BS2023007105,페퍼,SAR,,0.445,가디안 ex,CRD_672B4D1A3B27458F9805
BS2023010075,나오하,AR,sv1a_ja-75,0.615,빠모,CRD_D8CA3FC24E11442D97E0
BS2023011065,시비꼬 ex,RR,,0.42,메가루차불 ex,CRD_68ACF9F3119E4D75BABA
BS2023011089,시비꼬 ex,SR,sv2p_ja-89,0.63,윽우지 V,CRD_25C4E5DDBD5348CBACD3
BS2023011094,시비꼬 ex,SAR,sv2p_ja-94,0.698,뮤 ex,CRD_828E8D059DF7414D891B
BS2023012080,태깅구르,AR,sv2d_ja-80,0.566,글라디오의 결전,CRD_873556EEE0BA8B3B376D
BS2023015085,부르르룸 ex,RR,,0.581,후파 V,CRD_FF43D0C9318B45C5AAE4
BS2023015127,부르르룸 ex,SR,sv3_ja-127,0.483,킬가르도 ex,CRD_6E9405D59DA14754A6EE
BS2023015135,부르르룸 ex,SAR,sv3_ja-135,0.415,조로아,CRD_24EBBFED607C41D7B562
BS2023020050,타부자고 ex,RR,,0.541,벰크 BREAK,CRD_93D36BC983F24BABBFD1
BS2023020079,타부자고 ex,SR,sv3a_ja-79,0.533,트래피더 ex,CRD_AA42D1C0CC194B35AB8C
BS2023020087,타부자고 ex,SAR,sv3a_ja-87,0.53,지우의 피카츄,CRD_2165621DAD614A36A40F
BS2023021072,비조도,AR,sv4k_ja-72,0.579,히스이 포푸니크 V,CRD_9F8E15C89ACC4214A5CF
BS2023021075,더스트나,AR,sv4k_ja-75,0.585,어리짱,CRD_6622C5C878F244828DA2
BS2023022077,폴리곤Z,AR,sv4m_ja-77,0.569,노고치,CRD_02610BA308E64C70A526
BS2022001084,가라르 썬더 V,RR,,0.538,꿰뚫는화염 ex,CRD_69A3E53625B647AE962F
BS2022001118,자마젠타 V,RR,,0.716,자마젠타 V,CRD_66B86CAACE834BA39882
BS2022001119,레쿠쟈 V,RR,,0.549,석탄산 VMAX,CRD_909F8823101A4097BD2D
BS2022001120,레쿠쟈 VMAX,RRR,swsh8b_ja-120,0.711,레쿠쟈 VMAX,CRD_C0490A67B50C41B78069
BS2022001123,두랄루돈 VMAX,RRR,swsh8b_ja-123,0.692,두랄루돈 VMAX,CRD_1A87BECFAC1647F98FBC
BS2022001196,가디안,CHR,swsh8b_ja-196,0.522,차데스,CRD_F72303775E8749409E5B
BS2022001198,야느와르몽,CHR,swsh8b_ja-198,0.492,무쇠손 ex,CRD_E199C322E0DF4D0A881B
BS2022001201,마휘핑,CHR,swsh8b_ja-201,0.51,마이농,CRD_0A536D17231946EBBE81
BS2022001237,가라르 썬더 V,CSR,swsh8b_ja-237,0.635,번치코,CRD_F28F173457F54FE4BE06
BS2022001251,자마젠타 V,CSR,swsh8b_ja-251,0.689,자마젠타 V,CRD_2A1A9C89BB3947378F7C
BS2022001253,두랄루돈 VMAX,CSR,swsh8b_ja-253,0.663,두랄루돈 VMAX,CRD_1A87BECFAC1647F98FBC
BS2022002014,리자몽 V,RR,swsh9_ja-14,0.557,다태우지네 V,CRD_97AC02D307514BA797A4
BS2022002050,엘풍 VSTAR,RRR,swsh9_ja-50,0.66,레지기가스 VSTAR,CRD_B13EADBBACFC415DBE7D
BS2022002064,돈크로우 V,RR,swsh9_ja-64,0.53,히스이 모크나이퍼 V,CRD_BCA5D115D41A4E2A875F
BS2022002116,해당의 백업,SR,,0.596,아크로마플라스마단,CRD_4CCBCECB375543B99CEB
BS2022002124,해당의 백업,HR,,0.727,박사의 연구(매그놀리아박사),CRD_E4D0E0A32E434B4396AD
BS2022004085,히스이 대검귀 V,RR,,0.562,스이쿤 V,CRD_22F914B318E7499997AE
BS2022004123,히스이 대검귀 V,SR,swsh9a_ja-78,0.459,가비루사,CRD_8ACEB76FEF1F4466B0B9
BS2022007025,지라치 V,RR,,0.691,지라치 EX,CRD_5EE6DC9AFBE242028F0F
BS2022008058,하랑우탄 V,RR,,0.428,하랑우탄,CRD_C69B5517FEEB4D75832B
BS2022008076,하랑우탄 V,SR,swsh10p_ja-76,0.626,루가루암 VMAX,CRD_7287BB47FFDE4919A94C
BS2022011053,러브로스 V,RR,,0.536,히스이 조로아크 V,CRD_31C58C5A3B144203BD03
BS2022011129,러브로스 V,SR,swsh10a_ja-80,0.375,에이스번 ex,CRD_A497F0378C1349F19C8B
BS2022011137,러브로스 V,CSR,swsh10a_ja-88,0.606,아세로라의 장난,CRD_3392C238DFEC4357BA88
BS2022014037,로토무 V,RR,,0.562,비크티니 VMAX,CRD_457C08948A2D49189AA1
BS2022014102,로토무 V,SR,swsh11_ja-103,0.44,아쿠스타 V,CRD_882A64CAAD1048D2BE8D
BS2022014103,로토무 V,SR,swsh11_ja-104,0.492,로켓단의 나옹,CRD_218DB829F1974CEA95DF
BS2022016015,레시라무 V,RR,,0.737,레시라무 GX,CRD_DFA86BCCB5434D858268
BS2022016051,마기아나 V,RR,,0.662,마기아나 EX,CRD_9E959C4AF6BA480FA670
BS2022016055,칠색조 V,RR,,0.625,칠색조 EX,CRD_21362825A5DE48988411
BS2022016073,루브도,CHR,swsh11a_ja-73,0.44,메가디안시 ex,CRD_59D948D23D9B4A8997F2
BS2022016076,레시라무 V,SR,swsh11a_ja-76,0.713,레시라무 ex,CRD_3F605DD9C57145F4A405
BS2022016079,마기아나 V,SR,swsh11a_ja-79,0.64,마기아나 EX,CRD_9E959C4AF6BA480FA670
BS2022016080,칠색조 V,SR,swsh11a_ja-80,0.73,심향의 칠색조 ex,CRD_5B85A98483504BD2B701
BS2021002075,네크로즈마 V,SR,swsh5r_ja-75,0.698,무한다이노 VMAX,CRD_9A16B5CDB26D4457BDC6
BS2021003037,가라르 썬더 V,RR,,0.538,꿰뚫는화염 ex,CRD_69A3E53625B647AE962F
BS2021004047,레파르다스 V,RR,swsh6h_ja-77,0.501,갸라도스 GX,CRD_64C02283DD0E49BEA124
BS2021004077,레파르다스 V,SR,swsh6h_ja-77,0.513,스트린더 V,CRD_4F48AF7F7CD84E0EA0B1
BS2021011031,더스트나 VMAX,RRR,swsh7d_ja-31,0.591,모르페코 VMAX,CRD_7E8265C1D8B44E03910F
BS2021012015,불카모스 V,RR,,0.491,불카모스 GX,CRD_3B28179308924FD388CA
BS2021012046,레쿠쟈 V,RR,,0.553,석탄산 VMAX,CRD_909F8823101A4097BD2D
BS2021015019,자마젠타 V,RR,,0.572,자마젠타 V,CRD_0C0972C263B343A4BB0D
BS2021015020,피카츄 V,RR,,0.606,피카츄 V,CRD_F2B2E546E51145C0BB3F
BS2021015021,공중날기 피카츄 V,RR,,0.452,파비코,CRD_3B37F7C8EEF44621A6E1
BS2021015022,공중날기 피카츄 VMAX,RRR,swsh8a_ja-22,0.542,피카츄 VMAX,CRD_43A31E18194141E18BFC
BS2021015023,파도타기 피카츄 V,RR,,0.505,조타구 ex,CRD_40E593A0BF374678B1E8
BS2021015024,파도타기 피카츄 VMAX,RRR,swsh8a_ja-24,0.737,피카츄 VMAX,CRD_E7759AA33E7B4CA9AE03
BS2021018015,샹델라 VMAX,RRR,swsh8_ja-15,0.691,샹델라 V,CRD_0B17CA38B6334F20B964
BS2020003044,자마젠타 V,RR,,0.716,자마젠타 V,CRD_66B86CAACE834BA39882
BS2020003065,자마젠타 V,SR,swsh1h_ja-65,0.683,자마젠타 V,CRD_2A1A9C89BB3947378F7C
BS2020011066,핫삼 V,RR,,0.627,핫삼 ex,CRD_84F100B202834C6DAE3B
BS2020012013,자루도 V,RR,,0.65,날개치는머리,CRD_DD0DF5ACA37B41DF8B8C
BS2020012077,자루도 V,SR,swsh3a_ja-77,0.648,히스이 윈디 V,CRD_99B80601C8BF404186BC
BS2020014107,드래피온 V,SR,swsh4_ja-107,0.53,드래피온 VSTAR,CRD_9F777E2B3AF448D78288
BS2020016139,자마젠타 V,RR,,0.668,자마젠타 V,CRD_66B86CAACE834BA39882
BS2020016140,메타몽 V,RR,,0.49,고래왕 V,CRD_3F2D5876782D4E44B4B3
