card_id,name,rarity,collection_number,jp_ref,en_ref,ko_price,selected_source,coef_key,coef_value,en_raw_krw,true_raw_estimate_krw,estimate_basis,under_x,severity,snk_raw_krw,snk_n,snk_psa10_krw,jp_raw_krw,jp_psa10_krw,jp_psa9_krw,ladder_broken,blind_spot_low62,en_fallback,snk_quality
CRD_4CA4DA6436B34162B705,카푸느지느 GX,SR,052/049,sm2p_ja-52,sm3-133,1497,EN,en_SM_SR,0.168000,8912,9218880,SCRYDEX_JP_RAW,6158.2,CRITICAL,0,0,0,9218880,183568,0,RAW_OVER_PSA10,Y,Y,NO_SNK
CRD_E50466E481104F58984B,비파리온 GX,SR,055/051,sm1p_ja-55,sm2-134,745,JP,jp_SM_SR,0.078400,9500,1536480,SCRYDEX_JP_RAW,2062.4,CRITICAL,0,0,0,1536480,0,0,,,,NO_SNK
CRD_7EBB72125E6E436B8589,피카츄,SM-P,164/SM-P,NO_JP,sm11-55,720,EN,en_GLOBAL,0.321100,2243,475000,SNK_RAW(n4),659.7,CRITICAL,475000,4,2641000,0,0,0,,Y,,SNK_THIN
CRD_8D798C34EC514D40851D,피카츄,SM-P,069/SM-P,NO_JP,sm3-40,424,EN,en_GLOBAL,0.321100,1321,269401,SNK_RAW(n4),635.4,CRITICAL,269401,4,607981,0,0,0,,Y,,SNK_THIN
CRD_7A536360D1EC48FB885A,피카츄,PR,,NO_JP,xy3-27,2620,EN,en_GLOBAL,0.321100,8159,1425000,SNK_RAW(n1),543.9,CRITICAL,1425000,1,3990000,0,0,0,,Y,,SNK_THIN
CRD_DDED4EDE29E446F7B0C3,릴리에,SR,065/060,sm1m_ja-66,sm1-147,12646,EN,en_SM_SR,0.168000,75272,4465000,SNK_RAW(n2),353.1,CRITICAL,4465000,2,13268327,0,11347897,3135928,,Y,Y,SNK_THIN
CRD_C7EE29160ED94C72BB44,이슬의 의욕,SR,113/100,cp6_ja-99,xy12-108,7884,EN,en_XY_SR,0.134400,58663,1900000,SCRYDEX_JP_RAW,241.0,CRITICAL,0,0,2422500,1900000,1448352,643702,RAW_OVER_PSA9;RAW_OVER_PSA10,Y,Y,NO_SNK
CRD_435238B98B534ED1A50A,마마네,SR,057/049,NO_JP,sm3-146,1851,EN,en_SM_SR,0.168000,11017,427500,SNK_RAW(n2),231.0,CRITICAL,427500,2,1045000,115236,0,0,,Y,,SNK_THIN
CRD_95F74899B927469997D4,아세로라,SR,056/049,sm2p_ja-56,sm3-142,13051,EN,en_SM_SR,0.168000,77684,2208750,PSA10x0.15,169.2,CRITICAL,0,0,14725000,0,5681838,2900016,,Y,Y,NO_SNK
CRD_AA4A41F8F67F4044A169,레쿠쟈 EX,PR,,xyp_ja-123,xyp-XY66,4975,JP,jp_PR,0.085500,58187,712500,SNK_RAW(n5),143.2,CRITICAL,712500,5,2652077,39180,2542795,0,,,,SNK_CONFIRMED
CRD_D9AD2D4FCCF34C3D93DB,블래키 EX,SR,082/078,xy10_ja-82,xy10-119,30418,EN,en_XY_SR,0.134400,226324,4275000,SCRYDEX_JP_RAW,140.5,CRITICAL,0,0,8645000,4275000,7073568,0,,Y,Y,NO_SNK
CRD_6844172254A344548A6C,코르니,SR,102/096,xy3_ja-102,xy3-111,8246,EN,en_XY_SR,0.134400,61352,1140000,SCRYDEX_JP_RAW,138.2,CRITICAL,0,0,1291990,1140000,1529020,344794,RAW_OVER_PSA9,Y,Y,NO_SNK
CRD_66939CDD71824EF5877F,루자미네,SR,055/050,sm4a_ja-55,sm4-110,11203,EN,en_SM_SR,0.168000,66683,1520000,SCRYDEX_JP_RAW,135.7,CRITICAL,0,0,2131762,1520000,2007542,758593,RAW_OVER_PSA9,Y,Y,NO_SNK
CRD_9B730AEF79F94A5BB4C8,선배&후배,SR,078/070,xy5g_ja-77,xy5-160,6001,EN,en_XY_SR,0.134400,44650,712500,SCRYDEX_JP_RAW,118.7,CRITICAL,0,0,1025050,712500,538123,442055,RAW_OVER_PSA9;RAW_OVER_PSA10,Y,Y,NO_SNK
CRD_7677BD40116548CBA138,포켓몬 레인저,SR,058/054,xy11c_ja-58,xy11-113,1602,EN,en_XY_SR,0.134400,11923,190000,SCRYDEX_JP_RAW,118.6,CRITICAL,0,0,254600,190000,317480,0,,Y,Y,NO_SNK
CRD_A078581BD72D413189A8,피카츄 V,RR,001/024,NO_JP,swshp-SWSH285,1628,EN,en_RR,0.188200,8650,180490,SNK_RAW(n10),110.9,CRITICAL,180490,10,469205,0,0,0,,Y,,SNK_CONFIRMED
CRD_774A388CB1DC46F384AE,뮤츠 EX,SR,108/100,cp6_ja-95,xy12-103,8047,EN,en_XY_SR,0.134400,59877,855000,SCRYDEX_JP_RAW,106.3,CRITICAL,0,0,4233827,855000,4217526,804937,RAW_OVER_PSA9,Y,Y,NO_SNK
CRD_4E8F8D42F8524276A6BD,뮤츠 GX,RR,027/080,NO_JP,sm115-31,2718,EN,en_RR,0.188200,14443,285000,SNK_RAW(n4),104.9,CRITICAL,285000,4,627000,0,0,0,,Y,,SNK_THIN
CRD_BE12D91B22794119B3E1,글레이시아 EX,SR,079/078,xy10_ja-79,xy10-116,6912,EN,en_XY_SR,0.134400,51426,712500,SCRYDEX_JP_RAW,103.1,CRITICAL,0,0,0,712500,3822550,0,,Y,Y,NO_SNK
CRD_2E8CB13E9FEE40A28A14,웅의 근성,SR,112/100,cp6_ja-100,xy12-107,2168,EN,en_XY_SR,0.134400,16133,218500,SCRYDEX_JP_RAW,100.8,CRITICAL,0,0,361000,218500,290606,20355,RAW_OVER_PSA9,Y,Y,NO_SNK
CRD_DE454A6B91944E2B8AD3,로켓단의 공작,SR,087/078,xy10_ja-87,xy10-124,5247,EN,en_XY_SR,0.134400,39042,522500,SCRYDEX_JP_RAW,99.6,CRITICAL,0,0,1130500,522500,501960,229108,RAW_OVER_PSA9;RAW_OVER_PSA10,Y,Y,NO_SNK
CRD_1EDE2D3DF6644957B409,기라티나(프리즘스타),PR,030/066,sm5m_ja-30,sm5-58,1101,JP,jp_PR,0.085500,12876,105554,SNK_RAW(n1),95.9,CRITICAL,105554,1,340100,12876,442216,77282,,,,SNK_THIN
CRD_866593D4A5494DF285FE,이브이,AR,755/742,NO_JP,svp-173,7863,EN,en_AR,0.343900,22863,746643,SNK_RAW(n73),95.0,CRITICAL,746643,73,1467740,0,0,0,,Y,,SNK_CONFIRMED
CRD_67397D46BAC44F998127,피죤투 EX,SR,109/100,cp6_ja-96,xy12-104,2342,EN,en_XY_SR,0.134400,17424,218500,SNK_RAW(n1),93.3,CRITICAL,218500,1,520600,237500,363390,54999,RAW_OVER_PSA9,Y,Y,SNK_THIN
CRD_E1885E2AE59048FFA835,파비코리 EX,SR,086/078,xy10_ja-86,xy10-123,2744,EN,en_XY_SR,0.134400,20420,247000,SCRYDEX_JP_RAW,90.0,CRITICAL,0,0,0,247000,496932,196601,RAW_OVER_PSA9,Y,Y,NO_SNK
CRD_48B3B385581F4DFEA769,아기씨,SR,100/094,sm6_ja-100,sma-SV86,3908,EN,en_SM_SR,0.168000,23262,351500,SCRYDEX_JP_RAW,89.9,CRITICAL,0,0,0,351500,433538,83691,RAW_OVER_PSA9,Y,Y,NO_SNK
CRD_89A20BE9777E4815B50C,M이상해꽃 EX,SR,102/100,cp6_ja-89,xy12-100,7521,EN,en_XY_SR,0.134400,55959,613824,SCRYDEX_JP_RAW,81.6,CRITICAL,0,0,921500,613824,654656,88551,RAW_OVER_PSA9,,Y,NO_SNK
CRD_274ED0D22EC54F229DAE,포켓몬 브리더,SR,077/072,sm3p_ja-77,sm35-73,2948,EN,en_SM_SR,0.168000,17547,237500,SNK_RAW(n1),80.6,CRITICAL,237500,1,513000,115221,317990,0,,,Y,SNK_THIN
CRD_217550E39F654896867F,AZ,SR,093/088,xy4_ja-93,xy4-117,5328,EN,en_XY_SR,0.134400,39641,427500,SCRYDEX_JP_RAW,80.2,CRITICAL,0,0,0,427500,247701,0,RAW_OVER_PSA10,Y,Y,NO_SNK
CRD_DB71489497854EF98781,M가디안 EX,SR,057/054,xy11c_ja-57,xy11-112,11149,EN,en_XY_SR,0.134400,82955,855000,SCRYDEX_JP_RAW,76.7,CRITICAL,0,0,1477772,855000,856251,0,,Y,Y,NO_SNK
CRD_9522A25A78764F77B225,M리자몽 EX,SR,104/100,cp6_ja-91,xy12-101,31488,EN,en_XY_SR,0.134400,234282,2304720,SCRYDEX_JP_RAW,73.2,CRITICAL,0,0,6460000,2304720,6042041,1524922,RAW_OVER_PSA9,,Y,NO_SNK
CRD_EB9C07F79DA046F0824B,가디안 EX,SR,056/054,xy11c_ja-56,xy11-111,4287,EN,en_XY_SR,0.134400,31897,313500,SCRYDEX_JP_RAW,73.1,CRITICAL,0,0,0,313500,388371,0,,Y,Y,NO_SNK
CRD_FE47117BF3F441FEA5A6,리자몽 GX,SR,052/051,sm3h_ja-52,smp-SM60,13436,EN,en_SM_SR,0.168000,79974,949990,SNK_RAW(n1),70.7,CRITICAL,949990,1,3517176,345708,2369432,231798,RAW_OVER_PSA9,,Y,SNK_THIN
CRD_AE113DCC3BAE4D84AB6A,뮤츠 GX,SR,075/072,sm3p_ja-75,sm35-72,7287,EN,en_SM_SR,0.168000,43375,513000,SNK_RAW(n3),70.4,CRITICAL,513000,3,1871500,112670,1443135,186647,,,Y,SNK_THIN
CRD_ECF4D706A0EC47988C66,글라디오,SR,055/050,sm4s_ja-55,sm4-109,4040,EN,en_SM_SR,0.168000,24046,266000,SCRYDEX_JP_RAW,65.8,CRITICAL,0,0,316806,266000,168100,166663,RAW_OVER_PSA9;RAW_OVER_PSA10,Y,Y,NO_SNK
CRD_014588FE8AC842E3A70E,포켓몬애호가클럽,SR,086/080,xy2_ja-87,xy2-106,5115,EN,en_XY_SR,0.134400,38059,323000,SCRYDEX_JP_RAW,63.1,CRITICAL,0,0,494000,323000,581028,0,,Y,Y,NO_SNK
CRD_64AF5808BBFB437AAAD3,블래키&다크라이 GX,SR,182/173,sm12a_ja-182,smp-SM241,33127,JP,jp_SM_SR,0.078400,422532,2090000,SNK_RAW(n4),63.1,CRITICAL,2090000,4,2850000,422532,3316723,419178,RAW_OVER_PSA9,,,SNK_THIN
CRD_2C17B97D2D95413699E9,뮤츠&뮤 GX,SR,098/094,sm11_ja-98,smp-SM191,49130,JP,jp_SM_SR,0.078400,626653,3040000,SNK_RAW(n8),61.9,CRITICAL,3040000,8,5206000,630218,5131264,1176672,,,,SNK_CONFIRMED
CRD_3E0AD8CAAB4F44D5B183,레시라무,SR,055/053,bw1b_ja-55,bw1-113,16858,EN,en_BW_SR,0.100000,168583,1026000,SNK_RAW(n1),60.9,CRITICAL,1026000,1,2422500,1425000,6443191,484669,RAW_OVER_PSA9,Y,Y,SNK_THIN
CRD_3AEB0958DF704E919E03,M야도란 EX,RR,027/100,xyp_ja-263,xy12-27,2848,EN,en_RR,0.188200,15134,171000,SNK_RAW(n1),60.0,CRITICAL,171000,1,448875,54253,254383,0,,,Y,SNK_THIN
CRD_7BA2781997C84AA48CE9,쉐이미 EX,SR,021/025,sc1_ja-21,bw11-RC21,6161,EN,en_BW_SR,0.100000,61613,351500,SCRYDEX_JP_RAW,57.1,CRITICAL,0,0,949990,351500,877726,331658,RAW_OVER_PSA9,Y,Y,NO_SNK
CRD_0161FB6AE117410F872F,M거북왕 EX,SR,106/100,cp6_ja-93,xy12-102,13551,EN,en_XY_SR,0.134400,100824,760000,SCRYDEX_JP_RAW,56.1,CRITICAL,0,0,1460596,760000,1037840,174308,RAW_OVER_PSA9,Y,Y,NO_SNK
CRD_F95BEA7A5720433E9FDF,풍란,SR,076/070,bw7_ja-76,bw7-149,33749,EN,en_BW_SR,0.100000,337488,1805000,SCRYDEX_JP_RAW,53.5,CRITICAL,0,0,2971600,1805000,3307790,0,,Y,Y,NO_SNK
CRD_15F5F5A58D814B10953B,님피아 GX,RR,,smp_ja-323,sm2-92a,6237,EN,en_RR,0.188200,33142,332500,SNK_RAW(n1),53.3,CRITICAL,332500,1,740050,266000,614574,382860,,Y,Y,SNK_THIN
CRD_2893BDF7C7674E7A8E66,게치스플라스마단,SR,055/051,bw8s_ja-55,bw9-115,12131,EN,en_BW_SR,0.100000,121305,646000,SCRYDEX_JP_RAW,53.3,CRITICAL,0,0,1216000,646000,839961,116111,RAW_OVER_PSA9,Y,Y,NO_SNK
CRD_C7C3982EEEB34C529318,킹드라 EX,SR,085/078,xy10_ja-85,xy10-122,3932,EN,en_XY_SR,0.134400,29255,209000,SCRYDEX_JP_RAW,53.2,CRITICAL,0,0,646000,209000,487589,122337,RAW_OVER_PSA9,Y,Y,NO_SNK
CRD_DBCFA7ECE36342E69356,리자몽 EX,PR,,xyp_ja-30,xyp-XY17,8049,JP,jp_PR,0.085500,94140,416100,SNK_RAW(n9),51.7,CRITICAL,416100,9,1436875,26120,1162890,167418,,,,SNK_CONFIRMED
CRD_43A31E18194141E18BFC,피카츄 VMAX,PR,S-P 74,swshp_ja-123,swshp-SWSH062,8466,EN,en_GLOBAL,0.321100,26366,437000,SNK_RAW(n11),51.6,CRITICAL,437000,11,707275,153648,628170,130463,RAW_OVER_PSA9,,Y,SNK_CONFIRMED
CRD_888168EF50BE4F89B720,비케,SR,057/051,sm3n_ja-57,sm3-147,6022,JP,jp_SM_SR,0.078400,76809,305760,SCRYDEX_JP_RAW,50.8,CRITICAL,0,0,479750,305760,497239,220204,RAW_OVER_PSA9,,,NO_SNK
CRD_9A22F928864948BBAE25,마오,SR,055/050,sm2l_ja-55,sm2-145,8655,EN,en_SM_SR,0.168000,51518,427500,SNK_RAW(n2),49.4,CRITICAL,427500,2,1045000,115236,490266,225011,,,Y,SNK_THIN
CRD_939D613E789B4D44AE56,지우의 피카츄,SM-P,049/SM-P,smp_ja-76,smp-SM114,17791,EN,en_GLOBAL,0.321100,55405,855000,SNK_RAW(n1),48.1,CRITICAL,855000,1,1501000,0,1237344,87154,,Y,Y,SNK_THIN
CRD_950D0856241946C48A38,후딘 EX,SR,080/078,xy10_ja-80,xy10-117,5939,EN,en_XY_SR,0.134400,44189,285000,SCRYDEX_JP_RAW,48.0,CRITICAL,0,0,560500,285000,756968,104753,RAW_OVER_PSA9,Y,Y,NO_SNK
CRD_4681609374F6454994EB,루티아,SR,102/096,sm7_ja-104,sm7-164,49623,EN,en_SM_SR,0.168000,295373,2375000,SCRYDEX_JP_RAW,47.9,CRITICAL,0,0,2679000,2375000,2761804,0,,Y,Y,NO_SNK
CRD_4326CC9CE8E842FB8F45,벨,SR,063/059,bw6c_ja-63,bw7-147,31999,EN,en_BW_SR,0.100000,319987,1520000,SCRYDEX_JP_RAW,47.5,CRITICAL,0,0,1448750,1520000,1556925,439991,RAW_OVER_PSA9,Y,Y,NO_SNK
CRD_FFF8E815F394423595FC,라이츄 GX,SR,074/072,sm3p_ja-74,smp-SM90,2628,EN,en_SM_SR,0.168000,15641,123500,SCRYDEX_JP_RAW,47.0,CRITICAL,0,0,0,123500,122001,0,RAW_OVER_PSA10,Y,Y,NO_SNK
CRD_7F78F4DCAE1340BCA119,다크라이 EX,RR,072/171,xy_ja-72,xy9-74,2467,EN,en_RR,0.188200,13106,114000,SNK_RAW(n1),46.2,CRITICAL,114000,1,306850,27657,260912,76258,,,Y,SNK_THIN
CRD_4F9A907B588C4D71ADBF,민진,SR,088/078,xy6_ja-89,xy6-107,3709,EN,en_XY_SR,0.134400,27595,171000,SCRYDEX_JP_RAW,46.1,CRITICAL,0,0,182875,171000,424257,168957,RAW_OVER_PSA9,Y,Y,NO_SNK
CRD_6E9E05529FE044859508,미라이돈,PR,,svp_ja-48,svp-13,4549,EN,en_GLOBAL,0.321100,14166,209000,SNK_RAW(n2),45.9,CRITICAL,209000,2,304000,256500,237487,226295,RAW_OVER_PSA9;RAW_OVER_PSA10,Y,Y,SNK_THIN
CRD_E63A3661A70B481E984A,라티오스 EX,SR,054/051,bw8s_ja-54,bw9-113,12906,JP,jp_BW_SR,0.056000,230472,568100,SNK_RAW(n1),44.0,CRITICAL,568100,1,2280000,230472,2073740,359785,,,,SNK_THIN
CRD_45C9E6F60F414FF4A7C1,망나뇽 EX,SR,111/100,cp6_ja-98,xy12-106,10872,EN,en_XY_SR,0.134400,80896,460944,SCRYDEX_JP_RAW,42.4,CRITICAL,0,0,2632288,460944,2572981,270266,RAW_OVER_PSA9,,Y,NO_SNK
CRD_B443DB37EB0D40308182,M레쿠쟈 EX,SR,086/078,xy6_ja-86,xy6-105,73912,EN,en_XY_SR,0.134400,549937,3135000,SCRYDEX_JP_RAW,42.4,CRITICAL,0,0,9025000,3135000,7177847,344442,RAW_OVER_PSA9,Y,Y,NO_SNK
CRD_C1608F37F71B44D08013,M뮤츠 EX,SR,063/059,xy8r_ja-63,xy8-160,29889,EN,en_XY_SR,0.134400,222390,1235000,SCRYDEX_JP_RAW,41.3,CRITICAL,0,0,2508000,1235000,1885587,0,,Y,Y,NO_SNK
CRD_32E8F32B11894AB188C1,플루메리,SR,057/051,sm3h_ja-57,sm3-145,3634,EN,en_SM_SR,0.168000,21634,145966,SCRYDEX_JP_RAW,40.2,CRITICAL,0,0,0,145966,169919,96818,RAW_OVER_PSA9,,Y,NO_SNK
CRD_C89D33E80FC541129360,플라드리,SR,087/080,xy2_ja-85,xy2-104,6637,EN,en_XY_SR,0.134400,49382,266000,SCRYDEX_JP_RAW,40.1,CRITICAL,0,0,0,266000,274000,57430,RAW_OVER_PSA9,Y,Y,NO_SNK
CRD_73CA21A2A3EB47D1AF95,뮤츠&뮤 GX,SR,097/094,sm11_ja-97,sm11-222,8989,JP,jp_SM_SR,0.078400,114652,359100,SNK_RAW(n19),39.9,CRITICAL,359100,19,1301500,114652,1260032,104926,RAW_OVER_PSA9,,,SNK_CONFIRMED
CRD_5854A8B691CA4AF9B909,TV 리포터,SR,073/066,sm6b_ja-74,sm7-167,6023,JP,jp_SM_SR,0.078400,76824,237500,SNK_RAW(n1),39.4,CRITICAL,237500,1,232750,76824,304565,108530,,,,SNK_THIN
CRD_9337246D91AB42D89EBE,뮤츠 EX,SR,062/059,xy8r_ja-62,xy8-158,14532,EN,en_XY_SR,0.134400,108122,570000,SCRYDEX_JP_RAW,39.2,CRITICAL,0,0,2365490,570000,2564257,195324,RAW_OVER_PSA9,Y,Y,NO_SNK
CRD_EE1FFF9039E742F39F0C,M썬더볼트 EX,RR,174/171,xy_ja-174,xy4-24a,3918,EN,en_RR,0.188200,20819,153571,SCRYDEX_JP_RAW,39.2,CRITICAL,0,0,285000,153571,358882,0,,,Y,NO_SNK
CRD_8B7637F128294F9EB800,피카츄&제크로무 GX,SR,101/095,sm9_ja-101,smp-SM168,60671,EN,en_SM_SR,0.168000,361134,2374990,SNK_RAW(n5),39.1,CRITICAL,2374990,5,6265250,2850000,5930532,1842482,RAW_OVER_PSA9,Y,Y,SNK_CONFIRMED
CRD_0596431CCC63469EA0C3,블래키 GX,SR,063/060,sm1m_ja-63,sm1-142,13436,EN,en_SM_SR,0.168000,79974,522500,SNK_RAW(n1),38.9,CRITICAL,522500,1,1180375,570000,998205,274872,RAW_OVER_PSA9,Y,Y,SNK_THIN
CRD_4D3EF2E899D943459B77,은송,SR,089/078,xy6_ja-88,xy6-108,7376,EN,en_XY_SR,0.134400,54883,285000,SNK_RAW(n2),38.6,CRITICAL,285000,2,705280,427500,761070,197978,RAW_OVER_PSA9,Y,Y,SNK_THIN
CRD_AE3C75BE92214FE9ACBD,M라티오스 EX,SR,083/078,xy6_ja-83,xy6-102,20213,EN,en_XY_SR,0.134400,150391,760000,SCRYDEX_JP_RAW,37.6,CRITICAL,0,0,1235000,760000,1045315,265596,RAW_OVER_PSA9,Y,Y,NO_SNK
CRD_E1B6948E73434311B499,피카츄 EX,RR,008/027,cp2_ja-8,xyp-XY84,24750,JP,jp_RR,0.402800,61444,931000,SNK_RAW(n1),37.6,CRITICAL,931000,1,1615000,128020,1801340,389655,,,,SNK_THIN
CRD_2CE1E087831443ADACEE,에몽가,SR,023/025,sc1_ja-23,bw11-RC23,12914,EN,en_BW_SR,0.100000,129141,475000,SCRYDEX_JP_RAW,36.8,CRITICAL,0,0,3206250,475000,3461930,434343,RAW_OVER_PSA9,Y,Y,NO_SNK
CRD_185DE08656684E7AA355,비크티니,SR,070/066,bw2_ja-70,bw3-98,25407,EN,en_BW_SR,0.100000,254072,931000,SCRYDEX_JP_RAW,36.6,CRITICAL,0,0,2090000,931000,2364396,878153,RAW_OVER_PSA9,Y,Y,NO_SNK
CRD_6393EBE4F2594F90B558,쉐이미 EX,SR,087/078,xy6_ja-87,xy6-106,4795,EN,en_XY_SR,0.134400,35677,171000,SCRYDEX_JP_RAW,35.7,CRITICAL,0,0,378100,171000,443982,53531,RAW_OVER_PSA9,Y,Y,NO_SNK
CRD_6D7FD944EBBE4E7AA8A1,N,SR,071/066,bw2_ja-71,bw3-101,35107,EN,en_BW_SR,0.100000,351070,1235000,SCRYDEX_JP_RAW,35.2,CRITICAL,0,0,1596000,1235000,1428778,476152,RAW_OVER_PSA9,Y,Y,NO_SNK
CRD_6EED812BE5FE4E45BB0A,다크라이 GX,SR,055/049,sm2p_ja-55,sm3-139,6562,EN,en_SM_SR,0.168000,39057,228000,SCRYDEX_JP_RAW,34.7,CRITICAL,0,0,897218,228000,680873,191128,RAW_OVER_PSA9,Y,Y,NO_SNK
CRD_9DA43870585949379283,리자몽 EX,SR,103/100,cp6_ja-90,xyp-XY121,35436,EN,en_XY_SR,0.134400,263660,1229184,SCRYDEX_JP_RAW,34.7,CRITICAL,0,0,6650000,1229184,6429743,1864688,,,Y,NO_SNK
CRD_168A21AE1367433791FA,에브이&테오키스 GX,SR,177/173,sm12a_ja-177,smp-SM240,15459,JP,jp_SM_SR,0.078400,197176,522500,SNK_RAW(n1),33.8,CRITICAL,522500,1,939312,197822,1205112,251998,,,,SNK_THIN
CRD_20857DA3F57C4FAC9BE3,이브이 GX,SR,188/173,sm12a_ja-188,smp-SM233,13563,JP,jp_SM_SR,0.078400,172992,456000,SNK_RAW(n1),33.6,CRITICAL,456000,1,1216000,172992,1312399,263296,,,,SNK_THIN
CRD_8EA0FE1484B142468656,명탐정 피카츄,SM-P,141/SM-P,NO_JP,det1-10,5812,EN,en_GLOBAL,0.321100,18100,194512,PSA10x0.15,33.5,CRITICAL,0,0,1296750,0,0,0,,Y,,NO_SNK
CRD_1001E20102E24B2DA20C,파이어&썬더&프리져 GX,SR,060/054,sm10b_ja-60,smp-SM210,43079,EN,en_SM_SR,0.168000,256423,1425000,SNK_RAW(n6),33.1,CRITICAL,1425000,6,3781000,696517,3490370,887481,,,Y,SNK_CONFIRMED
CRD_1EB1317E215A4D5FABEE,피카츄,SM-P,120/SM-P,smp_ja-242,smp-SM157,12615,EN,en_GLOBAL,0.321100,39288,416043,SNK_RAW(n5),33.0,CRITICAL,416043,5,1187500,107554,1070934,273615,,,Y,SNK_CONFIRMED
CRD_694BA62B745A4D1E9025,레시라무&리자몽 GX,SR,097/095,sm10_ja-97,smp-SM201,42836,EN,en_SM_SR,0.168000,254979,1401240,SNK_RAW(n4),32.7,CRITICAL,1401240,4,3100164,691401,2808816,827854,,,Y,SNK_THIN
CRD_6048FC300CB84CADAB99,리자몽 EX,PR,,xyp_ja-213,xyp-XY29,9527,EN,en_GLOBAL,0.321100,29669,310650,PSA10x0.15,32.6,CRITICAL,0,0,2071000,0,910761,48929,,Y,Y,NO_SNK
CRD_64EEDFC9E563497FA922,루자미네,SR,118/114,sm4p_ja-120,sm5-153,40784,EN,en_SM_SR,0.168000,242764,1330000,SNK_RAW(n3),32.6,CRITICAL,1330000,3,4222750,1710000,2091883,776192,RAW_OVER_PSA9,Y,Y,SNK_THIN
CRD_2951B02D3BE7488DA649,피카츄,SM-P,005/SM-P,sm0_ja-4,smp-SM04,6439,JP,jp_GLOBAL,0.382700,16824,209000,SNK_RAW(n7),32.5,CRITICAL,209000,7,664990,16824,653895,171353,,,,SNK_CONFIRMED
CRD_D5A3208DB5D642528B68,세레비&이상해꽃 GX,SR,097/095,sm9_ja-97,smp-SM167,10239,JP,jp_SM_SR,0.078400,130601,332500,SNK_RAW(n1),32.5,CRITICAL,332500,1,674500,130601,683712,132414,,,,SNK_THIN
CRD_51EB2AB1F8BE40468C95,데덴네 GX,SR,175/173,sm12a_ja-175,sm10-195a,6001,JP,jp_SM_SR,0.078400,76547,189990,SNK_RAW(n3),31.7,CRITICAL,189990,3,447764,76547,401844,79922,,,,SNK_THIN
CRD_5D99F1F054944414B285,플라드리 최후의 수단,SR,095/088,xy4_ja-95,xy4-118,3482,EN,en_XY_SR,0.134400,25905,108537,SCRYDEX_JP_RAW,31.2,CRITICAL,0,0,0,108537,535753,62644,RAW_OVER_PSA9,,Y,NO_SNK
CRD_413FD0336AAA480DAA38,루카리오&멜메탈 GX,SR,059/054,sm9b_ja-59,smp-SM192,10420,JP,jp_SM_SR,0.078400,132906,323000,SNK_RAW(n1),31.0,CRITICAL,323000,1,664050,132906,536337,126206,RAW_OVER_PSA9,,,SNK_THIN
CRD_E9A371AEF72043A7881F,M핫삼 EX,SR,087/080,xy9_ja-87,xy9-120,9912,EN,en_XY_SR,0.134400,73751,307281,SCRYDEX_JP_RAW,31.0,CRITICAL,0,0,641250,307281,495861,128529,RAW_OVER_PSA9,,Y,NO_SNK
CRD_492B3C0921ED4DF68345,아이리스,SR,082/076,bw9_ja-82,bw10-101,19951,EN,en_BW_SR,0.100000,199512,614592,SCRYDEX_JP_RAW,30.8,CRITICAL,0,0,3642718,614592,2858365,0,,,Y,NO_SNK
CRD_41A8630816A54FD4A1F7,흉내내기 아가씨,SR,077/066,sm6b_ja-77,sm7-163,9298,EN,en_SM_SR,0.168000,55344,285000,SCRYDEX_JP_RAW,30.7,CRITICAL,0,0,342000,285000,389350,102643,RAW_OVER_PSA9,Y,Y,NO_SNK
CRD_FAA316C56DEC49B9BB70,백마 버드렉스 VMAX,HR,085/070,swsh6h_ja-85,swsh6-203,23777,EN,en_HR,0.357800,66453,717250,SNK_RAW(n2),30.2,CRITICAL,717250,2,807500,307281,653763,351675,,,Y,SNK_THIN
CRD_3B1892201B8240FAA691,땅밑탐험대,SR,075/066,sm6b_ja-73,sm7-168,9597,EN,en_SM_SR,0.168000,57126,285000,SCRYDEX_JP_RAW,29.7,CRITICAL,0,0,351500,285000,270882,76451,RAW_OVER_PSA9;RAW_OVER_PSA10,Y,Y,NO_SNK
CRD_69C818D4E150495ABB8B,레쿠쟈 EX,SR,085/078,xy6_ja-85,xy6-104,32144,EN,en_XY_SR,0.134400,239168,950000,SCRYDEX_JP_RAW,29.6,CRITICAL,0,0,4275000,950000,5130108,977610,,Y,Y,NO_SNK
CRD_E0218102B7A74B0FBB22,피아나,SR,059/053,sm6a_ja-59,sm75-70,15643,EN,en_SM_SR,0.168000,93111,456000,SCRYDEX_JP_RAW,29.2,CRITICAL,0,0,741000,456000,723119,151511,RAW_OVER_PSA9,Y,Y,NO_SNK
CRD_21362825A5DE48988411,칠색조 EX,SR,088/080,xy9_ja-88,xy9-121,8481,EN,en_XY_SR,0.134400,63103,245249,PSA10x0.15,28.9,CRITICAL,0,0,1520000,0,1634996,267093,,Y,Y,NO_SNK
CRD_F87EEB047E184C71A2CE,한카리아스&기라티나 GX,SR,060/054,sm10a_ja-60,smp-SM193,19755,JP,jp_SM_SR,0.078400,251983,570000,SNK_RAW(n6),28.9,CRITICAL,570000,6,1534772,251983,1209780,143990,RAW_OVER_PSA9,,,SNK_CONFIRMED
CRD_36CCEEAEBFE444AF8E74,팬텀 EX,SR,090/088,xy4_ja-90,xy4-114,148589,EN,en_XY_SR,0.134400,1105574,4275000,SCRYDEX_JP_RAW,28.8,CRITICAL,0,0,11875000,4275000,6328461,738043,RAW_OVER_PSA9,Y,Y,NO_SNK
CRD_808A9BA456B1456EA2A4,M후딘 EX,SR,081/078,xy10_ja-81,xy10-118,16512,EN,en_XY_SR,0.134400,122857,475000,SCRYDEX_JP_RAW,28.8,CRITICAL,0,0,0,475000,876771,340530,RAW_OVER_PSA9,Y,Y,NO_SNK
CRD_DFCF50A9D81E409E9EB8,그란돈 EX,SR,073/070,xy5g_ja-73,xy5-150,22234,EN,en_XY_SR,0.134400,165433,633327,SNK_RAW(n1),28.5,CRITICAL,633327,1,0,401405,1725106,399564,RAW_OVER_PSA9,,Y,SNK_THIN
CRD_A0F533475FB645238571,이상해꽃&주리비얀 GX,SR,066/064,sm11a_ja-66,smp-SM229,6624,JP,jp_SM_SR,0.078400,84491,188100,SNK_RAW(n1),28.4,CRITICAL,188100,1,425116,84491,377882,117566,,,,SNK_THIN
CRD_16D569A705C64B95885E,M얼음귀신 EX,SR,061/059,xy8b_ja-61,xy8-156,4339,EN,en_XY_SR,0.134400,32281,122918,SCRYDEX_JP_RAW,28.3,CRITICAL,0,0,0,122918,358693,309627,,,Y,NO_SNK
CRD_C0B9156965764BADB0C5,레시라무&리자몽 GX,SR,096/095,sm10_ja-96,sm10-194,7412,JP,jp_SM_SR,0.078400,94540,207100,SNK_RAW(n4),27.9,CRITICAL,207100,4,683525,94540,494656,88755,RAW_OVER_PSA9,,,SNK_THIN
CRD_1BD0376A3CA8485BB302,릴리에,SR,119/114,sm4p_ja-119,sm5-151,118282,EN,en_SM_SR,0.168000,704061,3277500,PSA10x0.15,27.7,CRITICAL,0,0,21850000,0,8826815,5749049,,Y,Y,NO_SNK
CRD_646451564B014C19BB2E,피카츄 EX,SR,107/100,cp6_ja-94,xyp-XY124,83229,EN,en_XY_SR,0.134400,619263,2304720,SCRYDEX_JP_RAW,27.7,CRITICAL,0,0,12064990,2304720,11806540,2855851,,,Y,NO_SNK
CRD_D2A40714424C4D3E9F8C,비주기의 계획,SR,064/059,xy8r_ja-64,xy8-162,5002,EN,en_XY_SR,0.134400,37214,138283,SCRYDEX_JP_RAW,27.6,CRITICAL,0,0,416936,138283,699267,0,,,Y,NO_SNK
CRD_918A096A622440B6B1CE,파이어&썬더&프리져 GX,SR,059/054,sm10b_ja-59,sm115-66,5195,JP,jp_SM_SR,0.078400,66268,142500,SNK_RAW(n2),27.4,CRITICAL,142500,2,558382,65239,270693,99826,,,,SNK_THIN
CRD_9BC1A3BF1D4A4EEE8BE3,전룡 EX,SR,085/081,xy7_ja-85,xy7-87,7042,EN,en_XY_SR,0.134400,52394,190000,SCRYDEX_JP_RAW,27.0,CRITICAL,0,0,475000,190000,540983,0,,Y,Y,NO_SNK
CRD_E81BE663681D40F082FC,피카츄,PR,S-P 183,swshp_ja-323,swsh12pt5-160,26405,EN,en_GLOBAL,0.321100,82232,712500,SNK_RAW(n34),27.0,CRITICAL,712500,34,1127080,665000,1221548,526625,RAW_OVER_PSA9,Y,Y,SNK_CONFIRMED
CRD_0902F4E6CC9047A98559,피카츄,PR,,svp_ja-218,svp-88,4326,JP,jp_PR,0.085500,50596,116375,SNK_RAW(n58),26.9,CRITICAL,116375,58,333678,50596,369286,84815,,,,SNK_CONFIRMED
CRD_D94E04ECD5514CC887E1,수련,SR,120/114,sm4p_ja-118,sm5-150,11515,EN,en_SM_SR,0.168000,68542,307296,SCRYDEX_JP_RAW,26.7,CRITICAL,0,0,1994810,307296,1997430,358785,,,Y,NO_SNK
CRD_795EDB8C9C91475EBBBD,재인,SR,064/059,xy8b_ja-64,xy8-161,7062,EN,en_XY_SR,0.134400,52548,186298,SCRYDEX_JP_RAW,26.4,CRITICAL,0,0,1292000,186298,1111445,457177,,,Y,NO_SNK
CRD_331B23CD1B3542C09584,피카츄&제크로무 GX,SR,100/095,sm9_ja-100,sm9-162,10841,JP,jp_SM_SR,0.078400,138283,285000,SNK_RAW(n9),26.3,CRITICAL,285000,9,1055688,138283,887160,156512,,,,SNK_CONFIRMED
CRD_4BDF5407844B4C4399F9,루기아 GX,SR,100/095,sm8_ja-100,sm8-207,9031,JP,jp_SM_SR,0.078400,115190,237500,SNK_RAW(n3),26.3,CRITICAL,237500,3,760000,115190,812750,119631,,,,SNK_THIN
CRD_B02D8C31DB1A44969F52,가이오가 EX,SR,072/070,xy5t_ja-72,xy5-148,25491,EN,en_XY_SR,0.134400,189663,665000,SCRYDEX_JP_RAW,26.1,CRITICAL,0,0,1330000,665000,1702977,358586,RAW_OVER_PSA9,Y,Y,NO_SNK
CRD_2F1F77D90BA84F3E8C7D,피카츄,PR,S-P 75,swshp_ja-124,swshp-SWSH153,5087,JP,jp_PR,0.085500,59493,131100,SNK_RAW(n28),25.8,CRITICAL,131100,28,394240,53761,430801,134631,,,,SNK_CONFIRMED
CRD_8EAE0303CE1A4A19A2DB,라이츄&알로라라이츄 GX,SR,056/054,sm10a_ja-56,sm11-220,4870,JP,jp_SM_SR,0.078400,62120,123500,SNK_RAW(n3),25.4,CRITICAL,123500,3,536750,62120,269034,54734,RAW_OVER_PSA9,,,SNK_THIN
CRD_85DA754292A84C40923E,지우개굴닌자 EX,PR,,xyp_ja-218,xyp-XY133,13137,JP,jp_PR,0.085500,153648,332310,SNK_RAW(n1),25.3,CRITICAL,332310,1,1501000,153648,1321130,495913,,,,SNK_THIN
CRD_A6E8EAA77BE24D74AEA7,체렌,SR,063/059,bw6f_ja-63,bw7-148,9397,EN,en_BW_SR,0.100000,93971,237500,SCRYDEX_JP_RAW,25.3,CRITICAL,0,0,406600,237500,416680,256144,,Y,Y,NO_SNK
CRD_FFAB6C584CD745B9A717,다크라이 EX,RR,072/093,bw4_ja-44,bw5-63,4945,JP,jp_RR,0.402800,12276,123500,SNK_RAW(n1),25.0,CRITICAL,123500,1,484500,12276,352605,25703,,,,SNK_THIN
CRD_44A13E89FE7A4D61BDE0,헬가 EX,SR,060/059,xy8r_ja-60,xy8-153,7659,EN,en_XY_SR,0.134400,56988,190000,SCRYDEX_JP_RAW,24.8,CRITICAL,0,0,332500,190000,443401,122322,RAW_OVER_PSA9,Y,Y,NO_SNK
CRD_5C104F12C3C94EE49C84,명탐정 피카츄,SM-P,143/SM-P,smp_ja-337,smp-SM170,19310,EN,en_GLOBAL,0.321100,60138,466032,SNK_RAW(n5),24.1,CRITICAL,466032,5,1140000,427500,413019,62506,RAW_OVER_PSA9;RAW_OVER_PSA10,Y,Y,SNK_CONFIRMED
CRD_96F78E077FFB4F7BADB9,큐레무 EX,SR,084/081,xy7_ja-84,xy7-86,7201,EN,en_XY_SR,0.134400,53577,171000,SCRYDEX_JP_RAW,23.7,CRITICAL,0,0,0,171000,441887,0,,Y,Y,NO_SNK
CRD_A6337035E8634701BFAB,피카츄,SM-P,136/SM-P,smp_ja-249,smp-SM234,14436,EN,en_GLOBAL,0.321100,44957,342000,SNK_RAW(n7),23.7,CRITICAL,342000,7,776616,104500,838430,159905,,Y,Y,SNK_CONFIRMED
CRD_CD013DC1D5D04AC8B637,에브이 EX,SR,084/080,xy9_ja-84,xy9-117,15091,EN,en_XY_SR,0.134400,112286,353400,PSA10x0.15,23.4,CRITICAL,0,0,2356000,0,2355188,0,,Y,Y,NO_SNK
CRD_D8668F914B2643658274,주즈베&담죽맨,SR,200/173,sm12a_ja-194,NO_EN,5904,JP,jp_SM_SR,0.078400,75303,137750,SNK_RAW(n1),23.3,CRITICAL,137750,1,137750,74012,148453,71040,RAW_OVER_PSA9,,,SNK_THIN
CRD_0FFEF15EE9E045CABE6F,연격 우라오스 VMAX,HR,084/070,swsh5r_ja-84,swsh5-170,42578,EN,en_HR,0.357800,119000,950000,SCRYDEX_JP_RAW,22.3,CRITICAL,0,0,940500,950000,705383,0,RAW_OVER_PSA10,Y,Y,NO_SNK
CRD_97550D8F6FD846C1809E,블루의 탐색,SR,062/054,sm9b_ja-61,sm10-209,12046,JP,jp_SM_SR,0.078400,153648,266000,SNK_RAW(n1),22.1,CRITICAL,266000,1,573562,153648,558486,159665,,,,SNK_THIN
CRD_44A1BB145FB243139F1C,흑마 버드렉스 VMAX,HR,086/070,swsh6k_ja-86,swsh6-205,38818,EN,en_HR,0.357800,108491,855000,SNK_RAW(n1),22.0,CRITICAL,855000,1,1021250,430199,715857,458584,,,Y,SNK_THIN
CRD_CEE20BD28DB542FEB5E3,야돈&고라파덕 GX,SR,095/094,sm11_ja-95,sm11-217,8356,JP,jp_SM_SR,0.078400,106586,184062,SNK_RAW(n5),22.0,CRITICAL,184062,5,674500,101638,429716,72491,RAW_OVER_PSA9,,,SNK_CONFIRMED
CRD_1123601A6CCD4FB19606,뮤 EX,SR,051/050,bw5s_ja-51,bw6-120,65071,EN,en_BW_SR,0.100000,650715,1425000,SCRYDEX_JP_RAW,21.9,CRITICAL,0,0,7916664,1425000,4587060,1147789,RAW_OVER_PSA9,Y,Y,NO_SNK
CRD_24798C163B48423E9689,루티아의 어필,SAR,090/064,sv7a_ja-91,sv8-246,10923,EN,en_SAR,0.223700,48829,235600,SNK_RAW(n15),21.6,CRITICAL,235600,15,399000,119938,333842,106084,RAW_OVER_PSA9,,Y,SNK_CONFIRMED
CRD_4CCBCECB375543B99CEB,아크로마플라스마단,SR,075/070,bw7_ja-75,bw8-135,14956,EN,en_BW_SR,0.100000,149561,323000,SCRYDEX_JP_RAW,21.6,CRITICAL,0,0,332500,323000,458706,0,,Y,Y,NO_SNK
CRD_4145122B76D44C99ACC5,개굴닌자&조로아크 GX,SR,059/055,sm9a_ja-59,sm10-201,19876,JP,jp_SM_SR,0.078400,253519,427500,SNK_RAW(n1),21.5,CRITICAL,427500,1,1073500,253519,968442,236787,RAW_OVER_PSA9,,,SNK_THIN
CRD_5E2DD9D7EE3942628E86,괴력몬 EX,SR,088/081,xy7_ja-88,xy7-90,5334,EN,en_XY_SR,0.134400,39687,114000,SCRYDEX_JP_RAW,21.4,CRITICAL,0,0,356250,114000,196586,103851,RAW_OVER_PSA9,Y,Y,NO_SNK
CRD_DFDF0BC26A204FDE9CDC,님피아 GX,SR,057/051,sm1p_ja-57,sm2-140,17264,EN,en_SM_SR,0.168000,102760,356250,SNK_RAW(n1),20.6,CRITICAL,356250,1,1301500,570000,593183,137077,RAW_OVER_PSA9,Y,Y,SNK_THIN
CRD_67BA3BC34CA2443FAB1C,리자몽 EX,RR,012/100,cp6_ja-12,xy12-12,5176,EN,en_RR,0.188200,27503,105725,SCRYDEX_JP_RAW,20.4,CRITICAL,0,0,736250,105725,492534,86082,RAW_OVER_PSA9,,Y,NO_SNK
CRD_DDA35E539E7A4A1C897D,가디안 EX,RR,019/032,cp3_ja-19,g1-RC30,22619,EN,en_RR,0.188200,120183,460944,SCRYDEX_JP_RAW,20.4,CRITICAL,0,0,1584125,460944,1901500,660679,,,Y,NO_SNK
CRD_11628ECE200A4601B5D4,M가디안 EX,RR,020/032,cp3_ja-20,g1-RC31,30293,EN,en_RR,0.188200,160962,614592,SCRYDEX_JP_RAW,20.3,CRITICAL,0,0,1847750,614592,1934516,1659698,,,Y,NO_SNK
CRD_AC159F45A9C945968FF3,핫삼 EX,SR,086/080,xy9_ja-86,xy9-119,5068,EN,en_XY_SR,0.134400,37705,102600,PSA10x0.15,20.2,CRITICAL,0,0,684000,0,347317,108041,,Y,Y,NO_SNK
CRD_B837D3F1A54647279AEC,뮤 EX,SR,024/025,sc1_ja-24,bw11-RC24,26647,EN,en_BW_SR,0.100000,266472,537768,SCRYDEX_JP_RAW,20.2,CRITICAL,0,0,8526250,537768,10303554,764715,,,Y,NO_SNK
CRD_B6BEB22D4E0AE7AADC2865D17E9AE564,피카츄 (SWSH020 프로모),PR,SWSH020,,swshp-SWSH020,50851,EN,en_GLOBAL,0.321100,158365,1021202,SNK_RAW(n7),20.1,CRITICAL,1021202,7,1852500,0,0,0,,Y,,SNK_CONFIRMED
CRD_3C0A4BD7A21440D38FB0,M가디안 EX,SR,076/070,xy5t_ja-76,xy5-156,19225,EN,en_XY_SR,0.134400,143046,380000,SNK_RAW(n1),19.8,CRITICAL,380000,1,950000,307281,1169563,0,,,Y,SNK_THIN
CRD_94600282DA1043CC8FAF,구즈마,SR,056/051,sm3n_ja-56,sm3-143,6280,EN,en_SM_SR,0.168000,37383,123500,SCRYDEX_JP_RAW,19.7,CRITICAL,0,0,142490,123500,336384,28287,RAW_OVER_PSA9,Y,Y,NO_SNK
CRD_054B8B1A8D90438899B1,보스로라 EX,SR,075/070,xy5g_ja-75,xy5-153,7822,EN,en_XY_SR,0.134400,58202,152000,SCRYDEX_JP_RAW,19.4,CRITICAL,0,0,0,152000,503093,167841,,Y,Y,NO_SNK
CRD_517D349E079B4F5E83C7,라티오스 EX,SR,082/078,xy6_ja-82,xy6-101,12801,EN,en_XY_SR,0.134400,95246,245837,SCRYDEX_JP_RAW,19.2,CRITICAL,0,0,1139990,245837,1306936,150165,RAW_OVER_PSA9,,Y,NO_SNK
CRD_5EE6DC9AFBE242028F0F,지라치 EX,SR,079/076,bw9_ja-79,bw10-98,7744,JP,jp_BW_SR,0.056000,138283,145966,SCRYDEX_JP_RAW,18.8,CRITICAL,0,0,2185000,145966,1716631,442957,,,,NO_SNK
CRD_9D5FE568CAD14D749F5B,야돈&고라파덕 GX,SR,096/094,sm11_ja-96,sm11-218,31320,JP,jp_SM_SR,0.078400,399485,574750,SNK_RAW(n5),18.4,CRITICAL,574750,5,1406000,399485,1227620,247762,RAW_OVER_PSA9,,,SNK_CONFIRMED
CRD_091DC06176614517B5E1,라이츄&알로라라이츄 GX,SR,057/054,sm10a_ja-57,sm11-221,27102,JP,jp_SM_SR,0.078400,345693,496109,SNK_RAW(n2),18.3,CRITICAL,496109,2,2151750,345693,1769546,551219,,,,SNK_THIN
CRD_4B0D00B3E615450ABC4E,모야모,SAR,095/071,sv2d_ja-96,sv2-269,24517,EN,en_SAR,0.223700,109597,446500,SNK_RAW(n18),18.2,CRITICAL,446500,18,803605,460422,806235,475541,,,Y,SNK_CONFIRMED
CRD_7F76FC1F996A4ADAAB21,일격 우라오스 VMAX,HR,085/070,swsh5i_ja-85,swsh5-168,18202,EN,en_HR,0.357800,50873,331540,SNK_RAW(n2),18.2,CRITICAL,331540,2,760000,230472,561747,260024,,,Y,SNK_THIN
CRD_C577C809253F4820BC3C,M루카리오 EX,RR,176/171,xy_ja-176,xy3-55a,18536,EN,en_RR,0.188200,98488,334438,PSA10x0.15,18.0,CRITICAL,0,0,1995000,0,2229586,596318,,Y,Y,NO_SNK
CRD_007D898667D84D8F9B7E,제크로무,SR,055/053,bw1w_ja-55,bw1-114,8600,JP,jp_BW_SR,0.056000,153571,153571,SCRYDEX_JP_RAW,17.9,CRITICAL,0,0,1901834,153571,2463422,870399,,,,NO_SNK
CRD_36FC9D7A34B947999101,기라티나 EX,SR,053/050,bw5s_ja-53,bw6-124,12906,JP,jp_BW_SR,0.056000,230472,230472,SCRYDEX_JP_RAW,17.9,CRITICAL,0,0,5120500,230472,2284784,267578,,,,NO_SNK
CRD_391EF36F49824C58965F,세레비 EX,SR,060/059,bw6c_ja-60,bw7-141,13300,JP,jp_BW_SR,0.056000,237500,237500,SCRYDEX_JP_RAW,17.9,CRITICAL,0,0,0,237500,1331744,338747,,Y,,NO_SNK
CRD_6C46069A0ABF4F55BB2D,디아루가 EX플라스마단,SR,080/076,bw9_ja-80,bw10-99,23408,JP,jp_BW_SR,0.056000,418000,418000,SCRYDEX_JP_RAW,17.9,CRITICAL,0,0,4265500,418000,2790462,672784,,Y,,NO_SNK
CRD_9B64D783E4344EBB8735,라티아스 EX,SR,053/051,bw8t_ja-53,bw9-112,34580,JP,jp_BW_SR,0.056000,617500,617500,SCRYDEX_JP_RAW,17.9,CRITICAL,0,0,2195554,617500,2323315,267624,RAW_OVER_PSA9,Y,,NO_SNK
CRD_ACE1406D88444132AE41,프리져 EX플라스마단,SR,072/070,bw7_ja-72,bw8-132,25536,JP,jp_BW_SR,0.056000,456000,456000,SCRYDEX_JP_RAW,17.9,CRITICAL,0,0,2375000,456000,4349346,673037,,Y,,NO_SNK
CRD_C7804ACB352A4684AF39,비리디온 EX,SR,077/076,bw9_ja-77,bw10-96,6343,JP,jp_BW_SR,0.056000,113269,113269,SCRYDEX_JP_RAW,17.9,CRITICAL,0,0,0,113269,453783,97077,RAW_OVER_PSA9,,,NO_SNK
CRD_CBDDC3FDCA774193AB14,레시라무,SR,022/025,sc1_ja-22,bw11-RC22,25813,JP,jp_BW_SR,0.056000,460944,460944,SCRYDEX_JP_RAW,17.9,CRITICAL,0,0,4655000,460944,5365670,1480047,,,,NO_SNK
CRD_D9FD0C12886E494286DB,쉐이미 EX,SR,053/052,bw3p_ja-53,bw4-94,10640,JP,jp_BW_SR,0.056000,190000,190000,SCRYDEX_JP_RAW,17.9,CRITICAL,0,0,0,190000,613244,107138,RAW_OVER_PSA9,Y,,NO_SNK
CRD_1A87BECFAC1647F98FBC,두랄루돈 VMAX,HR,083/067,swsh7d_ja-83,swsh7-220,10500,EN,en_HR,0.357800,29347,185250,SNK_RAW(n2),17.6,CRITICAL,185250,2,345316,169013,304810,152734,RAW_OVER_PSA9,,Y,SNK_THIN
CRD_CA05CA30ECC64AAA9103,M엘레이드 EX,SR,081/078,xy6_ja-81,xy6-100,12289,EN,en_XY_SR,0.134400,91436,215092,SCRYDEX_JP_RAW,17.5,CRITICAL,0,0,0,215092,814855,119374,RAW_OVER_PSA9,,Y,NO_SNK
CRD_1A815E05CDFE482484A2,솔가레오&루나아라 GX,SR,063/049,sm11b_ja-63,sm12-216,31734,JP,jp_SM_SR,0.078400,404770,551000,SNK_RAW(n3),17.4,CRITICAL,551000,3,797990,386056,882644,428714,,,,SNK_THIN
CRD_828E8D059DF7414D891B,뮤 ex,SAR,205/165,sv2a_ja-205,svp-53,28349,EN,en_SAR,0.223700,126729,490827,SNK_RAW(n44),17.3,CRITICAL,490827,44,933375,338917,928931,361008,,,Y,SNK_CONFIRMED
CRD_B56B12EB53F4412BA2DA,피카츄,AR,205/172,swsh12a_ja-205,swsh12pt5gg-GG30,28697,EN,en_AR,0.343900,83446,494000,SNK_RAW(n44),17.2,CRITICAL,494000,44,931000,290733,1082294,280344,RAW_OVER_PSA9,,Y,SNK_CONFIRMED
CRD_F1CB7ED5CD064F76B004,M헬가 EX,SR,061/059,xy8r_ja-61,xy8-154,12520,EN,en_XY_SR,0.134400,93157,215107,SCRYDEX_JP_RAW,17.2,CRITICAL,0,0,475000,215107,489271,0,,,Y,NO_SNK
CRD_B8B3074785EC350DEB26,라티아스&라티오스 GX,SR,105/095,sm9_ja-105,sm9-170,217913,JP,jp_SM_SR,0.078400,2779508,3705000,SNK_RAW(n2),17.0,CRITICAL,3705000,2,9158000,2779508,9251580,3894872,,,,SNK_THIN
CRD_6DDDEA43AA7647C5BA28,난천,SR,153/150,sm8b_ja-153,sma-SV82,22600,JP,jp_SM_SR,0.078400,288259,380000,SNK_RAW(n1),16.8,CRITICAL,380000,1,603250,288259,600862,231295,RAW_OVER_PSA9,,,SNK_THIN
CRD_B7B757AF0B3E44FB9C36,마기라스 EX,SR,089/081,xy7_ja-89,xy7-91,21877,EN,en_XY_SR,0.134400,162775,361000,SCRYDEX_JP_RAW,16.5,CRITICAL,0,0,931000,361000,822766,0,,Y,Y,NO_SNK
CRD_710DC79FEA9542A1BD21,잉어킹&고래왕 GX,SR,098/095,sm9_ja-98,sm9-160,7266,JP,jp_SM_SR,0.078400,92680,118750,SNK_RAW(n3),16.3,CRITICAL,118750,3,323000,86227,349672,75227,RAW_OVER_PSA9,,,SNK_THIN
CRD_C05727E691684E0B93AF,루카리오,HR,29/40,dp2_ja-1005,dp2-122,16082,EN,en_BW_HR,0.089600,179492,261467,PSA10x0.15,16.3,CRITICAL,0,0,0,0,1743113,232105,,Y,Y,NO_SNK
CRD_C4D2295758134D1A863E,릴리에의 전력,SR,067/049,sm11b_ja-68,sm12-230,25054,JP,jp_SM_SR,0.078400,319572,408500,SNK_RAW(n6),16.3,CRITICAL,408500,6,789060,314456,761455,276511,RAW_OVER_PSA9,,,SNK_CONFIRMED
CRD_F6725E8B0E5E4958840B,블래키&다크라이 GX,SR,181/173,sm12a_ja-181,NO_EN,18972,JP,jp_SM_SR,0.078400,241996,307800,SNK_RAW(n6),16.2,CRITICAL,307800,6,619875,200818,822176,242121,,,,SNK_CONFIRMED
CRD_403F30AD7CEB4458A3BA,유리카,SR,101/094,sm6_ja-102,sm6-128,6789,EN,en_SM_SR,0.168000,40409,108300,SNK_RAW(n1),16.0,CRITICAL,108300,1,226081,152000,182611,107016,RAW_OVER_PSA9,Y,Y,SNK_THIN
CRD_25A858D01145493BB66AF82B8EA32B7C,메가리자몽Y ex,MUR,766/742,NO_JP,me2pt5-294,775632,EN,en_MUR,0.821900,943706,12350000,SNK_RAW(n14),15.9,CRITICAL,12350000,14,31825000,0,0,0,,Y,,SNK_CONFIRMED
CRD_877457DF732E4A2C8C7F,원시가이오가 EX,SR,073/070,xy5t_ja-73,xy5-149,65534,EN,en_XY_SR,0.134400,487602,1045000,SCRYDEX_JP_RAW,15.9,CRITICAL,0,0,1710000,1045000,2137230,516809,RAW_OVER_PSA9,Y,Y,NO_SNK
CRD_70689C813B324C93AC03,M강철톤 EX,SR,057/054,xy11f_ja-57,xy11-109,7318,EN,en_XY_SR,0.134400,54453,115236,SCRYDEX_JP_RAW,15.7,CRITICAL,0,0,427500,115236,1138028,0,,,Y,NO_SNK
CRD_4FFBC5FEC7274C13BE41,쉐이미 EX,PR,,xyp_ja-212,xyp-XY148,32143,EN,en_GLOBAL,0.321100,100102,490974,PSA10x0.15,15.3,CRITICAL,0,0,2541250,0,3273158,764372,,Y,Y,NO_SNK
CRD_AA4B50E788B247089DA6,거북왕&팽도리 GX,SR,070/064,sm11a_ja-70,sm12-215,36137,JP,jp_SM_SR,0.078400,460929,551000,SNK_RAW(n1),15.2,CRITICAL,551000,1,1140000,460929,1103990,414007,RAW_OVER_PSA9,,,SNK_THIN
CRD_916F9928C49D4260B334,라이치,SM-P,082/SM-P,smp_ja-53,sm4-111,11328,EN,en_GLOBAL,0.321100,35278,171000,SCRYDEX_JP_RAW,15.1,CRITICAL,0,0,313500,171000,306309,0,,Y,Y,NO_SNK
CRD_96611437350C4464BB4A,가디안&님피아 GX,SR,060/055,sm9a_ja-60,sm10-204,7228,JP,jp_SM_SR,0.078400,92189,109250,SNK_RAW(n3),15.1,CRITICAL,109250,3,246810,92189,209481,78477,RAW_OVER_PSA9,,,SNK_THIN
CRD_0C741136B4054397BC6E,거북왕 EX,SR,061/060,xy1y_ja-61,xy1-142,8260,JP,jp_XY_SR,0.067200,122918,122918,SCRYDEX_JP_RAW,14.9,CRITICAL,0,0,2232490,122918,1113845,193161,,,,NO_SNK
CRD_18D57DF71D81408584B5,포켓몬센터 직원,SR,085/080,xy2_ja-86,xy2-105,8879,JP,jp_XY_SR,0.067200,132122,132122,SCRYDEX_JP_RAW,14.9,CRITICAL,0,0,0,132122,914354,0,,,,NO_SNK
CRD_29E34E5A35CC4FFAB36C,후파 EX,SR,087/081,xy7_ja-87,xy7-89,8931,JP,jp_XY_SR,0.067200,132906,132906,SCRYDEX_JP_RAW,14.9,CRITICAL,0,0,380000,132906,386090,99692,RAW_OVER_PSA9,,,NO_SNK
CRD_594A5B7B75D040D5B7B8,루기아 BREAK,RR,059/078,xy10_ja-59,xy10-79,21661,JP,jp_RR,0.402800,53777,323000,SNK_RAW(n1),14.9,CRITICAL,323000,1,1662500,53777,620638,0,,,,SNK_THIN
CRD_775A49F21F744A09869C,M보스로라 EX,SR,076/070,xy5g_ja-76,xy5-154,14045,JP,jp_XY_SR,0.067200,209000,209000,SCRYDEX_JP_RAW,14.9,CRITICAL,0,0,441750,209000,886816,167825,RAW_OVER_PSA9,Y,,NO_SNK
CRD_7E2493249D5F4079918C,루카리오 EX,SR,099/096,xy3_ja-99,xy3-107,25536,JP,jp_XY_SR,0.067200,380000,380000,SCRYDEX_JP_RAW,14.9,CRITICAL,0,0,1691000,380000,429655,0,,Y,,NO_SNK
CRD_7E2810AFF88645B98963,이상해꽃 EX,SR,101/100,cp6_ja-88,xyp-XY123,41300,JP,jp_XY_SR,0.067200,614577,614577,SCRYDEX_JP_RAW,14.9,CRITICAL,0,0,1900000,614577,3029231,844182,,,,NO_SNK
CRD_8550FB250AFA4FADB616,거북왕 EX,SR,105/100,cp6_ja-92,xyp-XY122,51626,JP,jp_XY_SR,0.067200,768240,768240,SCRYDEX_JP_RAW,14.9,CRITICAL,0,0,3135000,768240,3791930,1255150,,,,NO_SNK
CRD_AAFE59E917F54C8FB509,에몽가 EX,SR,062/060,xy1y_ja-62,xy1-143,9576,JP,jp_XY_SR,0.067200,142500,142500,SCRYDEX_JP_RAW,14.9,CRITICAL,0,0,375202,142500,189553,80824,RAW_OVER_PSA9,Y,,NO_SNK
CRD_F708A3D8A5944CB7BF93,M나무킹 EX,SR,083/081,xy7_ja-83,xy7-85,20650,JP,jp_XY_SR,0.067200,307296,307296,SCRYDEX_JP_RAW,14.9,CRITICAL,0,0,665000,307296,527390,0,,,,NO_SNK
CRD_B3CB2A5036FD42688BA6,비크티니,PR,,svp_ja-288,zsv10pt5-171,64042,JP,jp_PR,0.085500,749034,950000,SNK_RAW(n28),14.8,CRITICAL,950000,28,2249125,783589,2507743,940607,,,,SNK_CONFIRMED
CRD_57BF36837D354F8B8535,블래키 GX,SM-P,043/SM-P,smp_ja-125,smp-SM36,24999,EN,en_GLOBAL,0.321100,77853,367650,PSA10x0.15,14.7,CRITICAL,0,0,2451000,0,382964,128835,,Y,Y,NO_SNK
CRD_D8C1902727604BB699E2,팬텀&따라큐 GX,SR,102/095,sm9_ja-102,sm9-164,30055,JP,jp_SM_SR,0.078400,383352,427500,SNK_RAW(n5),14.2,CRITICAL,427500,5,881914,383352,1144437,315464,RAW_OVER_PSA9,,,SNK_CONFIRMED
CRD_5403B77391C44B59BBF1,관광객,SR,189/173,sm12a_ja-192,NO_EN,75288,JP,jp_SM_SR,0.078400,960300,1045000,SNK_RAW(n2),13.9,CRITICAL,1045000,2,2394000,1037216,2406405,1149469,,,,SNK_THIN
CRD_186B68241588428C9410,꼭두,SR,102/095,sm8_ja-101,sm8-214,8432,JP,jp_SM_SR,0.078400,107554,114522,SNK_RAW(n2),13.6,CRITICAL,114522,2,364164,107554,262303,143406,,,,SNK_THIN
CRD_506A9FE402DF410A9083,리자몽 GX,RR,007/024,NO_JP,smp-SM195,9031,EN,en_RR,0.188200,47984,121552,SNK_RAW(n7),13.5,CRITICAL,121552,7,253175,0,0,0,,Y,,SNK_CONFIRMED
CRD_B6CF092809C341D6B60F,미모사,SAR,104/078,sv1v_ja-105,sv1-251,9614,EN,en_SAR,0.223700,42975,129514,SNK_RAW(n27),13.5,CRITICAL,129514,27,399000,135748,371752,103668,RAW_OVER_PSA9,,Y,SNK_CONFIRMED
CRD_A10639DEF1044108891B,팬텀 EX,RR,048/131,xy4_ja-33,xy4-34,27850,JP,jp_RR,0.402800,69142,370500,SNK_RAW(n1),13.3,CRITICAL,370500,1,747650,69142,1296114,74922,,,,SNK_THIN
CRD_F7FE6279B4A147BC9CD1,릴리에의 삐삐 ex,RR,765/742,NO_JP,me2pt5-280,60678,EN,en_RR,0.188200,322415,806303,SNK_RAW(n60),13.3,CRITICAL,806303,60,1793324,0,0,0,,Y,,SNK_CONFIRMED
CRD_228710100B794B3B940D,팬텀&따라큐 GX,SR,103/095,sm9_ja-103,sm9-165,201096,JP,jp_SM_SR,0.078400,2565000,2660000,SCRYDEX_JP_RAW,13.2,CRITICAL,0,0,5635305,2660000,5232782,1721051,RAW_OVER_PSA9,Y,,NO_SNK
CRD_24FAA1F19A0941A2BB96,보미카,SR,194/173,sm12a_ja-197,NO_EN,9496,JP,jp_SM_SR,0.078400,121121,125515,SCRYDEX_JP_RAW,13.2,CRITICAL,0,0,156750,125515,138116,97292,RAW_OVER_PSA9,,,NO_SNK
CRD_31985982AAFB4AECA49A,레쿠쟈 VMAX,HR,082/067,swsh7r_ja-82,swsh7-217,48043,JP,jp_HR,0.432300,111134,633327,SNK_RAW(n13),13.2,CRITICAL,633327,13,1383599,111134,701288,214063,,,,SNK_CONFIRMED
CRD_B158EA20CC184AF1B925,메가깜까미&마기라스 GX,SR,102/094,sm11_ja-102,sm11-226,24092,JP,jp_SM_SR,0.078400,307296,316664,SNK_RAW(n1),13.1,CRITICAL,316664,1,814625,307296,949571,220638,RAW_OVER_PSA9,,,SNK_THIN
CRD_26C2FFF3ECDC4C2B8EE6,보스의 지령,SR,760/742,NO_JP,me2pt5-256,8449,EN,en_SR,0.590000,14320,109250,SNK_RAW(n47),12.9,CRITICAL,109250,47,274550,0,0,0,,Y,,SNK_CONFIRMED
CRD_4156299E17D24C468D3E,명희,SR,068/049,sm11b_ja-67,sm12-236,33127,JP,jp_SM_SR,0.078400,422532,427500,SNK_RAW(n6),12.9,CRITICAL,427500,6,769500,422532,789118,375038,RAW_OVER_PSA9,,,SNK_CONFIRMED
CRD_BB1E084CEC1F4C23BA89,유채,SR,071/066,sm5s_ja-70,sm5-149,9073,JP,jp_SM_SR,0.078400,115728,116757,SCRYDEX_JP_RAW,12.9,CRITICAL,0,0,473100,116757,441174,123036,,,,NO_SNK
CRD_0839A3235BFC40C7A767,말리화,SR,192/173,sm12a_ja-198,NO_EN,10379,JP,jp_SM_SR,0.078400,132383,132475,SCRYDEX_JP_RAW,12.8,CRITICAL,0,0,175750,132475,190417,104200,RAW_OVER_PSA9,,,NO_SNK
CRD_11C10BF531B64E59B61C,성호의 결단,SR,103/096,sm7_ja-102,sm7-165,8431,JP,jp_SM_SR,0.078400,107538,107538,SCRYDEX_JP_RAW,12.8,CRITICAL,0,0,142500,107538,211479,0,,,,NO_SNK
CRD_73E84D59CC8E4A4CA6FD,레드&그린,SR,107/095,sm12_ja-108,sm12-234,13779,JP,jp_SM_SR,0.078400,175758,175758,SCRYDEX_JP_RAW,12.8,CRITICAL,0,0,266000,175758,332207,136710,RAW_OVER_PSA9,,,NO_SNK
CRD_7666E22ADA2D4444AB42,메가이어롭&푸린 GX,SR,104/095,sm12_ja-104,sm12-226,18763,JP,jp_SM_SR,0.078400,239322,239322,SCRYDEX_JP_RAW,12.8,CRITICAL,0,0,496375,239322,484378,180914,RAW_OVER_PSA9,,,NO_SNK
CRD_BBDFDA23088F44F3B3B8,M갸라도스 EX,SR,082/080,xy9_ja-82,xy9-115,22470,EN,en_XY_SR,0.134400,167184,286691,PSA10x0.15,12.8,CRITICAL,0,0,1615000,0,1911275,0,,Y,Y,NO_SNK
CRD_D3B2F8E6629F414DAAA8,지우의 피카츄,SM-P,044/SM-P,smp_ja-71,smp-SM109,63200,EN,en_GLOBAL,0.321100,196823,807500,SCRYDEX_JP_RAW,12.8,CRITICAL,0,0,2303655,807500,1334590,414670,RAW_OVER_PSA9,Y,Y,NO_SNK
CRD_E17AC037337F480F9F4D,에브이&테오키스 GX,SR,176/173,sm12a_ja-176,NO_EN,8353,JP,jp_SM_SR,0.078400,106540,106540,SCRYDEX_JP_RAW,12.8,CRITICAL,0,0,289750,106540,172885,63027,RAW_OVER_PSA9,,,NO_SNK
CRD_F9A376E8D1EA497EABA5,아고용&악식킹 GX,SR,102/095,sm12_ja-102,sm12-224,12079,JP,jp_SM_SR,0.078400,154063,154063,SCRYDEX_JP_RAW,12.8,CRITICAL,0,0,212705,154063,255236,142357,RAW_OVER_PSA9,,,NO_SNK
CRD_CB62AB154B714772BCC6,그린의 전략,SR,190/173,sm12a_ja-193,NO_EN,25005,JP,jp_SM_SR,0.078400,318943,316664,SNK_RAW(n1),12.7,CRITICAL,316664,1,726712,310891,935429,389040,,,,SNK_THIN
CRD_F8474225830A4240A94E,민화의 대접,SR,,sm9_ja-107,sm9-174,13508,JP,jp_SM_SR,0.078400,172301,171000,SNK_RAW(n5),12.7,CRITICAL,171000,5,427500,172301,359958,148575,RAW_OVER_PSA9,,,SNK_CONFIRMED
CRD_54079F1439374F52BCF7,레쿠쟈 VMAX,HR,083/067,swsh7r_ja-83,swsh7-218,564805,EN,en_HR,0.357800,1578549,7125000,SNK_RAW(n1),12.6,CRITICAL,7125000,1,11400000,3841200,10795630,1405169,RAW_OVER_PSA9,,Y,SNK_THIN
CRD_BC975C84189F46CDAFBF,난천,SR,070/066,sm5m_ja-70,sm5-148,60167,EN,en_SM_SR,0.168000,358138,760000,SNK_RAW(n1),12.6,CRITICAL,760000,1,1206490,1235000,1554257,594352,RAW_OVER_PSA9,Y,Y,SNK_THIN
CRD_E02E2D38E06C4D3AACF4,라플레시아 GX,SR,062/049,sm11b_ja-62,sm12-211,8406,JP,jp_SM_SR,0.078400,107216,105554,SNK_RAW(n1),12.6,CRITICAL,105554,1,204250,106201,234644,125540,,,,SNK_THIN
CRD_4BC0454F738547C680E7,토게피&삐&푸푸린 GX,SR,185/173,sm12a_ja-185,NO_EN,9710,JP,jp_SM_SR,0.078400,123856,121600,SNK_RAW(n5),12.5,CRITICAL,121600,5,358150,109689,301350,106359,RAW_OVER_PSA9,,,SNK_CONFIRMED
CRD_8FEEA7EE5FFB4B758A50,민화의 대접,SR,193/173,sm12a_ja-190,NO_EN,54207,JP,jp_SM_SR,0.078400,691416,665000,SNK_RAW(n1),12.3,CRITICAL,665000,1,1579375,691416,1795414,878736,,,,SNK_THIN
CRD_E26D2432BB194094A890,토게피&삐&푸푸린 GX,SR,186/173,sm12a_ja-186,sm12-143a,27104,JP,jp_SM_SR,0.078400,345708,322661,SCRYDEX_JP_RAW,11.9,CRITICAL,0,0,950000,322661,972862,293540,RAW_OVER_PSA9,,,NO_SNK
CRD_A2D5C36D69B54AE9834C,블래키 GX,RR,037/060,sm1m_ja-37,sm1-80,12099,JP,jp_RR,0.402800,30038,142490,SNK_RAW(n11),11.8,CRITICAL,142490,11,370500,28271,480864,71959,,,,SNK_CONFIRMED
CRD_2BAD952E439344719A81,레쿠쟈 VMAX,UR,284/184,swsh8b_ja-284,swsh12tg-TG29,32252,JP,jp_UR,0.436400,73905,377616,SNK_RAW(n20),11.7,CRITICAL,377616,20,645364,71938,620241,76966,,,,SNK_CONFIRMED
CRD_32B748391B31457F884D,난천&카틀레야,SR,106/095,sm12_ja-106,sm12-228,17453,JP,jp_SM_SR,0.078400,222621,204250,SNK_RAW(n2),11.7,CRITICAL,204250,2,406125,224587,330712,213432,RAW_OVER_PSA9,,,SNK_THIN
CRD_7C280FA0405542028F83,뮤 VMAX,UR,280/184,swsh8b_ja-280,swsh11tg-TG30,23475,JP,jp_UR,0.436400,53792,274550,SNK_RAW(n24),11.7,CRITICAL,274550,24,500175,54729,477574,28608,RAW_OVER_PSA9,,,SNK_CONFIRMED
CRD_4CB4D847706A453D8A1F,빛나는 뮤,A,041/072,sm3p_ja-41,sm35-40,74301,EN,en_GLOBAL,0.321100,231394,855000,SCRYDEX_JP_RAW,11.5,CRITICAL,0,0,0,855000,1615263,988060,,Y,Y,NO_SNK
CRD_287F04A23D8D4624B994,마스,SR,070/066,sm5s_ja-72,sm5-154,9275,JP,jp_SM_SR,0.078400,118309,104500,SNK_RAW(n1),11.3,CRITICAL,104500,1,160550,161500,253549,89922,RAW_OVER_PSA9,Y,,SNK_THIN
CRD_6C093D7C67AF47468F97,레드의 도전,SR,191/173,sm12a_ja-201,NO_EN,23449,JP,jp_SM_SR,0.078400,299091,265468,SNK_RAW(n2),11.3,CRITICAL,265468,2,1066366,300459,1048863,377961,,,,SNK_THIN
CRD_F5378ABA3B3E4D73A064,명탐정 피카츄,SM-P,142/SM-P,smp_ja-339,smp-SM190,18810,JP,jp_GLOBAL,0.382700,49152,212800,SNK_RAW(n5),11.3,CRITICAL,212800,5,565250,49152,584179,114754,,,,SNK_CONFIRMED
CRD_7ADE94812E08415390CB,제크로무 GX,SM-P,116/SM-P,smp_ja-238,smp-SM138,10992,EN,en_GLOBAL,0.321100,34233,122903,SCRYDEX_JP_RAW,11.2,CRITICAL,0,0,615600,122903,636751,167220,,,Y,NO_SNK
CRD_141407CDC6C3483B9AF1,빛나는 레쿠쟈,A,057/072,sm3p_ja-57,sm35-56,60338,EN,en_GLOBAL,0.321100,187912,665000,SCRYDEX_JP_RAW,11.0,CRITICAL,0,0,0,665000,1737632,227503,RAW_OVER_PSA9,Y,Y,NO_SNK
CRD_761714141AFD427DA3EC,피카츄 V,SR,104/100,swsh4_ja-104,swsh4-170,25823,JP,jp_SR,0.393600,65608,285000,SNK_RAW(n23),11.0,CRITICAL,285000,23,600875,65608,589037,420286,,,,SNK_CONFIRMED
CRD_090216855FE241EFB18B,이슬의 부탁,SR,105/094,sm11_ja-104,sm11-235,21537,JP,jp_SM_SR,0.078400,274707,235116,SNK_RAW(n4),10.9,CRITICAL,235116,4,674500,271573,698966,265958,RAW_OVER_PSA9,,,SNK_THIN
CRD_C4865CD65C7F40D2A53C,빛나는 아르세우스,A,059/072,sm3p_ja-59,sm35-57,13321,EN,en_GLOBAL,0.321100,41485,142500,SCRYDEX_JP_RAW,10.7,CRITICAL,0,0,0,142500,397708,50228,RAW_OVER_PSA9,Y,Y,NO_SNK
CRD_4EC3A525E385456A88F0,레쿠쟈 EX,PR,,xyp_ja-122,xyp-XY69,68627,EN,en_GLOBAL,0.321100,213724,725800,SNK_RAW(n22),10.6,CRITICAL,725800,22,1144750,0,1838462,442318,,Y,Y,SNK_CONFIRMED
CRD_7DD7D9F40504433E96CA,지우의 피카츄,SM-P,048/SM-P,smp_ja-75,smp-SM113,23593,EN,en_GLOBAL,0.321100,73474,250800,PSA10x0.15,10.6,CRITICAL,0,0,1672000,0,1271418,305804,,Y,Y,NO_SNK
CRD_8ED834DBED86423DAAE0,마오&수련,SR,108/095,sm12_ja-107,sm12-231,15659,JP,jp_SM_SR,0.078400,199727,164825,SNK_RAW(n2),10.5,CRITICAL,164825,2,294566,199727,281917,126542,RAW_OVER_PSA9,,,SNK_THIN
CRD_2F43F0F33B364E59B1AA,로사와 로이,SR,061/054,sm10b_ja-62,sm115-68,22971,EN,en_SM_SR,0.168000,136731,237500,SNK_RAW(n4),10.3,CRITICAL,237500,4,748771,293437,692398,203864,RAW_OVER_PSA9,,Y,SNK_THIN
CRD_21AA8DB739564F3E9CA5,피카츄,SM-P,052/SM-P,smp_ja-44,smp-SM86,12156,EN,en_GLOBAL,0.321100,37859,123500,SCRYDEX_JP_RAW,10.2,CRITICAL,0,0,950000,123500,1057315,211800,,Y,Y,NO_SNK
CRD_C5460BA77BF844449364,아그놈,HR,22/40,NO_JP,dp6-140,14009,EN,en_BW_HR,0.089600,156352,139650,PSA10x0.15,10.0,CRITICAL,0,0,931000,0,0,0,,Y,,NO_SNK
CRD_3C4CBC99613B4B548008,소니아,SR,077/070,swsh1a_ja-77,swsh2-192,28876,EN,en_SWSH_SR_SUPPORTER,0.894500,32281,285000,SCRYDEX_JP_RAW,9.9,HIGH,0,0,284990,285000,297996,86436,RAW_OVER_PSA9,Y,Y,NO_SNK
CRD_9164D7095AC54C06BE66,피카츄 VMAX,UR,279/184,swsh8b_ja-279,swsh11tg-TG29,26519,JP,jp_UR,0.436400,60768,258875,SNK_RAW(n17),9.8,HIGH,258875,17,650740,60261,370811,66849,,,,SNK_CONFIRMED
CRD_C80A57B9F72D4DD39F64,빛나는 루기아,A,058/072,sm3p_ja-58,smp-SM82,49943,EN,en_GLOBAL,0.321100,155538,475000,SCRYDEX_JP_RAW,9.5,HIGH,0,0,0,475000,1247402,321767,RAW_OVER_PSA9,Y,Y,NO_SNK
CRD_3B1C48E46678437CBAE4,가디안&님피아 GX,SR,061/055,sm9a_ja-61,sm10-205,111720,JP,jp_SM_SR,0.078400,1425000,1044990,SNK_RAW(n6),9.4,HIGH,1044990,6,3037625,1615000,2776822,1425826,RAW_OVER_PSA9,Y,,SNK_CONFIRMED
CRD_B6294903334744A58D01,지우의 피카츄,SM-P,045/SM-P,smp_ja-72,smp-SM110,27046,EN,en_GLOBAL,0.321100,84230,255075,PSA10x0.15,9.4,HIGH,0,0,1700500,0,1302710,137612,,Y,Y,NO_SNK
CRD_3BE5316F6AED4A72B593,다크라이 GX,SSR,230/150,sm8b_ja-230,sma-SV70,40931,JP,jp_GLOBAL,0.382700,106954,379990,SNK_RAW(n3),9.3,HIGH,379990,3,706800,106954,606946,99386,RAW_OVER_PSA9,,,SNK_THIN
CRD_BA10F03AB84145BBB276,메가메가니움 ex,RR,761/742,NO_JP,me2pt5-272,28370,EN,en_RR,0.188200,150744,264414,SNK_RAW(n24),9.3,HIGH,264414,24,603012,0,0,0,,Y,,SNK_CONFIRMED
CRD_D676436BD48549B1BEBE,마리,HR,072/060,swsh1h_ja-72,swsh1-208,11864,EN,en_HR,0.357800,33157,108775,SNK_RAW(n1),9.2,HIGH,108775,1,223240,0,203710,38226,,Y,Y,SNK_THIN
CRD_FE7A2CCC9AFB4044AD37,마리,SR,067/060,swsh1h_ja-68,swsh1-200,52130,EN,en_SWSH_SR_SUPPORTER,0.894500,58279,475000,SNK_RAW(n7),9.1,HIGH,475000,7,958550,537768,947793,360069,RAW_OVER_PSA9,Y,Y,SNK_CONFIRMED
CRD_EFFAAF3652A343819720,이슬&칸나,SR,198/173,sm12a_ja-191,NO_EN,47196,JP,jp_SM_SR,0.078400,601993,422750,SNK_RAW(n1),9.0,HIGH,422750,1,850240,599719,1006785,507072,RAW_OVER_PSA9,,,SNK_THIN
CRD_2165621DAD614A36A40F,지우의 피카츄,SM-P,047/SM-P,smp_ja-74,smp-SM112,27007,EN,en_GLOBAL,0.321100,84107,240058,PSA10x0.15,8.9,HIGH,0,0,1459523,0,1600390,311308,,Y,Y,NO_SNK
CRD_BE15DB54E85D437389C2,피카츄 VMAX,HR,114/100,swsh4_ja-114,swsh4-188,73064,JP,jp_HR,0.432300,169013,648375,SNK_RAW(n4),8.9,HIGH,648375,4,1001775,169013,880697,229659,,,,SNK_THIN
CRD_40ACC9AF379C44558884,디아루가,HR,46/60,dp3_ja-1004,dp4-105,34416,EN,en_BW_HR,0.089600,384105,303653,PSA10x0.15,8.8,HIGH,0,0,0,0,2024354,198362,,Y,Y,NO_SNK
CRD_AFEB8972DDD3469BB268,레시라무 GX,SSR,211/150,sm8b_ja-211,sma-SV51,21756,JP,jp_GLOBAL,0.382700,56850,189990,SNK_RAW(n2),8.7,HIGH,189990,2,358625,56327,295804,78538,,,,SNK_THIN
CRD_6E0CFA01EAA84472A5AAA69BE95C2DA8,뮤 VMAX,HR,119/100,swsh8_ja-119,swsh8-269,198522,JP,jp_HR,0.432300,459223,1710000,SNK_RAW(n9),8.6,HIGH,1710000,9,2481400,459223,2260613,428019,RAW_OVER_PSA9,,,SNK_CONFIRMED
CRD_906A3DF2C7B04997AE4D,개굴닌자 EX,PR,,xyp_ja-21,xyp-XY20,13479,EN,en_GLOBAL,0.321100,41977,115236,SCRYDEX_JP_RAW,8.5,HIGH,0,0,555750,115236,690597,152517,,,Y,NO_SNK
CRD_DFBD272AF9C64329B300,뮤 V,SR,105/100,swsh8_ja-105,swsh8-250,12857,JP,jp_SR,0.393600,32666,108300,SNK_RAW(n25),8.4,HIGH,108300,25,341050,32666,250861,58830,,,,SNK_CONFIRMED
CRD_C1ED974D21D945F6AE35,아쿠아단의 가이오가 EX,RR,006/034,cp1_ja-6,dc1-6,172053,JP,jp_RR,0.402800,427141,1425000,SNK_RAW(n2),8.3,HIGH,1425000,2,3781000,427141,3773002,1865744,,,,SNK_THIN
CRD_176BE23510B840A2A394,피카츄 ex,RR,764/742,NO_JP,me2pt5-276,371494,EN,en_RR,0.188200,1973931,3040000,SNK_RAW(n65),8.2,HIGH,3040000,65,5037603,0,0,0,,Y,,SNK_CONFIRMED
CRD_A8210A464976421F9923,메가염무왕 ex,RR,762/742,NO_JP,me2pt5-273,20279,EN,en_RR,0.188200,107753,161490,SNK_RAW(n25),8.0,HIGH,161490,25,368914,0,0,0,,Y,,SNK_CONFIRMED
CRD_C01B9679589B47678C03,피카츄,SM-P,086/SM-P,smp_ja-214,smp-SM98,21930,EN,en_GLOBAL,0.321100,68297,175750,SNK_RAW(n2),8.0,HIGH,175750,2,474990,30730,573355,47601,,,Y,SNK_THIN
CRD_67CFE01AE03E495B9FB2,블루의 탐색,SR,195/173,sm12a_ja-196,NO_EN,55727,JP,jp_SM_SR,0.078400,710806,441750,SNK_RAW(n4),7.9,HIGH,441750,4,1431014,710806,1627700,756491,,,,SNK_THIN
CRD_85E5684497324EADB399,개굴닌자 GX,SSR,216/150,sm8b_ja-216,sma-SV56,35275,JP,jp_GLOBAL,0.382700,92173,275490,SNK_RAW(n2),7.8,HIGH,275490,2,679240,92173,775194,169507,,,,SNK_THIN
CRD_A5B83823B6344946A314,피카츄 ex,SAR,132/106,sv8_ja-132,sv8-238,109622,JP,jp_SAR,0.333300,328899,855000,SNK_RAW(n28),7.8,HIGH,855000,28,1215326,322676,1067268,549931,,,,SNK_CONFIRMED
CRD_123A0C58771F4B76BBFE,아강의 비장의카드,SR,077/070,xy5t_ja-77,xy5-157,14850,EN,CARD:CRD_123A0C58771F4B76BBFE:EN,0.413928,35877,114000,SCRYDEX_JP_RAW,7.7,HIGH,0,0,0,114000,264413,140670,,Y,Y,NO_SNK
CRD_3583C21779BE400FB9A6,피카츄,PR,S-P 203,swshp_ja-1,swshp-SWSH020,50851,EN,en_GLOBAL,0.321100,158365,384120,SCRYDEX_JP_RAW,7.6,HIGH,0,0,0,384120,1693183,510033,,,Y,NO_SNK
CRD_FAF52ACED2AE4C21A3E1,지우의 피카츄,SM-P,046/SM-P,smp_ja-73,smp-SM111,26523,EN,en_GLOBAL,0.321100,82601,199727,SCRYDEX_JP_RAW,7.5,HIGH,0,0,1614990,199727,1533826,0,,,Y,NO_SNK
CRD_090C5C6FE6B34BC0A9E7,기라티나 VSTAR,UR,125/100,swsh11_ja-125,swsh11-212,15938,JP,jp_UR,0.436400,36522,114000,SNK_RAW(n20),7.2,HIGH,114000,20,242164,36522,230628,32146,RAW_OVER_PSA9,,,SNK_CONFIRMED
CRD_26B8AD9FA6554601A3B7,뮤츠 GX,SSR,219/150,sm8b_ja-219,sma-SV59,45688,JP,jp_GLOBAL,0.382700,119385,329175,SNK_RAW(n8),7.2,HIGH,329175,8,988000,120921,867204,205963,,,,SNK_CONFIRMED
CRD_5D86E01964624A8CBE40,피카츄 VMAX,CSR,223/184,swsh8b_ja-223,swsh11tg-TG17,42872,JP,jp_GLOBAL,0.382700,112025,296875,SNK_RAW(n22),6.9,HIGH,296875,22,593750,111441,569346,173797,,,,SNK_CONFIRMED
CRD_808E7CD437F24C0A8CE3,모야모의 찌리배리 ex,SAR,125/100,sv9_ja-125,sv9-183,20438,JP,jp_SAR,0.333300,61321,140600,SNK_RAW(n9),6.9,HIGH,140600,9,179788,61644,156065,43929,RAW_OVER_PSA9,,,SNK_CONFIRMED
CRD_8C8EEF4E7290462E9827,빛나는 세레비,A,004/072,sm3p_ja-4,smp-SM79,16824,EN,en_GLOBAL,0.321100,52394,114000,SCRYDEX_JP_RAW,6.8,HIGH,0,0,0,114000,463226,45476,RAW_OVER_PSA9,Y,Y,NO_SNK
CRD_2E88C364F7394ACBB0AB,마리,SR,193/190,swsh4a_ja-198,swshp-SWSH121,25894,JP,jp_SWSH_SR_SUPPORTER,0.276500,93648,171000,SNK_RAW(n16),6.6,HIGH,171000,16,292514,93648,254287,69910,RAW_OVER_PSA9,,,SNK_CONFIRMED
CRD_AFB2E1221F7B49C4B30F,M팬텀 EX,PR,,xyp_ja-79,xyp-XY166,126799,EN,en_GLOBAL,0.321100,394891,835040,SNK_RAW(n4),6.6,HIGH,835040,4,1983125,0,1931091,526306,,Y,Y,SNK_THIN
CRD_25B97585CC304F538181,잉어킹&고래왕 GX,SR,099/095,sm9_ja-99,sm9-161,219866,EN,en_SM_SR,0.168000,1308728,1420250,SNK_RAW(n2),6.5,HIGH,1420250,2,2625800,537753,3022999,1070345,,,Y,SNK_THIN
CRD_ADDEC4B6D7EC4C7FA90E,리자몽 ex,UR,139/108,sv3_ja-139,sv3-228,24098,JP,jp_UR,0.436400,55221,156750,SNK_RAW(n26),6.5,HIGH,156750,26,308750,55221,383058,74234,,,,SNK_CONFIRMED
CRD_DC46034507A149F9A1E5,레쿠쟈 V,SR,076/067,swsh7r_ja-76,swsh7-194,239974,JP,jp_SR,0.393600,609691,1567500,SNK_RAW(n15),6.5,HIGH,1567500,15,3321438,609691,3075002,800763,,,,SNK_CONFIRMED
CRD_69525AAF5E3C4C99AB79,난천의 한카리아스 ex,SAR,087/063,sv9a_ja-87,sv10-232,56493,JP,CARD:CRD_69525AAF5E3C4C99AB79:JP,0.182326,309847,362416,SNK_RAW(n9),6.4,HIGH,362416,9,487350,305268,518931,305690,,,,SNK_CONFIRMED
CRD_0BDAE7D89E874FAF958A,레시라무 EX,PR,,bwp_ja-158,bw4-95,120701,EN,en_GLOBAL,0.321100,375900,760000,SCRYDEX_JP_RAW,6.3,HIGH,0,0,3515000,760000,834493,510402,RAW_OVER_PSA9,Y,Y,NO_SNK
CRD_3AF8CE5102AA47F5A68E,리자몽 ex,SAR,134/108,sv3_ja-134,sv3-223,77805,JP,jp_SAR,0.333300,233437,489250,SNK_RAW(n24),6.3,HIGH,489250,24,792614,223589,790518,314574,,,,SNK_CONFIRMED
CRD_71B943080D4E4023A1B4,피카츄 ex,UR,136/106,sv8_ja-136,sv8-247,45300,JP,jp_UR,0.436400,103805,285000,SNK_RAW(n25),6.3,HIGH,285000,25,553527,89039,489768,122040,,,,SNK_CONFIRMED
CRD_6CCC633E4EDE4AC7B8F3,보스의 지령,HR,112/096,swsh2_ja-112,swsh2-200,25036,EN,en_HR,0.357800,69971,152000,SCRYDEX_JP_RAW,6.1,HIGH,0,0,142500,152000,0,0,,Y,Y,NO_SNK
CRD_8C3914BBF6F44AEA9A9F,칠색조 GX,SSR,210/150,sm8b_ja-210,sma-SV50,17817,JP,jp_GLOBAL,0.382700,46555,108300,SNK_RAW(n4),6.1,HIGH,108300,4,324577,45572,242486,35091,RAW_OVER_PSA9,,,SNK_THIN
CRD_F92441CD205348ABA0D0,민화의 덩쿠리,AR,743/742,NO_JP,me2pt5-218,17541,EN,CARD:CRD_F92441CD205348ABA0D0:EN,0.439775,39887,104500,SNK_RAW(n44),6.0,HIGH,104500,44,373588,0,0,0,,Y,,SNK_CONFIRMED
CRD_6C48D7D464D0402B9F7D,뮤 ex,UR,208/165,sv2a_ja-208,sv3pt5-205,28725,JP,jp_UR,0.436400,65823,168625,SNK_RAW(n49),5.9,HIGH,168625,49,430027,64394,392347,89545,,,,SNK_CONFIRMED
CRD_D97F8DEBE01544ABAA7E,코라이돈 ex,SAR,103/078,sv1s_ja-103,sv1-247,17688,JP,jp_SAR,0.333300,53070,104500,SNK_RAW(n5),5.9,HIGH,104500,5,218490,53024,140801,37155,RAW_OVER_PSA9,,,SNK_CONFIRMED
CRD_EC410684A6FD4E888271,뮤츠 V,SR,074/071,swsh10b_ja-74,pgo-72,42170,JP,jp_SR,0.393600,107139,247000,SNK_RAW(n29),5.9,HIGH,247000,29,485754,102283,459217,114659,,,,SNK_CONFIRMED
CRD_147D2B78F8B043E3BB91,루기아 V,SR,110/098,swsh12_ja-110,swsh12-186,287254,JP,jp_SR,0.393600,729813,1662500,SNK_RAW(n10),5.8,HIGH,1662500,10,1966500,708701,2023547,684925,RAW_OVER_PSA9,,,SNK_CONFIRMED
CRD_8CE0A1EE438248E1ABA7,메가장크로다일 ex,RR,763/742,NO_JP,me2pt5-274,53438,EN,en_RR,0.188200,283942,304000,SNK_RAW(n32),5.7,HIGH,304000,32,698488,0,0,0,,Y,,SNK_CONFIRMED
CRD_6C18665126FF426F9C2E,블래키 VMAX,CSR,245/184,swsh8b_ja-245,swsh9tg-TG23,37733,JP,jp_GLOBAL,0.382700,98596,209000,SNK_RAW(n23),5.5,HIGH,209000,23,457178,98396,409053,120640,,,,SNK_CONFIRMED
CRD_053F45EBABE44DD09C9B,잉어킹,AR,080/073,sv1a_ja-80,sv2-203,46153,EN,CARD:CRD_053F45EBABE44DD09C9B:EN,0.070382,655754,247000,SNK_RAW(n59),5.4,HIGH,247000,59,518339,266164,563166,316990,,,Y,SNK_CONFIRMED
CRD_33FE80EB03934DEC8C07,파이리,AR,051/049,NO_JP,svp-44,37463,EN,en_AR,0.343900,108936,201400,SNK_RAW(n30),5.4,HIGH,201400,30,586388,0,0,0,,Y,,SNK_CONFIRMED
CRD_81C9A32B267046DDA955,고동치는달 ex,SAR,090/066,sv4k_ja-90,sv4-251,21017,JP,jp_SAR,0.333300,63057,113430,SNK_RAW(n6),5.4,HIGH,113430,6,150708,62903,120275,81249,,,,SNK_CONFIRMED
CRD_8F6DB567A7EF4D5F9742,제크로무 ex,BWR,174/086,sv11b_ja-174,zsv10pt5-172,140447,JP,CARD:CRD_8F6DB567A7EF4D5F9742:JP,0.325980,430844,760000,SNK_RAW(n34),5.4,HIGH,760000,34,1083000,404002,1144726,570546,,,,SNK_CONFIRMED
CRD_93DF43C333324F0FB26C,기라티나 V,SR,111/100,swsh11_ja-111,swsh11-186,408212,JP,jp_SR,0.393600,1037124,2200827,SNK_RAW(n6),5.4,HIGH,2200827,6,3154000,1037124,3405696,1052451,,,,SNK_CONFIRMED
CRD_EB7BA018582548A78372,페로코체&매시붕 GX,SR,056/054,sm9b_ja-56,sm10-192,22862,EN,en_SM_SR,0.168000,136086,123500,SNK_RAW(n1),5.4,HIGH,123500,1,437000,50304,457334,45340,RAW_OVER_PSA9,,Y,SNK_THIN
CRD_68FF087ED5984A63BAE9,피카츄 ex,SR,122/106,sv8_ja-122,sv8-219,20247,JP,jp_SR,0.393600,51441,104975,SNK_RAW(n39),5.2,HIGH,104975,39,249375,51933,279455,119022,,,,SNK_CONFIRMED
CRD_B30DFCBCDFBA21BE1C07,피카츄,PR,199/SM-P,smp_ja-199,smp-SM162,614592,PROMO_DIRECT,,,614592,3182500,SNK_RAW(n1),5.2,HIGH,3182500,1,4512500,614592,0,0,,,,SNK_THIN
CRD_EC4DDEF3D32C4E658D4C,뮤 V,SR,106/100,swsh8_ja-106,swsh8-251,57150,JP,jp_SR,0.393600,145197,294500,SNK_RAW(n18),5.2,HIGH,294500,18,595365,141971,609865,168605,,,,SNK_CONFIRMED
CRD_FF3AB4F575D74BC39C88,블래키 V,CSR,244/184,swsh8b_ja-244,swsh9tg-TG22,26684,JP,jp_GLOBAL,0.382700,69725,131100,SNK_RAW(n22),4.9,HIGH,131100,22,300200,69295,291567,120934,,,,SNK_CONFIRMED
CRD_1E0043AFBDEA40F0A0F7,마그마단의 그란돈 EX,RR,015/034,cp1_ja-15,dc1-15,96631,EN,en_DC1_RR,0.134400,718980,464436,SNK_RAW(n1),4.8,HIGH,464436,1,4643116,1710000,5368939,1464179,RAW_OVER_PSA9,Y,Y,SNK_THIN
CRD_269A7AD114DA491CA9AC,레시라무 ex,BWR,174/086,sv11w_ja-174,rsv10pt5-173,145379,JP,CARD:CRD_269A7AD114DA491CA9AC:JP,0.349428,416048,703000,SNK_RAW(n31),4.8,HIGH,703000,31,1030512,409779,1047770,562426,,,,SNK_CONFIRMED
CRD_4E744A43E495413AAC15,님피아 VMAX,HR,093/069,swsh6a_ja-93,swsh7-212,398532,JP,jp_HR,0.432300,921888,1900000,SNK_RAW(n3),4.8,HIGH,1900000,3,2170750,921888,2234254,807888,RAW_OVER_PSA9,,,SNK_THIN
CRD_5A5295A6BE874BBA8414,피카츄,SM-P,135/SM-P,smp_ja-227,NO_EN,69142,PROMO_DIRECT,,,69142,332500,SNK_RAW(n2),4.8,HIGH,332500,2,808526,69142,660189,0,,,,SNK_THIN
CRD_730805FC07034C0DB994,루기아 EX플라스마단,SR,074/070,bw7_ja-74,bw8-134,79800,JP,jp_BW_SR,0.056000,1425000,384120,SCRYDEX_JP_RAW,4.8,HIGH,0,0,17100000,384120,4678394,3090097,,,,NO_SNK
CRD_A6F7502948814BF9A22C,블래키 VMAX,HR,095/069,swsh6a_ja-95,swsh7-215,1215206,EN,en_HR,0.357800,3396328,5700000,SNK_RAW(n1),4.7,HIGH,5700000,1,8170000,0,8336048,3229122,,Y,Y,SNK_THIN
CRD_B8B69E5A34C042F2928346295A367A70,메가리자몽X ex,MUR,116/080,m2_ja-116,me2-130,483749,JP,jp_MUR,0.486100,995163,2294250,SNK_RAW(n52),4.7,HIGH,2294250,52,5114316,966308,5493688,1511618,,,,SNK_CONFIRMED
CRD_81D4DD597DBE456BB22A,님피아 VMAX,CSR,232/184,swsh8b_ja-232,swsh9tg-TG15,28701,JP,jp_GLOBAL,0.382700,74996,133000,SNK_RAW(n10),4.6,HIGH,133000,10,269800,74258,247367,75243,,,,SNK_CONFIRMED
CRD_D7B60917E9F749A78D85,피카츄&제크로무 GX,RR,041/173,sm12a_ja-41,sm9-33,24588,EN,en_RR,0.188200,130647,112100,SNK_RAW(n41),4.6,HIGH,112100,41,359100,43651,449860,168133,,,Y,SNK_CONFIRMED
CRD_39A2F0B42FC5405188AA,보스의 지령(비주기),SR,105/096,swsh2_ja-106,swsh2-189,38231,JP,jp_SWSH_SR_SUPPORTER,0.276500,138268,171000,SNK_RAW(n1),4.5,HIGH,171000,1,332490,138268,151182,155138,GRADED_INVERSION,,,SNK_THIN
CRD_3FF1314B8C744C4087FA,시유,SAR,129/101,sv6_ja-130,sv6-217,48492,JP,jp_SAR,0.333300,145489,216600,SNK_RAW(n24),4.5,HIGH,216600,24,664506,145274,694635,156656,,,,SNK_CONFIRMED
CRD_4A6AB07D1EE64032B862,로켓단의 뮤츠 ex,UR,130/098,sv10_ja-130,sv10-240,28249,JP,jp_UR,0.436400,64732,121125,SNK_RAW(n35),4.3,HIGH,121125,35,306366,62504,260502,91571,,,,SNK_CONFIRMED
CRD_DBD66A8B209F456490D9,블래키 VMAX,HR,094/069,swsh6a_ja-94,swsh7-214,28488,JP,jp_HR,0.432300,65900,123490,SNK_RAW(n12),4.3,HIGH,123490,12,345278,65900,294931,71442,,,,SNK_CONFIRMED
CRD_43BC0926ACC14BDDAA6B,개굴닌자 ex,SAR,090/066,sv5a_ja-90,sv6-214,108886,JP,CARD:CRD_43BC0926ACC14BDDAA6B:JP,0.342470,317944,456000,SNK_RAW(n8),4.2,HIGH,456000,8,613690,317298,659972,427914,,,,SNK_CONFIRMED
CRD_4500844A9586482C906C,이브이&잠만보 GX,SM-P,140/SM-P,smp_ja-297,smp-SM169,88419,JP,jp_GLOBAL,0.382700,231041,372866,SNK_RAW(n6),4.2,HIGH,372866,6,758100,231040,897873,337374,,,,SNK_CONFIRMED
CRD_695A1C7D2A614268A739,리자몽 VSTAR,HR,118/100,swsh9_ja-118,swsh9-174,34041,JP,jp_HR,0.432300,78745,142490,SNK_RAW(n9),4.2,HIGH,142490,9,365427,76824,286513,88536,,,,SNK_CONFIRMED
CRD_B28E6145CF994B09905F,로켓단의 파이어 ex,SAR,124/098,sv10_ja-124,sv10-229,44835,JP,jp_SAR,0.333300,134519,190000,SNK_RAW(n24),4.2,HIGH,190000,24,313490,131953,316156,163819,,,,SNK_CONFIRMED
CRD_F99BBE338E8843F887F4,심향의 칠색조 ex,SAR,086/063,sv9a_ja-86,sv10-230,64981,JP,jp_SAR,0.333300,194964,274550,SNK_RAW(n16),4.2,HIGH,274550,16,425315,187266,411164,225526,,,,SNK_CONFIRMED
CRD_184AC847FEF045F0A5C3,카틀레야,SR,083/070,swsh6k_ja-80,swsh6-189,33769,EN,en_SWSH_SR_SUPPORTER,0.894500,37751,137750,SNK_RAW(n3),4.1,HIGH,137750,3,213750,90345,191662,84511,RAW_OVER_PSA9,,Y,SNK_THIN
CRD_64AC0547355944F0835D,쥬피썬더 V,SR,079/069,swsh6a_ja-79,swshp-SWSH183,43440,JP,jp_SR,0.393600,110365,179436,SNK_RAW(n10),4.1,HIGH,179436,10,332016,110043,343905,128439,,,,SNK_CONFIRMED
CRD_0BDC07CD5DF04DCC8A26,M레쿠쟈 EX,RR,105/171,xy6_ja-62,xy6-76,40228,JP,jp_RR,0.402800,99871,161500,SNK_RAW(n1),4.0,HIGH,161500,1,554002,99871,685681,183770,,,,SNK_THIN
CRD_487CFF0EF551423B842A,블래키 GX,SSR,229/150,sm8b_ja-229,sma-SV69,153083,JP,jp_GLOBAL,0.382700,400007,617500,SNK_RAW(n1),4.0,HIGH,617500,1,2047772,400007,1764576,261416,RAW_OVER_PSA9,,,SNK_THIN
CRD_4FD05F42130846719AF7,이상해꽃 ex,SAR,200/165,sv2a_ja-200,sv3pt5-198,66871,JP,jp_SAR,0.333300,200634,266000,SNK_RAW(n27),4.0,HIGH,266000,27,378100,197284,397135,232097,,,,SNK_CONFIRMED
CRD_A848A7E12690411197B4,리자몽 VMAX,SSR,308/190,swsh4a_ja-308,swsh45sv-SV107,71343,JP,jp_GLOBAL,0.382700,186421,275500,SNK_RAW(n23),3.9,MED,275500,23,502864,169120,437660,194600,,,,SNK_CONFIRMED
CRD_46355D0F57297D6AEAE6,,,,,,47616,JP,jp_SAR,0.333300,142862,180444,SCRYDEX_JP_RAW,3.8,MED,0,0,0,180444,0,0,,,,NO_SNK
CRD_49B4C54D818A4CF7BA81,M리자몽 EX,RR,055/080,xy2_ja-55,xy2-69,176385,JP,jp_RR,0.402800,437897,665000,SNK_RAW(n1),3.8,MED,665000,1,1395550,380279,1626775,120918,RAW_OVER_PSA9,,,SNK_THIN
CRD_EFCB23BB10864CE3BB7F,레시라무 ex,SAR,168/086,sv11w_ja-168,rsv10pt5-166,74957,JP,jp_SAR,0.333300,224895,283100,SNK_RAW(n25),3.8,MED,283100,25,416090,213294,423622,255809,,,,SNK_CONFIRMED
CRD_12350A5EE2C042EBA371,아르세우스 V,SR,112/100,swsh9_ja-112,swsh9-166,29373,JP,jp_SR,0.393600,74627,109250,SNK_RAW(n8),3.7,MED,109250,8,281314,74627,214469,84585,,,,SNK_CONFIRMED
CRD_4A6CC4A034DF4C3DAD74,피카츄 ex,SAR,234/193,m2a_ja-234,me2pt5-277,139314,JP,jp_SAR,0.333300,417984,519394,SNK_RAW(n91),3.7,MED,519394,91,916085,416186,968180,430726,,,,SNK_CONFIRMED
CRD_853F91A8D5AF441492F4,리자몽 ex,SAR,201/165,sv2a_ja-201,sv3pt5-199,201028,JP,jp_SAR,0.333300,603145,750500,SNK_RAW(n39),3.7,MED,750500,39,1185562,606986,1136679,647049,,,,SNK_CONFIRMED
CRD_AF3062D3422A407D9A65,블래키 V,SR,085/069,swsh6a_ja-85,swsh7-189,150065,JP,jp_SR,0.393600,381262,555750,SNK_RAW(n11),3.7,MED,555750,11,946514,374824,1063275,381772,,,,SNK_CONFIRMED
CRD_CE167D5150A34D07B7AF,리자몽 V,SR,103/100,swsh9_ja-103,swsh9-154,102640,JP,jp_SR,0.393600,260771,379990,SNK_RAW(n14),3.7,MED,379990,14,660231,260771,726769,265132,,,,SNK_CONFIRMED
CRD_F10CF3C1C5A4B70534D1,,,,,,27823,JP,jp_SAR,0.333300,83477,103467,SCRYDEX_JP_RAW,3.7,MED,0,0,0,103467,848793,0,,,,NO_SNK
CRD_093AB925F0C14BB1BFF6,글레이시아 VMAX,HR,091/069,swsh6a_ja-91,swsh7-209,245762,JP,jp_HR,0.432300,568498,878750,SNK_RAW(n3),3.6,MED,878750,3,1492678,568498,1290237,467161,RAW_OVER_PSA9,,,SNK_THIN
CRD_1F266213F3D04671AEAA,썬더 ex,SAR,204/165,sv2a_ja-204,sv3pt5-202,53259,JP,jp_SAR,0.333300,159794,190000,SNK_RAW(n17),3.6,MED,190000,17,336927,158150,361384,126723,RAW_OVER_PSA9,,,SNK_CONFIRMED
CRD_3F76B4D8B9814F63AA83,샤미드 V,SR,075/069,swsh6a_ja-75,swshp-SWSH181,59260,JP,jp_SR,0.393600,150560,211366,SNK_RAW(n5),3.6,MED,211366,5,339131,150560,337332,142609,RAW_OVER_PSA9,,,SNK_CONFIRMED
CRD_D6CE520A6BA64DCF916E,리피아 V,SR,071/069,swsh6a_ja-71,swsh7-167,55704,JP,jp_SR,0.393600,141525,199500,SNK_RAW(n10),3.6,MED,199500,10,338190,135963,332823,150775,,,,SNK_CONFIRMED
CRD_1FC4B3E18BB94A0EB6CC,아머드 뮤츠,SM-P,196/SM-P,smp_ja-365,smp-SM228,120016,EN,en_GLOBAL,0.321100,373764,422750,SNK_RAW(n28),3.5,MED,422750,28,1599164,126575,2184996,421015,,,Y,SNK_CONFIRMED
CRD_326BB4D3A84B467EB968,라티아스 ex,SAR,087/064,sv7a_ja-87,sv8-239,74860,JP,jp_SAR,0.333300,224603,261250,SNK_RAW(n9),3.5,MED,261250,9,384750,219732,410940,255932,,,,SNK_CONFIRMED
CRD_7EB1930C9A224A14AE58,피카츄 ex,UR,236/187,sv8a_ja-236,sv8pt5-179,41157,JP,jp_UR,0.436400,94309,142490,SNK_RAW(n54),3.5,MED,142490,54,377616,92127,392632,100630,,,,SNK_CONFIRMED
CRD_D2B8F12F00094BD88632,피카츄 V,CSR,222/184,swsh8b_ja-222,swsh11tg-TG16,68010,EN,en_GLOBAL,0.321100,211804,237500,SNK_RAW(n27),3.5,MED,237500,27,617490,93633,671304,180641,,,Y,SNK_CONFIRMED
CRD_DBB7B7B124384146B708,루카리오 GX,SSR,224/150,sm8b_ja-224,sma-SV64,41131,JP,jp_GLOBAL,0.382700,107477,142490,SNK_RAW(n3),3.5,MED,142490,3,551000,107477,292196,74662,RAW_OVER_PSA9,,,SNK_THIN
CRD_F655D1FDB00E40F3BB93,로켓단의 뮤츠 ex,SAR,125/098,sv10_ja-125,sv10-231,167285,JP,jp_SAR,0.333300,501907,589000,SNK_RAW(n31),3.5,MED,589000,31,1062338,495192,1033205,576280,,,,SNK_CONFIRMED
CRD_FA4BBF0978E1CA423377,,,,,,216274,JP,jp_SAR,0.333300,648886,759106,SCRYDEX_JP_RAW,3.5,MED,0,0,0,759106,1774796,0,,,,NO_SNK
CRD_FD0EEE3A4AF547399878,후파,PR,,xyp_ja-155,NO_EN,269345,PROMO_DIRECT,,,269345,949050,SNK_RAW(n8),3.5,MED,949050,8,3667000,269345,4833641,1127207,,,,SNK_CONFIRMED
CRD_4828906D1AF3429BB260,글레이시아 GX,SSR,215/150,sm8b_ja-215,sma-SV55,35281,JP,jp_GLOBAL,0.382700,92189,118750,SNK_RAW(n3),3.4,MED,118750,3,256500,76824,206579,41849,RAW_OVER_PSA9,,,SNK_THIN
CRD_4DC3694C7B5E49B7A1A8,제크로무 ex,SAR,169/086,sv11b_ja-169,zsv10pt5-166,81651,JP,jp_SAR,0.333300,244976,279290,SNK_RAW(n27),3.4,MED,279290,27,406410,233361,401336,245706,,,,SNK_CONFIRMED
CRD_89F870261BCE4E9C87D5,릴리에의 결심,SAR,090/063,m1l_ja-91,me1-184,85167,EN,CARD:CRD_89F870261BCE4E9C87D5:EN,0.737984,115405,287366,SNK_RAW(n73),3.4,MED,287366,73,746662,245960,723537,184467,RAW_OVER_PSA9,,Y,SNK_CONFIRMED
CRD_F44F3EDAA2CA41CB89C5,펄기아 EX플라스마단,SR,081/076,bw9_ja-81,bw10-100,83758,EN,en_BW_SR,0.100000,837581,285000,SCRYDEX_JP_RAW,3.4,MED,0,0,0,285000,4966637,801567,,Y,Y,NO_SNK
CRD_F95322AF0A1243D99F83,메가리자몽X ex,SAR,110/080,m2_ja-110,me2-125,358025,JP,jp_SAR,0.333300,1074184,1234392,SNK_RAW(n87),3.4,MED,1234392,87,1798340,1059633,2013429,1206439,,,,SNK_CONFIRMED
CRD_1589922DA5104539AFF5,레쿠쟈 VMAX,CSR,252/184,swsh8b_ja-252,swsh12tg-TG20,109561,EN,en_GLOBAL,0.321100,341206,364790,SNK_RAW(n38),3.3,MED,364790,38,805429,123379,759761,200011,,,Y,SNK_CONFIRMED
CRD_2E4CD75454EB4A199A90,마기라스 V,SR,077/070,swsh5i_ja-77,swsh5-155,102113,JP,jp_SR,0.393600,259435,332490,SNK_RAW(n2),3.3,MED,332490,2,712500,259435,798002,329976,,,,SNK_THIN
CRD_32C64F60484E4801A991,메가루카리오 ex,MUR,092/063,m1l_ja-92,me1-188,199164,JP,jp_MUR,0.486100,409718,655500,SNK_RAW(n35),3.3,MED,655500,35,1481364,412729,1307490,413725,,,,SNK_CONFIRMED
CRD_E3928DC52944458BBFCE,리자몽 ex,SAR,349/190,sv4a_ja-349,sv4pt5-234,109320,JP,jp_SAR,0.333300,327992,361000,SNK_RAW(n33),3.3,MED,361000,33,770688,320525,753646,411338,,,,SNK_CONFIRMED
CRD_EA7AEBBE89AB4A4A8E52,리피아 VMAX,HR,089/069,swsh6a_ja-89,swsh7-205,209223,JP,jp_HR,0.432300,483976,688750,SNK_RAW(n2),3.3,MED,688750,2,901550,483976,950738,362242,RAW_OVER_PSA9,,,SNK_THIN
CRD_509D0B3B4A0D5FBD0AF9,,,,,,33963,JP,jp_SAR,0.333300,101899,109966,SCRYDEX_JP_RAW,3.2,MED,0,0,0,109966,0,0,,,,NO_SNK
CRD_890AC787BC9E4C2DB28A,에브이 V,SR,081/069,swsh6a_ja-81,swsh7-180,73049,JP,jp_SR,0.393600,185591,235600,SNK_RAW(n10),3.2,MED,235600,10,473100,185591,578556,227314,,,,SNK_CONFIRMED
CRD_0F804851962E40E59955,야돈&고라파덕 GX,RR,011/094,sm11_ja-11,sm11-35,35556,EN,en_RR,0.188200,188926,110580,SNK_RAW(n16),3.1,MED,110580,16,370490,64332,415862,104400,,,Y,SNK_CONFIRMED
CRD_30975550ADDC4EA8A667,부스터 V,SR,073/069,swsh6a_ja-73,swshp-SWSH179,58359,JP,jp_SR,0.393600,148270,180500,SNK_RAW(n10),3.1,MED,180500,10,350350,142186,355428,131344,RAW_OVER_PSA9,,,SNK_CONFIRMED
CRD_85D8B3249D6140CCAE00,리자몽 VSTAR,SAR,212/172,swsh12a_ja-212,swshp-SWSH262,49536,JP,jp_SAR,0.333300,148624,152000,SNK_RAW(n57),3.1,MED,152000,57,348508,142078,432110,155124,,,,SNK_CONFIRMED
CRD_1F42D34F4DCB4A0DA99D,루카리오 VSTAR,HR,,swshp_ja-305,NO_EN,533891,JP,jp_HR,0.432300,1235000,1615000,SCRYDEX_JP_RAW,3.0,MED,0,0,3420000,1615000,1188798,603963,RAW_OVER_PSA9;RAW_OVER_PSA10,Y,,NO_SNK
CRD_7633E4DC01B743F4A4BC,메가팬텀 ex,SAR,240/193,m2a_ja-240,me2pt5-284,205792,EN,CARD:CRD_7633E4DC01B743F4A4BC:EN,0.095454,2155927,626288,SNK_RAW(n92),3.0,MED,626288,92,1093089,721301,1287209,690070,RAW_OVER_PSA9,,Y,SNK_CONFIRMED
CRD_8B73A94707F24308AF21,에브이 GX,SSR,220/150,sm8b_ja-220,sma-SV60,47023,JP,jp_GLOBAL,0.382700,122872,142500,SNK_RAW(n1),3.0,MED,142500,1,548140,122842,442363,152734,,,,SNK_THIN
CRD_CBD74C6D3997478C92A5,릴리에의 삐삐 ex,SAR,126/100,sv9_ja-126,sv9-184,64423,JP,jp_SAR,0.333300,193289,193289,SCRYDEX_JP_RAW,3.0,MED,0,0,0,193289,410101,214338,,,,NO_SNK
CRD_DB1896C047CE499EA48B,오리진 디아루가 V,SR,075/067,swsh10d_ja-75,swsh10-177,35070,JP,jp_SR,0.393600,89100,104490,SNK_RAW(n10),3.0,MED,104490,10,230527,89100,233730,84784,RAW_OVER_PSA9,,,SNK_CONFIRMED
CRD_F54B2C86FFE74D62867A,망나뇽 V,SR,074/067,swsh7r_ja-74,swsh7-192,211665,JP,jp_SR,0.393600,537768,631750,SNK_RAW(n4),3.0,MED,631750,4,1137140,537768,1150901,495097,RAW_OVER_PSA9,,,SNK_THIN
CRD_DF3A72B78E8141B1A0D2BED89B3B20EE,메가개굴닌자 EX,MUR,120/083,m4_ja-120,NO_EN,365622,JP,jp_MUR,0.486100,752153,1054500,SNK_RAW(n69),2.9,MED,1054500,69,2070914,751400,2156796,650522,RAW_OVER_PSA9,,,SNK_CONFIRMED
CRD_FE5D7A94A7D447F39D4A,아쿠스타 V,CSR,083/067,swsh9a_ja-83,swsh10tg-TG13,57360,JP,jp_GLOBAL,0.382700,149884,166155,SNK_RAW(n6),2.9,MED,166155,6,319352,149561,381698,170804,,,,SNK_CONFIRMED
CRD_0400517F2E89441EAC81,거북왕 ex,SAR,202/165,sv2a_ja-202,sv3pt5-200,78890,JP,jp_SAR,0.333300,236695,223250,SNK_RAW(n33),2.8,MED,223250,33,425600,231225,423978,223901,RAW_OVER_PSA9,,,SNK_CONFIRMED
CRD_2E403B756FE641CB89FF32CEB4BDDB4E,메가망나뇽 ex,MUR,250/193,m2a_ja-250,me2pt5-295,154642,JP,jp_MUR,0.486100,318128,426084,SNK_RAW(n79),2.8,MED,426084,79,1000188,321078,1036515,325408,,,,SNK_CONFIRMED
CRD_579416A2A535432F8F30,나옹 ex,SAR,114/080,m3_ja-114,me3-121,41625,JP,CARD:CRD_579416A2A535432F8F30:JP,0.290083,143492,116527,SNK_RAW(n65),2.8,MED,116527,65,336452,140058,420368,177559,,,,SNK_CONFIRMED
CRD_7D548C823A1940E98115,가디안 ex,SAR,348/190,sv4a_ja-348,sv4pt5-233,64956,JP,jp_SAR,0.333300,194887,184775,SNK_RAW(n24),2.8,MED,184775,24,344460,194887,380223,226402,,,,SNK_CONFIRMED
CRD_FE2362DA8BC245B88CB2,리피아 GX,SSR,206/150,sm8b_ja-206,sma-SV46,39097,JP,jp_GLOBAL,0.382700,102161,107538,SCRYDEX_JP_RAW,2.8,MED,0,0,327740,107538,197733,99677,RAW_OVER_PSA9,,,NO_SNK
CRD_2444A7B9A8EA415D8A2F,잠만보 VMAX,HR,070/060,swsh1h_ja-70,swsh1-206,39521,JP,jp_HR,0.432300,91421,108300,SNK_RAW(n2),2.7,MED,108300,2,245100,91421,213757,46008,RAW_OVER_PSA9,,,SNK_THIN
CRD_672B4D1A3B27458F9805,가디안 ex,SAR,101/078,sv1s_ja-101,sv1-245,93567,JP,jp_SAR,0.333300,280730,256500,SNK_RAW(n11),2.7,MED,256500,11,349125,279931,386461,190868,RAW_OVER_PSA9,,,SNK_CONFIRMED
CRD_C57E69F6FE4A4DE4BC7F,제크로무 EX,PR,,NO_JP,bw4-97,146307,EN,en_GLOBAL,0.321100,455643,391875,PSA10x0.15,2.7,MED,0,0,2612500,0,0,0,,Y,,NO_SNK
CRD_0822CD02EBF4BC46E659,,,,,,58795,JP,jp_GLOBAL,0.382700,153633,153633,SCRYDEX_JP_RAW,2.6,MED,0,0,0,153633,0,0,,Y,,NO_SNK
CRD_C4A0597992A94A558267,글레이시아 V,SR,077/069,swsh6a_ja-77,swsh7-175,70019,JP,jp_SR,0.393600,177894,180500,SNK_RAW(n8),2.6,MED,180500,8,348650,172762,358323,143787,RAW_OVER_PSA9,,,SNK_CONFIRMED
CRD_487F923F9A884FFDBD8A,메가개굴닌자 ex,SAR,114/083,m4_ja-114,NO_EN,163511,JP,jp_SAR,0.333300,490583,409583,SNK_RAW(n90),2.5,MED,409583,90,700254,476017,60950,356692,RAW_OVER_PSA9;RAW_OVER_PSA10;GRADED_INVERSION,,,SNK_CONFIRMED
CRD_AD9A574810174B64B773,님피아 V,SR,083/069,swsh6a_ja-83,swsh7-184,90702,JP,jp_SR,0.393600,230441,230441,SCRYDEX_JP_RAW,2.5,MED,0,0,0,230441,450910,202337,RAW_OVER_PSA9,,,NO_SNK
CRD_C74290D9A640465F8C18,엠페르트 V,SR,074/070,swsh5r_ja-74,swsh5-146,45901,JP,jp_SR,0.393600,116619,116619,SCRYDEX_JP_RAW,2.5,MED,0,0,318250,116619,287078,70890,RAW_OVER_PSA9,,,NO_SNK
CRD_E1A0B45DD087457B9796,로켓단의 니드킹 ex,SAR,126/098,sv10_ja-126,sv10-233,41327,JP,jp_SAR,0.333300,123994,104500,SNK_RAW(n13),2.5,MED,104500,13,204250,115297,214060,102777,RAW_OVER_PSA9,,,SNK_CONFIRMED
