card_id,name,rarity,officialCode,scrydexRef,vector_count
CRD_C3D5C7ACD33641D0A03D,배틀 콜로세움,SR,BS2025014108,m2_ja-108,15
CRD_A7C33D6D04CA4437BD1F,미라이돈 ex,RR,BS2024003011,sv5-122,5
CRD_BB0CFF854EAC4E149745,기로치 ex,RR,BS2025013003,ma_ja-3,5
CRD_93C95BC7FE614F8398BE,쥬피썬더 V,RR,BS2021007030,swsh6a_ja-30,15
CRD_91D653F2B1A3411D81A7,포켓바이털A,ACE,BS2024011056,sv6a_ja-55,15
CRD_C1EA9FCD9E9548B294A9,레지기가스,H,BS2010010034,dp5t_ja-525,20
CRD_2CFA9E7297D146EF818C,에너지 리사이클,SR,BS2026002102,m3_ja-101,10
CRD_9C7F4366DF8340318937,리자몽,H,BS2010010007,dp3_ja-6,15
CRD_EC132ACDFBE44F7ABC82,난천의 한카리아스 ex,RR,BS2025015090,m2a_ja-90,15
CRD_84E9B9850E9A45968528,루가루암 V,RR,BS2021011024,swsh7d_ja-24,15
CRD_9D052520704740CD8855,뮤츠 GX,RR,BS2017010040,sm3p_ja-40,15
CRD_92630B5A5E064CC6951E,파치래곤 V,RR,BS2021003023,swsh5a_ja-23,15
CRD_5530C05FD3FA4C2F8CF2,하이퍼 아로마,ACE,BS2024007058,sv5a_ja-55,15
CRD_8339A718987648728776,글레이시아 EX,RR,BS2016020018,xy10_ja-18,15
CRD_CD39A55DE2DF4A2C9E74,근성의 망토,UR,,swsh3a_ja-94,10
CRD_FC20D31639D7402AB5A5,테라파고스 ex,RR,BS2026001630,sv7_ja-88,15
CRD_F0835CD9F9D84DBF8F75,샤로다 ex,RR,BS2025007003,sv11b_ja-3,15
CRD_94090A9F33B740DD8519,썬더마운틴(프리즘스타),PR,BS2018012058,sm7a_ja-58,10
CRD_397FCA0ECF7D450CB94A,데인저러스 광선,ACE,BS2024011054,sv6a_ja-54,15
CRD_CCCC36079AC24E7F997F,절친 포핀,SR,BS2025010083,m1s_ja-81,15
CRD_3E82A9C4F39E4C719B47,가라르 야도킹 V,RR,BS2021003046,swsh5a_ja-46,15
CRD_B646D9DFC21842518DBB,요씽리스 V,RR,BS2021018085,swsh8_ja-85,15
CRD_4E3E41E9A3494482BEB7,메가시그널,SR,BS2025010081,m1s_ja-83,15
CRD_E5FF55B0797E40E5B60F,에너지 갈아 달기,UR,BS2022016093,swsh11a_ja-93,15
CRD_6369E7C18E744D1799BE,보만다 ex,RR,BS2025001072,sv9_ja-72,15
CRD_CDEB9C6B68E443809126,프라임 캐처,ACE,BS2024005062,sv5m_ja-62,15
CRD_470C969D43B749E7BCEE,레지락 ex,RR,BS2025006055,sv10_ja-55,15
CRD_F73F371E442F4ACFBEFB,이벨타르 GX,RR,BS2018004055,sm6_ja-55,15
CRD_60FB75999B834AB7AC7A,경험치 공유,UR,,swsh5i_ja-90,10
CRD_6B6B971B316F4CECA17D,포켓몬 회수 사이클론,ACE,BS2024008093,sv6_ja-93,15
CRD_21FFD5E3D47449929375,카푸꼬꼬꼭 V,RR,BS2021001017,swsh5i_ja-17,15
CRD_DF29217FC4A941819E7F,에코잉혼,UR,,swsh6k_ja-94,10
CRD_07C2338930A64DA68179,더스트나 V,RR,BS2021011030,swsh7d_ja-30,15
CRD_F3EAABE5636E4544BBF4,엠페르트,H,BS2010001024,dp1_ja-456,20
CRD_52F01BC27D17412EAEA0,프라임 캐처,ACE,BS2025013025,sv5m_ja-62,15
CRD_4B1139083803494BBE54,님피아 ex,RR,BS2024019069,sv8a_ja-69,15
CRD_8D8A1D38FB9A45188298,로토무,S,BS2020016237,swsh4a_ja-237,10
CRD_B902B8EEEEF14328B5E1,무쇠가시 ex,RR,BS2024007033,sv5a_ja-33,15
CRD_94E186691EF7493B8ABD,미스터리 가든,SR,BS2025010086,m1s_ja-86,15
CRD_069F642A156B4536B125,유리나팔,SR,BS2025015216,m2a_ja-215,15
CRD_5389645DAEAD455DB806,인텔리레온 V,RR,BS2022003119,swsh8-78,10
CRD_A6A3C2C26F2F4464B076,요가램 V,RR,BS2021012036,swsh7r_ja-36,15
CRD_0935BBDC0D7A4B1A9A63,루기아 VSTAR,PR,SP000000188,swshp_ja-325,10
CRD_7DD6C6B73C7E4FB2942F,올리르바 ex,RR,BS2025006012,sv10_ja-12,15
CRD_882A334900444DE8BFAC,어써러셔 ex,RR,BS2025005032,sv9a_ja-32,15
CRD_F234F2F2993F4EFEB26E,네오라이트 V,RR,BS2023017002,sv3_ja-2,10
CRD_4E24D7BCE8424B46A6C6,M레쿠쟈 EX,RR,BS2016004097,xy6_ja-62,10
CRD_30F7E6BA52AE4DE7A1E4,킹드라,H,BS2010006015,dp5t_ja-134,20
CRD_8FFF4FD7AAAD4FC9921B,포켓패드,SR,BS2026002104,m3_ja-103,10
CRD_D1C7EB9112774D94908B,뮤츠 EX,RR,BS2015006025,xy8b_ja-25,20
CRD_BF4009235AB24F4BBD41,절친 포핀,UR,BS2024008133,sv6_ja-133,15
CRD_9EDCB2F3F82B0EAA04B3,피카츄,PR,,smp_ja-276,5
CRD_001CBDF345D94656B351,석탄산 VMAX,HR,,swsh3a_ja-87,10
CRD_4B733136627F4B2A970D,드래피온 V,SR,BS2020014107,swsh4_ja-107,15
CRD_6C17AD56132B4D61A529,이벨타르 EX,RR,BS2014501037,xy1y_ja-37,20
CRD_CED9A841B7844A47A807,솔가레오 GX,RR,BS2017013070,sm4p_ja-70,15
CRD_276FDCBEC53540638A45,리오르,P,PR2010001009,,5
CRD_C3C82724FCF14DC0941A,로켓단의 뮤츠 ex,RR,BS2025006039,sv10_ja-39,15
CRD_16F421291B064AC58BAE,멜메탈 ex,RR,BS2024006081,sv7-105,5
CRD_AD060C8436D94B1B8AF4,하랑우탄,UR,,swsh3a_ja-92,10
CRD_DFA54335742F49B58FF8,네오라이트 V,RR,BS2022002030,swsh9_ja-30,15
CRD_1AF02B869FC640ADA050,로켓단의 리시버,SR,BS2025015215,m2a_ja-217,15
CRD_A98144EB74584053ADE3,육파리 ex,RR,BS2023013002,sv4a_ja-19,15
CRD_0076714031ED42A2B94D,뮤 ex,RR,BS2024013006,ma_ja-2,5
CRD_63E30DC72EDC45C98372,킹드라 ex,RR,BS2024011012,sv6a_ja-12,15
CRD_08B5AF0D1FDE432C9460,네오라이트 V,RR,BS2024002004,swsh9_ja-30,15
CRD_B70475A6AE864D519401,파이리,S,BS2024001210,sv4a_ja-210,10
CRD_37D87C02C8CB4E7BA771,비리디온 GX,RR,BS2018012006,sm7a_ja-6,15
CRD_291A7074290C4BB48DC9,루카리오 ex,RR,BS2024006077,sv7-82,5
CRD_DA9C642BEB844AC684CE,삼삼드래 ex,RR,BS2025008062,sv11w_ja-62,15
CRD_D9C384BA2BA5467BBEDE,하이퍼볼,SR,BS2025015217,m2a_ja-216,15
CRD_D25427DD50FB40E8BB4E,마그마번,H,BS2010002011,dp3-31,15
CRD_91BD4B6AA1134172834C,릴리에의 삐삐 ex,RR,BS2025015060,m2a_ja-60,15
CRD_DC15438B227B4662ABE4,쉐이미 EX,RR,BS2015004063,xy6_ja-63,20
CRD_82DFF8A996C7452988B7,찬란한 리자몽,K,BS2024013001,,5
CRD_5CDC415693184E96AACE,악식킹 GX,RR,BS2017013065,sm4p_ja-65,15
CRD_DEC2C78B5DB543BFBB57,모단단게 V,RR,BS2021018026,swsh8_ja-26,15
CRD_AD5E4C3BDF9A42C0AA5B,전룡,H,BS2010006024,dp3_ja-209,20
CRD_B620557D7AF54A798F50,음번 V,RR,BS2021011046,swsh7d_ja-46,15
CRD_12A3B319991E49DDA100,개조해머,UR,BS2024008132,sv6_ja-132,15
CRD_8610EF7639C648C28130,하이퍼볼,UR,BS2022002126,swsh9_ja-126,15
CRD_8EAA7B44C7824D55BBAE,어치르돈 V,RR,BS2021005017,swsh6k_ja-17,15
CRD_A4529E72086844FB8FBF,철화구야 GX,RR,BS2017013071,sm4p_ja-71,15
CRD_045F0D6428AC4D5AA584,M나무킹 EX,RR,BS2015005008,xy7_ja-8,20
CRD_6159AD6BE3D64ABCA3A1,릴리에,SR,BS2018011119,sm4p_ja-119,15
CRD_0ECD6C0FE58E4A16B3F9,파이팅공,SR,BS2025009083,m1l_ja-82,15
CRD_757F62C90F0A4F4AA641,파라블레이즈 ex,RR,BS2024015006,m2a_ja-31,15
CRD_D1568FD5074145118D55,후파 EX,RR,BS2015005036,xy7_ja-36,20
CRD_182D09232DDB4F1BB505,사다이사 VMAX,RR,BS2022003242,swsh6h_ja-44,15
CRD_2D3002A5B2F54337AD50,오리진 펄기아 V,RR,BS2024010001,swsh10p_ja-22,5
CRD_D863CCD72A9D40FCB10C,님피아 GX,RR,BS2017003040,sm1p_ja-40,15
CRD_44560444D3824BC5BF67,토대부기 ex,RR,BS2024004005,sv5k_ja-5,15
CRD_EBAB81136FDF4638AA05,오거폰 화덕의 가면 ex,RR,BS2024019026,sv8a_ja-26,15
CRD_49B7E2D6466F48A88888,루카리오 GX,RR,BS2018003030,sm5p_ja-30,15
CRD_ED7FC873824141D1A60B,프라임 캐처,ACE,BS2024019151,sv8a_ja-148,15
CRD_E38B3303D96444C0BC9A,에너지 전송 PRO,ACE,BS2024016056,sv7a_ja-52,15
CRD_F5970D7EEDB04B88BC84,화원의 스타디움,UR,,swsh6a_ja-100,10
CRD_2B83BC59F67D4D04ABD7,N의 포인트업,SR,BS2025015214,m2a_ja-214,15
CRD_D63D7726EE264FDE868F,미라클인터컴,ACE,BS2024017095,sv8_ja-97,15
CRD_078EAED55D864BFDAD8E,M뮤츠 EX,RR,BS2016004051,xy8b_ja-26,15
CRD_9AE5A1FC390341C7B8B0,다크라이 GX,RR,BS2017007040,sm2p_ja-40,15
CRD_442FC7811D6A495784D9,리피아 V,RR,BS2021007002,swsh6a_ja-2,15
CRD_35337456A4194B069444,부스터 VMAX,RR,BS2021010001,swsh7-18,10
CRD_EA6FC3EB8FC643E8BA13,이상한사탕,UR,BS2023007107,sv1v_ja-107,15
CRD_04D99176AC394E17A7AC,팬텀,P,PR2010001012,,5
CRD_263A31C3A4EE4B1BA016,부스트 쉐이크,UR,,swsh6a_ja-99,10
CRD_EF1CC5F52E9348CE945A,해피너스 V,RR,BS2022001127,swsh8b_ja-127,15
CRD_2B02B005CB184B61B23F,크로뱃 V,,BS2021009007,swshp-SWSH110,10
CRD_005486D6770C493AACF0,M가디안 EX,RR,BS2016007039,xy11c_ja-39,20
CRD_AAFCE321115E4410A267,렌트라,H,BS2010004018,dpp_ja-86,20
CRD_8B54D921E11B4546A8D4,먹고자,P,PR2010001007,,5
CRD_3C2A1D62C0444559B256,메가루차불 ex,MA,BS2025015229,m2a_ja-229,15
CRD_02DE6973A48C424E829C,테오키스 노말폼,H,BS2010005023,dp5t_ja-444,20
CRD_3C300B23607E484387D8,M레쿠쟈 EX,RR,BS2015004062,xy6_ja-62,20
CRD_C6BCC807CA5C496CAFC2,제르네아스 EX,RR,BS2014001044,xy1x_ja-44,20
CRD_F49BDB8D98FA44AE99AD,찬란한 리자몽,,BS2023001015,swsh12a_ja-15,10
CRD_3D4FFB645A094246ACDB,대단한낚싯대,UR,BS2023011098,sv2p_ja-98,15
CRD_29E688E9F3CB42C89C4E,비치코트,UR,BS2023020091,sv3a_ja-91,15
CRD_A9F185FB2D1948FE945A,M뮤츠 EX,RR,BS2015007028,xy8r_ja-28,20
CRD_A9E0B9872410433C8501,연격 우라오스 V,RR,BS2021002050,swsh5r_ja-50,15
CRD_D28B0FBAE6E94FAE9B1E,피카츄,P,PR2010001003,,5
CRD_834ACE13ABB54161A03B,파워프로틴,SR,BS2025009082,m1l_ja-81,15
CRD_555F402616DD4466A53C,라이프 포레스트(프리즘스타),PR,BS2018009050,sm7b_ja-50,10
CRD_D44CBFCAFD484A1A9BBC,단지래플 V,RR,BS2021013005,swsh8-26,10
CRD_10E91ACD1EF64DD39982,마기아나,PR,PR2015001999,xyp_ja-268,10
CRD_27E586B5F5EB4F748D68,칠색조,P,PR2010001002,,5
CRD_453FD90FCFC943ECBE27,블래키 VMAX,RR,BS2022003256,swsh8b_ja-101,15
CRD_6DC0B33B6FB748588920,지가르데 EX,RR,BS201707177,xy_ja-177,15
CRD_B0979244ABC14CFC81BF,대지의 그릇,UR,BS2024011093,sv6a_ja-93,15
CRD_5B2F9E406EA042858360,스이쿤,H,BS2010008013,dp3_ja-295,20
CRD_0C8BBE2854A84ADDA4DC,그래비티 마운틴,UR,BS2024017138,sv8_ja-138,15
CRD_825387AEB953494AB81B,페퍼의 마피티프 ex,RR,BS2025005052,sv9a_ja-52,15
CRD_21ECC569A2E3467CA36C,M뮤츠 EX,SR,BS2015006063,xy8b_ja-63,20
CRD_C42C4714DB15489799C2,백마 버드렉스 V,RR,BS2021004027,swsh6h_ja-27,15
CRD_CCD4D99170364DA08302,M캥카 EX,RR,BS2014002065,xy2_ja-65,20
CRD_BFF09CD9BE3647D995DF,뮤츠 EX,SR,BS2015006062,xy8b_ja-62,20
CRD_B943DDB4CF964E51AC2C,프라임 캐처,ACE,BS2025011015,sv8a_ja-148,15
CRD_EE55E1B7C5F4493BA18C,카푸꼬꼬꼭 GX,RR,BS2017013032,sm4p_ja-32,15
CRD_FADB782113A840B29B84,무한다이노 VMAX,RR,BS2021019011,swsh8b_ja-110,15
CRD_70238ADCC39A42FC9814,오팔,HR,,swsh3a_ja-91,10
CRD_3F2C7F4837B74B24B6C3,루카리오 EX,RR,BS2014003052,xy3_ja-52,20
CRD_0822CD02EBF4BC46E659,피카츄,PR,,smp_ja-3,5
CRD_4D759BDF090940E79C0A,찬란한 개굴닌자,K,BS2024013004,,5
CRD_4D1B9154138047289CC6,골루그 V,RR,BS2021011015,swsh7d_ja-15,15
CRD_77C6232A41FC41498955,피죤투 ex,RR,BS2024003014,ma_ja-7,15
CRD_6E65CB8A7A49437FB020,찬란한 무한다이노,,BS2023001115,swsh12a_ja-115,10
CRD_0BBF8B65F9C34656A1EF,개굴닌자 V,RR,BS2022003107,swsh8-73,10
CRD_40E4132CAF9C4482A0E7,언페어 스탬프,ACE,BS2025013017,sv5a_ja-53,15
CRD_EC9CA7B347EB464096EE,풍선,UR,,swsh1w_ja-75,10
CRD_7A67799546644DDCB6B1,볼케니온 EX,RR,BS2016006012,xy11f_ja-12,20
CRD_D07CCDD802E949BEB4EE,정상으로 가는 눈길,UR,BS2022007088,swsh10d_ja-88,15
CRD_7D3BE5F9D9094BD6AFB6,전툴라 ex,RR,BS2026001255,sv7_ja-33,15
CRD_6F8DB5E047184CCD803E,스크램블 스위치,ACE,BS2024017096,sv8_ja-95,15
CRD_264A20524B744EA88DA1,애프룡 V,RR,BS2021001007,swsh5i_ja-7,15
CRD_BA502F9E6A55434A9CC2,리피아 VMAX,RR,BS2022003018,swsh6a_ja-3,15
CRD_13CF7E35CE414B85A605,마기라스,H,BS2010003033,dp2_ja-298,15
CRD_8BA748C4806747F79E7C,볼케니온 ex,RR,BS2025001017,sv9_ja-17,15
CRD_7F6C55A1C2E845C68DE7,다크라이 GX,RR,BS2018011064,sm2p_ja-40,15
CRD_E57697CB4A964C00B4CC,미르시티,SR,BS2026002109,m3_ja-110,10
CRD_194B5562B1004DE38384,메가자리 ex,RR,BS2025005003,sv9a_ja-3,15
CRD_EC34D111213C43B5BEEC,카푸나비나 GX,RR,BS2017005022,sm2l_ja-22,15
CRD_752E0163C4CD4407BF4E,페로코체 GX,RR,BS2017013012,sm4p_ja-12,15
CRD_4BEB72DA1111474B823F,다크라이 VSTAR,RR,BS2022006008,swsh10-99,10
CRD_2848B49941EA4681B936,네스트볼,UR,BS2023006107,sv1s_ja-107,15
CRD_C947328FCB434E7590C5,기로치 ex,RR,BS2024011038,sv6a_ja-38,15
CRD_C8EE67358FA34E24ADA8,무너진 스타디움,UR,BS2022014126,swsh11_ja-127,15
CRD_31E450B6EC254990BB9A,오리진 펄기아 VSTAR,RR,BS2024010002,swsh10p_ja-23,5
CRD_E7E4AD0007C34D1497B1,철화구야 GX,SR,BS2017013117,sm4p_ja-117,15
CRD_CC98897D68674AA78A4D,케르디오 ex,RR,BS2025008027,sv11w_ja-27,15
CRD_32DA3CE96EF341D98DBD,앤테이,H,BS2010008010,dp3_ja-294,20
CRD_3179926ACA3A4B8DB939,엘레이드,H,BS2010007026,dp3_ja-333,20
CRD_B3A58170CBD947CBA315,귀뚤톡크 V,RR,BS2021002004,swsh5r_ja-4,15
CRD_58A3A28F0B5B44379846,각성의 드럼,ACE,BS2024004061,sv5k_ja-62,15
CRD_E3EBBD9998F746FDB3A1,페로코체 GX,SR,BS2017013115,sm4p_ja-115,15
CRD_317EAC5DAF994DC18318,터보 패치,UR,,swsh3_ja-118,10
CRD_7CF241F7D8894674AAA9,포켓몬 교체,UR,BS2023014209,sv2a_ja-209,15
CRD_6125F960819C41089EBD,인텔리레온 VMAX,,BS2021009006,swsh8-79,10
CRD_417CF2C12A5949EC9DB5,오거폰 주춧돌의 가면 ex,RR,BS2024019091,sv8a_ja-91,15
CRD_428C55ECF9A14BC098C4,찌르호크,H,BS2010001048,dp1_ja-459,20
CRD_71AE6E6027D8468280E3,레시라무 ex,RR,BS2025008017,sv11w_ja-17,15
CRD_D8B2383E943F488E8073,카푸나비나 GX,RR,BS2017013045,sm4p_ja-45,15
CRD_DAADB791E7E14EB1BE9E,그우린차 ex,RR,BS2024007009,sv5a_ja-9,15
CRD_9409CC75ADE9494ABAF5,에이스번 V,RR,BS2021013010,swsh8-43,10
CRD_14768F4E8ECF4A59973E,대로트 VMAX,RR,BS2022003029,swsh7r_ja-8,15
CRD_F3B02B06F9074DFEB4C5,제르네아스 BREAK,RR,BS2016006042,xy11f_ja-42,20
CRD_9D172DE2DBE542B2A3AA,리부트 포드,ACE,BS2024005061,sv5m_ja-63,15
CRD_C500B7E84C0B4C4AA149,블레이범,H,BS2010006011,dp2_ja-188,20
CRD_5CAE6FBC24854D2CA265,복숭악동 ex,RR,BS2024019105,sv8a_ja-105,15
CRD_A7343D8846554AA39698,채키몽,S,BS2020016204,swsh4a_ja-204,10
CRD_6BB81A500A5D47C6AEFC,칠색조 GX,RR,BS2017008012,sm3h_ja-12,15
CRD_54225423274C4FCD8360,장크로다일,H,BS2010006018,dp2_ja-191,20
CRD_757F993EE46349B8AC92,라이코,H,BS2010008017,dp3_ja-293,20
CRD_382CE880059B4573A09D,N의 조로아크 ex,RR,BS2025001061,sv9_ja-61,15
CRD_2FF2C290CEC24037998E,잠만보,P,PR2010001006,,5
CRD_D5A5E687475744ADA96D,포켓몬 레인저,SR,BS2016006058,xy11f_ja-58,15
CRD_CADB1C5818544FB5B778,카푸느지느 GX,RR,BS2017007018,sm2p_ja-18,15
CRD_C47E6671988646BCAD4F,비크티니 VMAX,RR,BS2022003060,swsh5r_ja-13,15
CRD_8B768628A6D94B36A09E,제르네아스 GX,RR,BS2018004064,sm6_ja-64,15
CRD_E609CB11D57D43498DC2,보통의 낚싯대,UR,,swsh1w_ja-74,10
CRD_CFA60465B36641B2A61C,무쇠잎새 ex,RR,BS2024005016,sv5m_ja-16,15
CRD_D27858FC55F84A75A2A1,게노세크트 ex,RR,BS2025015119,m2a_ja-119,15
CRD_256D36224E6D4A35B851,게을킹 ex,RR,BS2024017084,sv8_ja-84,15
CRD_69F20A87F80D4A23B10A,붐볼,H,BS2010010016,dp6_ja-29,20
CRD_109480BC27AA456C8F0A,언페어 스탬프,ACE,BS2026001648,sv5a_ja-53,15
CRD_2344B9016C984A769B60,찬란한 리자몽,K,BS2023017001,sv3_ja-1,10
CRD_DBE60BCF0CB84E448F6C,포켓몬 회수 사이클론,ACE,BS2024019150,sv8a_ja-149,15
CRD_54A3A02E1DEC4EE28F63,하이퍼 아로마,ACE,BS2026001672,sv5a_ja-55,15
CRD_81B0111FE0FD481DAE40,폭타 EX,RR,BS2015001021,xy5g_ja-21,20
CRD_B8DC656D0C164A59AFE5,파치래곤 VMAX,RR,BS2022003161,swsh5a_ja-24,15
CRD_5755CDBD721C45AAAA77,스쿠프업 넷,UR,,swsh2_ja-114,10
CRD_F4CC4CC6C54B4E6CBDB6,뉴트럴센터,ACE,BS2024019180,sv8a_ja-184,15
CRD_E070290089C64D9A8C5E,팬텀 EX,RR,BS2014004033,xy4_ja-33,20
CRD_7C3F1B3FC98A43A5AA7B,활력의 숲,SR,BS2026002110,m3_ja-109,10
CRD_64EF736C47ED416EBCDC,리부트 포드,ACE,BS2026001641,sv5m_ja-63,15
CRD_50C4C79B8F9E40C4AACE,키키링 ex,RR,BS2024005042,sv5m_ja-42,15
CRD_2FA7702340274C86BD77,루기아,P,PR2010001001,,5
CRD_4583AB8ED6FA4D708BCF,포켓몬 교체,SR,BS2025014101,m2_ja-102,15
CRD_11E5855A9F524525AA5F,눈설왕,H,BS2010009011,dp6_ja-22,20
CRD_41D1F28F42D347728ACE,드래펄트 ex,RR,BS2024019120,sv8a_ja-120,15
CRD_C1EE0F5059B0492891CF,코라이돈 ex,RR,BS2024002012,sv5-120,10
CRD_0D7B809C988C42A38D29,오거폰 벽록의 가면 ex,RR,BS2025015017,m2a_ja-17,15
CRD_4D18BFC7F599413EAEA8,카푸꼬꼬꼭 VMAX,RR,BS2022003150,swsh5i_ja-18,15
CRD_D007E7F93971437096EF,조타구 ex,RR,BS2024011036,sv6a_ja-36,15
CRD_1D6D6DE622BA464F8C11,풀페이스 가드,UR,,swsh7d_ja-88,10
CRD_44A07860884B4309B507,다투곰 붉은 달 ex,RR,BS2024007052,sv5a_ja-52,15
CRD_B823EBE80D4142778B2C,호브의 자시안 ex,RR,BS2025001069,sv9_ja-69,15
CRD_830A3D5CBD854645BE1F,에브이 ex,RR,BS2024019063,sv8a_ja-63,15
CRD_AA9BCA8E74A84FD68B18,큐레무 ex,RR,BS2025007031,sv11b_ja-31,15
CRD_B1C9A994B8384FB3A883,강철톤,H,BS2010003043,dp6_ja-69,20
CRD_E310D2D65D884471AB15,흑마 버드렉스 V,RR,BS2022003203,swsh6k_ja-36,5
CRD_FF6AA6F478F64AB18BEA,가라르 파이어 V,RR,BS2021003045,swsh5a_ja-45,15
CRD_599F1CA9849C4F27A6F6,언페어 스탬프,ACE,BS2024007055,sv5a_ja-53,15
CRD_405BADC8018046369711,대로트 BREAK,RR,BS2016001047,xy9_ja-47,20
CRD_454451F04D6E4577B3FC,마기라스 V,RR,BS2021001046,swsh5i_ja-46,15
CRD_5D9BEDD95F3F4EDDAF4B,빅 참,UR,,swsh1a_ja-85,10
CRD_2D7B2839BEFB48088F54,보울마을,UR,BS2023015140,sv3_ja-140,15
CRD_C309796AE0E045ECB8D1,신오신전,UR,BS2022008087,swsh10p_ja-87,15
CRD_19ADD55CF6CB4100BB29,칼라마네로 EX,RR,BS2014004057,xy4_ja-57,20
CRD_81313FC015A644C9A3BE,모야모의 찌리배리 ex,RR,BS2025015057,m2a_ja-57,15
CRD_815E4C56E23F40C380E6,루가루암 VMAX,RR,BS2022003235,swsh7d_ja-25,15
CRD_86FC87CEE4C84C5BAAC6,M루카리오 EX,RR,BS2014003053,xy3_ja-53,20
CRD_F49F952E7CF2455C9B6E,팬텀 V,RR,BS2021008001,swsh8-156,10
CRD_1BAFDD6380BB4440AF73,찬란한 전지충이,,BS2023001039,swsh12a_ja-39,10
CRD_4E2B82591E6842DFB0EB,찬란한 히스이 포푸니크,K,BS2022011084,swsh10a_ja-49,10
CRD_2C9A82E1F15F4AABA7DB,무한다이노 V,RR,BS2020011064,swsh3_ja-64,15
CRD_37AB901988844FF8AD6B,뮤츠,H,BS2010010019,dp4m_ja-181,20
CRD_BDE2CA096C7649D19FD4,위대한 거목,ACE,BS2024012101,sv7_ja-101,15
CRD_37E37047B5F64CA1A487,알로라레트라 GX,SM-P,SMP0000000087,smp_ja-161,15
CRD_764B4B9354884B2D992F,아이앤트 ex,RR,BS2024017003,sv8_ja-3,15
CRD_A5F25924018C43CC8092,펄스멍 V,RR,BS2021018034,swsh8_ja-34,15
CRD_6529864137874B18A906,마나피 EX,RR,BS2016001021,xy9_ja-21,20
CRD_C86B5C97C2914B7B85CA,에레키블,H,BS2010002021,dp1_ja-147,20
CRD_92E7896FBFB64A868380,두랄루돈 V,RR,BS2021011048,swsh7d_ja-48,15
CRD_F866A81D344E4C3BA245,아머까오 VMAX,RR,BS2022003310,swsh5r_ja-56,15
CRD_6CFCA0F0830045C481AA,메탈 소서,UR,,swsh1h_ja-75,10
CRD_AA89D833168646D0AE10,후파 EX,RR,BS2015008012,cp2_ja-12,15
CRD_D7686A2B1F5E439EBB04,삼삼드래 EX,RR,BS201707099,xy6_ja-50,15
CRD_4F20B1287335476CA680,개굴닌자 BREAK,RR,BS2016001030,xy9_ja-30,20
CRD_1EF313E489B444599067,뮤츠 GX,RR,BS2018011036,sm3p_ja-40,15
CRD_002C9C197A444C3DB695,리자몽 GX,RR,BS2017008011,sm3h_ja-11,15
CRD_EFC847F197CA4F9EBD52,몰드류 ex,RR,BS2025007049,sv11b_ja-49,15
CRD_FBEDA5391D0C4078BFB0,포켓몬 회수 사이클론,ACE,BS2026001667,sv6_ja-93,15
CRD_CE9034508C4344F38B91,카디나르마 ex,RR,BS2024006011,svp-105,10
CRD_D4A2792848114DE49FC6,기라티나,P,PR2010001010,,5
CRD_A41ACD45084E4E8DB54D,가라르 프리져 V,RR,BS2021003025,swsh5a_ja-25,15
CRD_6E769B7F889C42018273,글레이시아 VMAX,RRR,BS2021007025,swsh6a_ja-25,15
CRD_2F9974E2F1DC498CB81F,루가루암 GX,RR,BS2018011056,sm2p_ja-34,15
CRD_78E5DA336CD0436C9170,네오라이트 V,RR,BS2023009008,swsh9_ja-30,15
CRD_8B7A966BC8FE43738606,에브이,H,BS2010005022,dp4d_ja-163,20
CRD_DD00D2AE5AAE433DB11B,메가니움,H,BS2010006003,dp2_ja-185,20
CRD_C8E8E766B251446185D5,낚싯대MAX,ACE,BS2024019139,sv8a_ja-142,15
CRD_6F213AF9BEDC4F81AAE1,번치코 V,RR,BS2022001019,swsh8b_ja-19,15
CRD_07824DDE2E3B4D4FAD14,에이스번 ex,RR,BS2024012018,sv7_ja-18,15
CRD_42F629B8A71E4DEBB5D5,찬란한 개굴닌자,K,BS2024002006,,5
CRD_5B1E7755901746CEAA32,수정 동굴,UR,,swsh7d_ja-89,10
CRD_547A995302794791994C,묘두기 ex,RR,BS2024006036,svp-162,5
CRD_1B3C44801C4A4FD287FD,다크라이 ex,RR,BS2026001456,svp-110,5
CRD_40E51E9FC86B483B9246,밀로틱 ex,RR,BS2024017026,sv8_ja-26,15
CRD_BFF0F8FC415E469DAEE9,플라이곤,H,BS2010003030,dp3_ja-383,20
CRD_F66CA9A913CE43108274,꿰뚫는화염 ex,RR,BS2024004012,sv5k_ja-12,15
CRD_4A5D12AC03DD4224B309,님피아 GX,RR,BS2018011073,sm1p_ja-40,15
CRD_719D41E4711F4E498397,가디안 EX,SR,BS2015002075,xy5t_ja-75,20
CRD_BAC4C11B4560476A863B,렌트라 ex,RR,BS2024008041,sv6_ja-41,15
CRD_F838D8557ADB465EA321,기로치 ex,RR,BS2025002002,sv9_ja-2,10
CRD_6D035E3171254B20BE96,찬란한 개굴닌자,K,BS2024010003,,5
CRD_FD62873FBC9D4EB08441,다크패치,UR,BS2022011147,swsh10a_ja-98,15
CRD_2DB2CCB0E28C46C6937D,토이 캐처,UR,,swsh7r_ja-88,10
CRD_60C70570B40E4735B531,맘모꾸리 ex,RR,BS2025001046,sv9_ja-46,15
CRD_914D2654639D4B34851E,후파 EX,RR,BS2016004064,xy7_ja-36,15
CRD_1EDA56AA698D4E9C9F8E,뮤츠 GX,RR,BS2019006054,sm115-31,10
CRD_0AFA4633985B42E9908B,가라르 날쌩마 V,RR,BS2021004029,swsh6h_ja-29,15
CRD_ED1679BCEE824AE4A90D,제라오라 VSTAR,RR,BS2022012007,swshp-SWSH265,10
CRD_BE45969A67C04DAC8AA4,찬란한 개굴닌자,K,BS2024003003,,5
CRD_86753990A73F4233AA04,일격 우라오스 V,RR,BS2021001036,swsh5i_ja-36,15
CRD_8B808BDEB0FB47A2BF9A,제로의 대공동,UR,BS2024012135,sv7_ja-135,15
CRD_36C11CC18239437D97C7,버프론 ex,RR,BS2025008075,sv11w_ja-75,15
CRD_53B11C0057674FE1817E,찬란한 리자몽,K,BS2024009003,,5
CRD_E92AB73CDEB74E58B852,수퍼 에너지 회수,UR,BS2023012098,sv2d_ja-98,15
CRD_D72656DA4933473F917C,이브이 ex,RR,BS2024019126,sv8a_ja-126,15
CRD_E2D78ACE217441399909,원경조준기,UR,,swsh4_ja-120,10
CRD_CFD7A6F0F3FB4E438997,에브이 VMAX,RR,BS2021010004,swsh7-65,10
CRD_4513C775D26D49389BEE,인텔리레온 V,,BS2021009005,swsh8-78,10
CRD_680C2B798F8C4EDE9112,제크로무 ex,RR,BS2025007037,sv11b_ja-37,15
CRD_336D9FDC86934C2390C3,폭풍의 산,UR,,swsh7r_ja-89,10
CRD_E270BF60AB854ADFAA6C,블래키 ex,RR,BS2024019093,sv8a_ja-93,15
CRD_3576401DFBC547F4B584,지가르데 EX,RR,BS201707069,xy_ja-69,15
CRD_ADBEB5959E2C43B9B8AD,루자미네,SR,BS2017013118,sm4p_ja-120,15
CRD_6B0BBE935C8646E780AD,큰입 늪,UR,BS2022017125,swsh12_ja-125,15
CRD_977E585DA38F48799AA6,기라티나,H,BS2010003015,dp5c_ja-526,20
CRD_A070C12F41B8478A8D70,해당의 백업,SR,BS2022002116,swsh9_ja-116,10
CRD_62DDF6FB498A4680BDE8,자마젠타 V,RR,BS2022003313,swsh12a_ja-103,15
CRD_7C7EB9D063E24E2AB4E0,러기드 헬멧,UR,,swsh6h_ja-94,10
CRD_5CFF1B46B7D64BCFB9C7,프라임 캐처,ACE,BS2026001670,sv5m_ja-62,15
CRD_99F9299CDDC74D3E94F5,님피아 V,RR,BS2022003191,swsh6a_ja-40,15
CRD_81D35CD6A39B4ED5AED2,스크램블 스위치,ACE,BS2026001646,sv8_ja-95,15
CRD_5A48FDCCA6EA4614A4F2,크로뱃 V,RR,BS2022006001,swshp-SWSH110,10
CRD_D6A12AB9F5294283B6D9,이브이,P,PR2010001013,,5
CRD_E4E9EDB2960842BD80EE,퀵볼,UR,,swsh1h_ja-74,10
CRD_BA2B81F85B96A37C5A65,피카츄,PR,,hsp-HGSS03,5
CRD_3720DDCBA0264F398AD2,스이쿤 V,RR,BS2022003092,swsh12a_ja-24,15
CRD_59D7087550034D60B177,블래키 V,RR,BS2022001100,swsh8b_ja-100,15
CRD_6C5C2EB6C3C6473086F0,아머까오 V,RR,BS2022001115,swsh8b_ja-115,15
CRD_F3D6BF8E596D4F7986FD,어리짱,S,BS2024001271,sv4a_ja-271,10
CRD_21A5010BC113432EBACD,원더패치,SR,BS2026002103,m3_ja-104,10
CRD_35E091475C9840ECB27B,포켓바이털A,ACE,BS2026001668,sv6a_ja-55,15
CRD_3D925BBA8C714A9086DF,꿈트렁 ex,RR,BS2024012074,sv7_ja-74,15
CRD_C0308011255C47CB9BE2,두빅굴 EX,RR,BS2016004030,xy3_ja-20,15
CRD_067F9D60EC5F423885A9,피죤투 ex,RR,BS2024002015,ma_ja-7,15
CRD_D660224E826740A9A990,다크라이 GX,SM-P,SMP000000155,sm4p_ja-64,15
CRD_0BB28746DC704932A98D,카푸느지느 GX,RR,BS2018011027,sm2p_ja-18,15
CRD_260E916B324C46FA82E0,피죤투 ex,RR,BS2024013009,sv4a_ja-139,15
CRD_C0D9FC5F1756486AA793,환영의 랜턴,UR,,swsh6h_ja-93,10
CRD_1E01D64E2EF649078020,샤미드 V,RR,BS2021007015,swsh6a_ja-15,15
CRD_CA0D52447E2E4CBBB724,엠페르트 V,RR,BS2021002026,swsh5r_ja-26,15
CRD_41D656AFDF2B44A0BC87,블랙큐레무 ex,RR,BS2024016011,sv7a_ja-11,15
CRD_298F378038F84DA8A4C3,메타그로스 V,RR,BS2021005049,swsh6k_ja-49,15
CRD_C732E5C7280E47F9BE2C,수상한 음식통,UR,,swsh2a_ja-85,10
CRD_15001EC749E84A82B566,흑마 버드렉스 VMAX,RR,BS2022003204,swsh8b_ja-83,5
CRD_80CC23120E2641A6A83F,어흥염 ex,RR,BS2024005022,sv5m_ja-22,15
CRD_8E54C8AECE0B4005A79D,레쿠쟈 EX,RR,BS2016004096,xy6_ja-61,15
CRD_54F6D94880AB4E55B423,팔데아 우파,S,BS2024001287,sv4a_ja-287,10
CRD_CEB8225D5244467F942E,샤크니아 EX,RR,BS2015002044,xy5t_ja-44,20
CRD_841A5D3BD30840098BB4,M루카리오 EX,RR,BS2016004075,xy3_ja-53,15
CRD_9791FBC36F5B428C8756,뉴트럴센터,ACE,BS2024011063,sv6a_ja-63,15
CRD_A23098C97B184439B2FF,과미드라 ex,RR,BS2024019010,sv8a_ja-10,15
CRD_E9BBC337EBFE495BBEAF,갸라도스,P,PR2010001004,,5
CRD_C51E112E9FFE4C02B3C6,앤테이 V,RR,BS2022003056,swsh12a_ja-19,15
CRD_D6AE8E9C96474E57BEF9,에레키블 ex,RR,BS2025005035,sv9a_ja-35,15
CRD_97F0E1EFF98646BE8CC3,마그마의 용소,UR,BS2022002127,swsh9_ja-127,15
CRD_D73D8358082846B597A8,이상한사탕,SR,BS2025010082,m1s_ja-82,15
CRD_7393D6234952454ABFAD,안개 수정,UR,,swsh6k_ja-93,10
CRD_F7CE1A011375434A88F6,초염몽,H,BS2010001016,dp1_ja-453,20
CRD_5F6E70DF27964C52ACD5,데인저러스 광선,ACE,BS2026001636,sv6a_ja-54,15
CRD_F61C59091A3A48E18945,망나뇽,H,BS2010003051,dp5c_ja-180,20
CRD_E2624BC5F3F648E0A565,고래왕,H,BS2010004012,dp4m_ja-374,20
CRD_C1BD73E7C1A24EF4B23F,큰 파라솔,UR,,swsh2a_ja-86,10
CRD_0EC7471737C64CF093AD,축복마을,UR,BS2022004138,swsh9a_ja-93,15
CRD_EF30236F493040D69A28,프레셔스캐리,ACE,BS2026001671,sv8-185,10
CRD_AD76161B7F644CA29A26,님피아 VMAX,RRR,BS2022001074,swsh8b_ja-75,15
CRD_308A8FD081F64C55A7F2,에브이 EX,RR,BS2016001035,xy9_ja-35,20
CRD_9FA00F9D35E8416ABEEB,영웅의 메달,UR,,swsh3a_ja-93,10
CRD_ECE82269D2AB4A9FBE8B,테라파고스 ex,RR,BS2024012088,sv7_ja-88,15
CRD_FFBB43BBC75A4363A629,바우첼 ex,RR,BS2024012046,sv7_ja-46,15
CRD_8B5DA09F34764492A8C3,토게키스 VMAX,HR,,swsh3a_ja-88,10
CRD_307192BBF1544D13B485,거북왕 GX,RR,BS2019005010,sm9b_ja-10,15
CRD_90CC9B987FFB4D52AB48,수련,SR,BS2017013120,sm4p_ja-118,15
CRD_64AC918F6BDF4BDABB8C,라티아스 ex,RR,BS2024016019,sv7a_ja-19,15
CRD_DB976A02D0A54EDD989C,돌핀맨 ex,RR,BS2024008036,sv6_ja-36,15
CRD_BEE96AE0AAD94B119F67,라티아스,H,BS2010002034,dp4d_ja-438,20
CRD_F2BB08F94D9C4C81B74E,피죤투 ex,RR,BS2025013007,ma_ja-7,15
CRD_3B06633FDD1444F7B689,루나아라 GX,RR,BS2017013049,sm4p_ja-49,15
CRD_2906B160A7D843A09118,피츄,P,PR2010001005,,5
CRD_4BB986D82025482C9233,에브이 V,RR,BS2021007035,swsh6a_ja-35,15
CRD_A7850DED8EE64C28A23B,밤의 들것,UR,BS2024017137,sv8_ja-137,15
CRD_ADDA9BA348B94DC28ED6,누룩스시티,UR,BS2025005092,sv9a_ja-92,15
CRD_9CE6BF712A2F4E708FD7,개굴닌자 ex,RR,BS2026001208,sv7-41,5
CRD_B0F2622101694469AA59,스코빌런 ex,RR,BS2024017023,sv8_ja-23,15
CRD_DC7A391447A44B9E9B13,부화장치,UR,BS2022010093,swsh10b_ja-92,15
CRD_36D2EB22DE894F0D92D6,핫삼 GX,RR,BS2018006041,sm6b_ja-41,15
CRD_9D54B6A2E6924A37BFD7,뮤츠 EX,RR,BS2015007027,xy8r_ja-27,20
CRD_AFA58124FB544024A66D,복숭악동 ex,RR,BS2024011039,sv6a_ja-39,15
CRD_ED288851F086475EA920,로켓단의 크로뱃 ex,RR,BS2025015101,m2a_ja-101,15
CRD_19DB508398AD4D219234,찬란한 개굴닌자,K,BS2023017004,sv3_ja-4,10
CRD_5101062B092642DFA1E3,네오라이트 V,RR,BS2022013002,swsh9_ja-30,15
CRD_CFE0FEB8D1254AD69467,자시안 V,RR,BS2021019016,swsh8b_ja-117,15
CRD_22F2486B38CA4BF283BF,조로아크 BREAK,RR,BS2015006037,xy8b_ja-37,20
CRD_034BD290DCF04E47AF9E,기로치 ex,RR,BS2025015114,m2a_ja-114,15
CRD_BF5F811DFD2B4CF8820F,백마 버드렉스 VMAX,RR,BS2022003126,swsh6h_ja-28,5
CRD_A91F035D0DE2444DB87B,글레이시아 V,RR,BS2022003103,swsh6a_ja-24,15
CRD_9A309542F0194A578576,글레이시아 ex,RR,BS2024019041,sv8a_ja-41,15
CRD_2794B252D7674FEC9247,블래키,H,BS2010005029,dp5-32,15
CRD_A1C7157798ED424092D7,무쇠감투 ex,RR,BS2024005036,sv5m_ja-36,15
CRD_0325324CA8874D7DB20C,프라임 캐처,ACE,BS2025002022,ma_ja-22,15
CRD_ED173CEAC5A94656A690,피카츄,PR,SP000000159,swshp_ja-272,15
CRD_0D6128DA183F4ED6B72A,피죤투 ex,RR,BS2025002006,sv9_ja-6,10
CRD_A752DD8F19194B5FBF61,각성의 드럼,ACE,BS2026001632,sv5k_ja-62,15
CRD_90BFABA9EF134C4BB20B,루기아 V,PR,SP000000187,swshp_ja-324,10
CRD_6FB13DE8ED1E4F6D8D07,루카리오 V,RR,BS2021013055,swsh8-146,10
CRD_7131AC84699949968E56,레벨볼,UR,,swsh5r_ja-90,10
CRD_7BA874BA9CE545F78F92,라이츄 GX,RR,BS2019006002,sm115-20,10
CRD_117F091E0122445AA752,M나무킹 EX,RR,BS2016004007,xy7_ja-8,15
CRD_AA2422DBCBA34A05AEA3,비크티니 V,RR,BS2021002012,swsh5r_ja-12,15
CRD_4F3FD729BEEB4D2F8DDC,토대부기,H,BS2010001004,dp1_ja-450,20
CRD_79B61EB556A54DDA9E83,부스터 V,RR,BS2021007011,swsh6a_ja-11,15
CRD_FC44FE79B6EB46DB8F3F,요가램 ex,RR,BS2024012054,sv7_ja-54,15
CRD_5CEE2D7954364489B91B,굽이치는물결 ex,RR,BS2024004024,sv5k_ja-24,15
CRD_6935B448FBDA4E99A198,리피아 EX,PR,PR2015001103,xyp_ja-192,15
CRD_55898EBD2BED48EF8C39,바랜드 V,RR,BS2021001059,swsh5i_ja-59,15
CRD_8A1E40EAAEB14AF79227,M팬텀 EX,RR,BS2014004034,xy4_ja-34,15
CRD_BCCA3EF5C1F04CD0BFC8,아르세우스,P,PR2010001014,,5
CRD_868C50B2C04F4088AF8A,마기아나 EX,RR,BS2016007035,xy11c_ja-35,20
CRD_BB5CB5BD6FD64AA6BAD1,아가씨,HR,,swsh3a_ja-89,10
CRD_64E91C6250B145D3BB7D,루어모듈,UR,BS2022010092,swsh10b_ja-93,15
CRD_F938D2F41A594A48BFDA,루기아,H,BS2010007032,dp3_ja-299,20
CRD_66EA5DD56FAA4AE2BBBB,루가루암 GX,RR,BS2017013057,sm4p_ja-57,15
CRD_9B8DB93FAA7F49D1B45D,갸라도스,H,BS2010005010,dp6_ja-17,20
CRD_22A55E55E352446A864B,카푸나비나 GX,RR,BS2019009012,sm2l_ja-22,15
CRD_E5E0A16FCC724F958F60,칠색조 GX,RR,BS2018011013,sm3h_ja-12,15
CRD_34E88D80380E4C548121,어니언,HR,,swsh3a_ja-90,10
CRD_795E3D05339E4E8096ED,우렁찬꼬리 ex,RR,BS2024007040,sv5a_ja-40,15
CRD_5CA7FFD0815A4CE8BF5D,네오라이트 V,RR,BS2022012001,swsh9_ja-30,15
CRD_4D2306240DCA4839A318,밤의 들것,SR,BS2025009081,m1l_ja-83,15
CRD_35EE24460EF04D369914,대로트 V,RR,BS2021012007,swsh7r_ja-7,15
CRD_40BA664331F9436D9980,레쿠쟈 EX,RR,BS2015004061,xy6_ja-61,20
CRD_890A5BCCE7944EB0A6B1,루기아 EX,RR,BS201707103,xy7_ja-68,15
CRD_C86BB1ACC43E42EBBC54,크로뱃 V,RR,BS2022005010,swshp-SWSH110,10
CRD_536B90284F124382BA98,블랙마켓(프리즘스타),PR,BS2018013052,sm8a_ja-52,10
CRD_6CC8EF6265BB418D963F,팬텀 ex,RR,BS2024004047,sv5k_ja-47,15
CRD_28A89296FBE346BCA0F8,도구 스크래퍼,UR,,swsh2_ja-115,10
CRD_580B34E63D1A409296DB,브리가론 BREAK,RR,BS2015007006,xy8r_ja-6,20
CRD_7C46F8E5F5594CAFA4FC,후딘 EX,RR,BS2016020023,xy10_ja-23,15
CRD_5E5D7E18A66E45289E08,리피아 ex,RR,BS2024019003,sv8a_ja-3,15
CRD_17100EE1F714421CA51C,핫삼 ex,RR,BS2024005044,sv5m_ja-44,15
CRD_D32055C7E83A425E8E79,오거폰 벽록의 가면 ex,RR,BS2024008016,sv6_ja-16,15
CRD_55919508859C47C0A3FA,찬란한 후딘,K,BS2024013005,,5
CRD_0AFFA16D17C94EF5A677,동탁군 BREAK,RR,BS2016020049,xy10_ja-49,15
CRD_C2DA6134D36A43A6AAF6,성스러운분말,SR,BS2026002101,m3_ja-102,10
CRD_DB8959C82CB54195AB1F,찬란한 개굴닌자,,BS2023001033,swsh12a_ja-33,10
CRD_31E3BD03B11A42CA83DE,마그카르고 ex,RR,BS2024007013,sv5a_ja-13,15
CRD_EB96FC5C5F7E48279A5D,마휘핑 VMAX,HR,,swsh3a_ja-86,10
CRD_7EE7B873542649888B27,핫삼,H,BS2010008007,dp6_ja-4,20
CRD_C381C2E256734877B6F7,플라제스 EX,RR,BS2014004060,xy4_ja-60,20
CRD_7531672F4CE14112982A,라이코 V,RR,BS2022003137,swsh12a_ja-38,15
CRD_ABA364D5C8D449849C05,리자몽 GX,RR,BS2019006032,sm115-9,10
CRD_5B0B71986B674763B7D4,브리두라스 ex,RR,BS2024016037,sv7a_ja-37,15
CRD_F532B44F7B064ECB8DA4,메모리 캡슐,UR,,swsh4_ja-121,10
CRD_08E7B3A3335B4A998906,두빅굴 EX,RR,BS201707022,cp4_ja-30,15
CRD_2F76015568504ADA8656,루차불 EX,PR,PR2015001010,xyp_ja-38,15
CRD_96F271C8A3214766B5E3,메타그로스,H,BS2010009029,dp5t_ja-434,20
CRD_9FE2C752705B4601A48B,M뮤츠 EX,RR,BS2016004052,xy8r_ja-28,15
CRD_24D3E3B760BB44C7A144,챔피언스 페스티벌,SM-P,SMP000000202,smp-SM148,10
CRD_7DF75212273E4EC497D5,오거폰 우물의 가면 ex,RR,BS2024019050,sv8a_ja-50,15
CRD_BCAF95D174344CE78E15,나오하 ex,RR,BS2026001068,svp-87,5
CRD_BF3A1B446C904A87A04D,따라큐 V,RR,BS2021001027,swsh5i_ja-27,15
CRD_ED55D2BEB4BF4829B3EB,네크로즈마 GX,RR,BS2017013050,sm4p_ja-50,15
CRD_0A0B0ACC9B234353940F,카운터 캐처,UR,BS2023022094,sv4m_ja-94,15
CRD_38B5BB48C9E34092ABFE,찬란한 루차불,,BS2023001078,swsh12a_ja-78,10
CRD_00865A20063249B7BAB2,챔피언스 페스티벌,SM-P,SMP000000221,smp-SM231,10
CRD_2690751B7B7A455391FB,사다이사 V,RR,BS2021004043,swsh6h_ja-43,15
CRD_81EE48834AB34DC39928,다탱구,H,BS2010004031,dp1_ja-325,20
CRD_785C8280FB8348EAA230,뮤 ex,RR,BS2025002001,sv9_ja-1,10
CRD_011154494CDE4A258512,해당의 백업,HR,BS2022002124,swsh9_ja-124,10
CRD_2D9782E1F948401CBDDA,네오라이트 V,RR,BS2024003001,swsh9_ja-30,15
CRD_251B8B3E2BEF4145BAE7,찬란한 가디안,,BS2023001055,swsh12a_ja-55,10
CRD_5E895F7B727041EDBF10,노고고치 ex,RR,BS2025001079,sv9_ja-79,15
CRD_7194B81B50E14F96A660,샤미드 ex,RR,BS2024019031,sv8a_ja-31,15
CRD_2099652F987540BEAC95,영웅의 메달,UR,,swsh3a_ja-93,10
CRD_169A391CE7A44A3A989B,근성의 망토,UR,,swsh3a_ja-94,10
CRD_4248D244E5E2441F8BCC,가라르 야도킹 VMAX,RRR,BS2021003047,swsh5a_ja-47,15
CRD_82E623B207DC4A08833D,루가루암 GX,RR,BS2017007034,sm2p_ja-34,15
CRD_F1BA34A321A8428EA970,트레킹슈즈,UR,BS2022007087,swsh10d_ja-87,15
