psid,cid,name,rar,setn,col,cstat,price,app_ko,gap,td,nvjp,risk,flagk,flagwhy,score,title,url,review_status
a3aecee7c19d43c88870d793c3490516,CRD_BD23A2FE3D6140978DFB,테오키스 VSTAR,SAR,소드&실드 하이클래스팩 「VSTAR 유니버스」,223/172,RAW,55000,22176,2.48,2026-05-16,0.92,JP_SUSPECT,DIRTY,graded,7,(5/17 경매마감) 브이스타 유니버스 테오키스 VMAX & VSTAR SAR [BRG10],https://cafe.naver.com/cardmvk/559785,
fd517ea65c664170b1bebad1085f618c,CRD_123A0C58771F4B76BBFE,아강의 비장의카드,SR,XY 확장팩 제5탄 「타이달스톰」,077/070,GRADED,51000,14240,3.58,2026-05-04,,LADDER_BLIND,DIRTY,graded|nonko,7,[5/4 마감] BW 아강의 비장의 카드 sr PSA 어센틱 (brg7 뽀각),https://cafe.naver.com/cardmvk/528899,
6769cb40432a4cf098bd29a5b31b7522,CRD_B6F05ABED7AE47BAAD56,카밀레의 반짝임 [서포트/퓨전],SR,소드&실드 하이클래스팩 「VSTAR 유니버스」,249/172,GRADED,50000,17943,2.79,2026-06-06,1.95,JP_SUSPECT,DIRTY,graded|koGtJp,7,(06/06 마감) 카밀레의 반짝임 SR BRG10 / ELESA'S SPARKLE SR BRG10 (VSTAR 유니버스),https://cafe.naver.com/cardmvk/615899,
6d564e171482477f927ed48d4fcf048a,CRD_123A0C58771F4B76BBFE,아강의 비장의카드,SR,XY 확장팩 제5탄 「타이달스톰」,077/070,RAW,43000,14240,3.02,2026-06-06,,LADDER_BLIND,CLEAN,,6,6월6일 마감)어비스아이 이슬이의 활기 sr 싱글카드,https://cafe.naver.com/cardmvk/615802,
57c4c8b6492944e485a2ea58ec7207d3,CRD_85ACB08A9301857D6840,라티아스&라티오스 GX,UR,썬&문 확장팩 「태그볼트」,114/095,RAW,33000,78398,0.42,2026-05-22,0.26,JP_SUSPECT,CLEAN,,6,(5/22일마감) 피카츄&제크로무 gx ur 한판 경매,https://cafe.naver.com/cardmvk/578285,
70c1214a71e3415a9a65792169de9edc,CRD_123A0C58771F4B76BBFE,아강의 비장의카드,SR,XY 확장팩 제5탄 「타이달스톰」,077/070,RAW,26000,14240,1.83,2026-05-26,,LADDER_BLIND,CLEAN,,6,(5/26 마감) 초전브레이커 SR 피카츄 싱글카드,https://cafe.naver.com/cardmvk/587492,
7b09cda3315f431486c8e6e0b3cc8fce,CRD_123A0C58771F4B76BBFE,아강의 비장의카드,SR,XY 확장팩 제5탄 「타이달스톰」,077/070,RAW,25000,14240,1.76,2026-06-04,,LADDER_BLIND,CLEAN,,6,(6/5일 마감) BW 라티오스 SR 및 앨범용 카드,https://cafe.naver.com/cardmvk/610246,
d47ce95449744e138a0bfe3493bdc553,CRD_888168EF50BE4F89B720,비케,SR,썬&문 확장팩 제3탄 「빛을 삼킨 어둠」,057/051,RAW,16000,5913,2.71,2026-05-06,0.05,DISPLAY_OUTLIER,CLEAN,,6,(5/6마감) 썬문 비케,https://cafe.naver.com/cardmvk/535160,
5effe39ca6494d6f978c8745980543b2,CRD_627474F7EF5F4BDB9549,리피아 VSTAR,SAR,소드&실드 하이클래스팩 「VSTAR 유니버스」,210/172,RAW,12000,35555,0.34,2026-05-17,0.13,JP_SUSPECT,CLEAN,,6,5/17마감) 리피아 vstar SAR 싱글 ,https://cafe.naver.com/cardmvk/565302,
06f5ebe3801345029d231c0f6f439713,CRD_500998CEAE8F48BE9DA0,큐레무 ex,SAR,스칼렛&바이올렛 확장팩 「블랙볼트」,168/086,RAW,10000,24197,0.41,2026-05-22,0.16,JP_SUSPECT,CLEAN,,6,(5/22마감) 큐레무 sar,https://cafe.naver.com/cardmvk/578268,
2f04d3e2fd30436e93a025e3df702ca6,CRD_B6F05ABED7AE47BAAD56,카밀레의 반짝임 [서포트/퓨전],SR,소드&실드 하이클래스팩 「VSTAR 유니버스」,249/172,RAW,9000,17943,0.5,2026-05-11,0.35,JP_SUSPECT,CLEAN,,6,(5/11 마감) 카밀레의 반짝임 sr 싱글(퓨전아츠),https://cafe.naver.com/cardmvk/548886,
f315b1a08c004627abcbaa7b1e8fee11,CRD_B6F05ABED7AE47BAAD56,카밀레의 반짝임 [서포트/퓨전],SR,소드&실드 하이클래스팩 「VSTAR 유니버스」,249/172,RAW,8000,17943,0.45,2026-05-07,0.31,JP_SUSPECT,CLEAN,,6,(5/7마감) 썬문 서포트 4장,https://cafe.naver.com/cardmvk/536785,
5516027d2b6b4f588c5dbe1b7cf46d4a,CRD_8C3914BBF6F44AEA9A9F,칠색조 GX,SSR,썬&문 하이클래스팩 「GX 울트라샤이니」,210/150,RAW,8000,16992,0.47,2026-05-10,0.18,JP_SUSPECT,CLEAN,,6,(5/10마감) 칠색조 GX SSR 싱글,https://cafe.naver.com/cardmvk/545628,
d66757c9a51b40829758a5e9ca910006,CRD_9E959C4AF6BA480FA670,마기아나 EX,SR,XY BREAK 확장팩 제11탄 「냉혹한 반역자」,055/054,RAW,8000,1878,4.26,2026-05-02,,LADDER_BLIND,CLEAN,,6,(5/2 마감) xy11 마기아나 ex sr,https://cafe.naver.com/cardmvk/524527,
c6b801c0cc8343799662f634be88eef5,CRD_123A0C58771F4B76BBFE,아강의 비장의카드,SR,XY 확장팩 제5탄 「타이달스톰」,077/070,RAW,7000,14240,0.49,2026-05-27,,LADDER_BLIND,CLEAN,,6,(5/27 마감) 소드 실드 외 몬스터 SR 카드 12장,https://cafe.naver.com/cardmvk/591731,
a90cc0d96ecd4cb0bba321b62128c6a4,CRD_1752B1022AD74CC0AF24,모미,SR,소드&실드 확장팩 「연격마스터」,080/070,RAW,5000,10973,0.46,2026-06-10,0.09,JP_SUSPECT,CLEAN,,6,(6/10 마감) 모미 sr,https://cafe.naver.com/cardmvk/625787,
a4b56c4ad7834be699ed8e10274bd139,CRD_6D1BC2DD10F54AB98A56,알로라 식스테일 VSTAR,HR,소드&실드 강화 확장팩 「백열의 아르카나」,087/068,RAW,2000,13189,0.15,2026-06-10,0.06,JP_SUSPECT,CLEAN,,6,(6/10 마감) 알로라 식스테일 vstar hr 싱글,https://cafe.naver.com/cardmvk/625782,
c052705b55034067bacc743aabea0d20,CRD_A25CB6E36FC71EBDA24B,판초를 입은 피카츄,PR,판초 피카츄 프로모 SM-P037,037/SM-P,GRADED,2700009,3105300,0.87,2026-06-07,,LADDER_BLIND,DIRTY,graded|nonko,5,(6/7 마감) PSA10 메가캠페인 판초 피카츄,https://cafe.naver.com/cardmvk/616987,
bde8b5eb962b4b5c980d0fc899636d25,CRD_CF5D258E4C4326F86707666D9357D5A2,요코하마 피카츄 (WCS),PR,일본 독점 프로모,280/SM-P,GRADED,1117000,1882000,0.59,2026-05-04,,LADDER_BLIND,DIRTY,graded|nonko,5,(5월 4일 마감) 요코하마 WCS 피카츄 PSA10,https://cafe.naver.com/cardmvk/528107,
939a4dcbc7cf4d5db82db1e081908255,CRD_A6F7502948814BF9A22C,블래키 VMAX,HR,소드&실드 강화 확장팩 「이브이 히어로즈」,095/069,RAW,500000,1226183,0.41,2026-05-19,,,CLEAN,,5,[5/19 마감] 블래키 vmax hr 싱글,https://cafe.naver.com/cardmvk/570506,
ae2e0baf4c554c54bc7c7abe16ccf862,CRD_A6F7502948814BF9A22C,블래키 VMAX,HR,소드&실드 강화 확장팩 「이브이 히어로즈」,095/069,RAW,360000,1226183,0.29,2026-05-30,,,CLEAN,,5,(5/30일마감) 블래키 HR VMAX 특일 싱글 경매,https://cafe.naver.com/cardmvk/599306,
6fc8a74b94d54072b5e6e9cd67252bb1,CRD_A6F7502948814BF9A22C,블래키 VMAX,HR,소드&실드 강화 확장팩 「이브이 히어로즈」,095/069,RAW,360000,1226183,0.29,2026-05-19,,,CLEAN,,5,(5월 19일 당일마감) 이브이 히어로즈 블래키 브맥특 특일 vmax hr s6a,https://cafe.naver.com/cardmvk/568758,
1d65a9fd8ee44dbcb465f4b816912527,CRD_B8B69E5A34C042F2928346295A367A70,메가리자몽X ex,MUR,MEGA 확장팩 「인페르노X」,116/080,RAW,180000,461459,0.39,2026-04-27,0.19,,CLEAN,,5,(4/27 마감) 메가리자몽x mur 싱글,https://cafe.naver.com/cardmvk/512160,
a28f7e5ecc7f4c0ba86b0f147ae5452e,CRD_DF3A72B78E8141B1A0D2BED89B3B20EE,메가개굴닌자 EX,MUR,MEGA 확장팩 「닌자스피너」,120/083,RAW,180000,358595,0.5,2026-06-05,0.24,,CLEAN,,5,(6/5마감) 한글판 MUR 개굴닌자,https://cafe.naver.com/cardmvk/613115,
96f8f25f5bc24f9195164cbf133330af,CRD_5094F85922274E7CAC3C,블래키 ex,SAR,스칼렛&바이올렛 하이클래스팩 「테라스탈 페스타 ex」,217/187,RAW,170000,541020,0.31,2026-05-15,0.25,,CLEAN,,5,(05/16 마감) 테라스탈페스타 블래키 sar 싱글,https://cafe.naver.com/cardmvk/559752,
6eb012c293f04e9cb15dfb5e220ef067,CRD_5094F85922274E7CAC3C,블래키 ex,SAR,스칼렛&바이올렛 하이클래스팩 「테라스탈 페스타 ex」,217/187,RAW,162000,541020,0.3,2026-06-14,0.24,,CLEAN,,5,[6/14일 마감] 테라스탈 페스타 블래키 sar 싱글,https://cafe.naver.com/cardmvk/634750,
2748938fa09447f0ba038e3511ba8ad9,CRD_DF3A72B78E8141B1A0D2BED89B3B20EE,메가개굴닌자 EX,MUR,MEGA 확장팩 「닌자스피너」,120/083,RAW,138000,358595,0.38,2026-05-15,0.19,,CLEAN,,5,(5/15마감) 메가개굴닌자 MUR 싱글,https://cafe.naver.com/cardmvk/559330,
a5262a18e9e24d73b7b480a6e232e40b,CRD_BC23459C3A854031B8A0,메가망나뇽 ex,SAR,MEGA 하이클래스팩 「MEGA 드림 ex」,246/193,RAW,138000,301003,0.46,2026-05-14,0.3,,CLEAN,,5,[5/14 마감] 메가 망나뇽 EX SAR,https://cafe.naver.com/cardmvk/555939,
0b5a4102147c4fb2910b5f37cd8afb01,CRD_5094F85922274E7CAC3C,블래키 ex,SAR,스칼렛&바이올렛 하이클래스팩 「테라스탈 페스타 ex」,217/187,RAW,116000,541020,0.21,2026-05-17,0.17,,CLEAN,,5,(5/17 마감) 블래키 SAR 한판 싱글,https://cafe.naver.com/cardmvk/565034,
b0307425010d4dee80948da4dced2c6a,CRD_053F45EBABE44DD09C9B,잉어킹,AR,포켓몬 카드 게임 스칼렛&바이올렛 강화 확장팩 「트리플렛비트」,080/073,RAW,111000,45190,2.46,2026-05-11,0.42,,CLEAN,,5,당일 마감) 잉어킹 ar 2장 1000원 경매,https://cafe.naver.com/cardmvk/547463,
6c0b57d834fe4019ae9c0174bf167a17,CRD_053F45EBABE44DD09C9B,잉어킹,AR,포켓몬 카드 게임 스칼렛&바이올렛 강화 확장팩 「트리플렛비트」,080/073,RAW,105000,45190,2.32,2026-05-14,0.4,,CLEAN,,5,[5/14 마감] 잉어킹 AR CCG10 1000원 경매 2,https://cafe.naver.com/cardmvk/556799,
d555d6a03d5144c5aa28d46bfb94ecd2,CRD_BC23459C3A854031B8A0,메가망나뇽 ex,SAR,MEGA 하이클래스팩 「MEGA 드림 ex」,246/193,RAW,100000,301003,0.33,2026-05-14,0.22,,CLEAN,,5,[5/14일 마감] 메가 망나뇽 sar 싱글,https://cafe.naver.com/cardmvk/556926,
cca43fead150401d96e12e6ad2ca2414,CRD_053F45EBABE44DD09C9B,잉어킹,AR,포켓몬 카드 게임 스칼렛&바이올렛 강화 확장팩 「트리플렛비트」,080/073,RAW,89000,45190,1.97,2026-05-14,0.34,,CLEAN,,5,[5/14 마감] 잉어킹 AR CCG10 1000원 경매,https://cafe.naver.com/cardmvk/556606,
235a2e0bb50a4e5eafdb2362249b5c23,CRD_BC23459C3A854031B8A0,메가망나뇽 ex,SAR,MEGA 하이클래스팩 「MEGA 드림 ex」,246/193,RAW,76000,301003,0.25,2026-05-16,0.16,,CLEAN,,5,(5/16 마감) 한판 메가 망나뇽 sar,https://cafe.naver.com/cardmvk/562284,
8e79ae5ff49d41cfa0b0bad61af1d39d,CRD_053F45EBABE44DD09C9B,잉어킹,AR,포켓몬 카드 게임 스칼렛&바이올렛 강화 확장팩 「트리플렛비트」,080/073,RAW,72000,45190,1.59,2026-04-27,0.27,,CLEAN,,5,(4/27마감) ar 3종(이브이 피카츄 잉어킹) 등급용 싱글 경매,https://cafe.naver.com/cardmvk/512182,
a87c67505e0e46f3b8fb851a1886d2ab,CRD_C1ED974D21D945F6AE35,아쿠아단의 가이오가 EX,RR,XY 확장팩 「마그마단vs아쿠아단 더블크라이시스」,006/034,RAW,72000,142992,0.5,2026-05-17,0.17,,CLEAN,,5,(5/17일 마감) 아쿠아단의 가이오가,https://cafe.naver.com/cardmvk/564320,
a063e699507e4685a52dacfb423ae1b5,CRD_023DB72F38FC4C87B95B,님피아 ex,SAR,스칼렛&바이올렛 하이클래스팩 「테라스탈 페스타 ex」,212/187,RAW,71000,176308,0.4,2026-05-14,0.3,,CLEAN,,5,(5월14일마감)테라스탈페스타 님피아 sar ,https://cafe.naver.com/cardmvk/556579,
db29b91cffb74fb18b2cc7089dee1fca,CRD_487F923F9A884FFDBD8A,메가개굴닌자 ex,SAR,MEGA 확장팩 「닌자스피너」,114/083,RAW,71000,177656,0.4,2026-06-12,0.15,,CLEAN,,5,(6/12 마감) 메가개굴닌자 ex sar,https://cafe.naver.com/cardmvk/630288,
9272246f293d4b39abc1e535ba034793,CRD_053F45EBABE44DD09C9B,잉어킹,AR,포켓몬 카드 게임 스칼렛&바이올렛 강화 확장팩 「트리플렛비트」,080/073,RAW,70000,45190,1.55,2026-05-25,0.27,,CLEAN,,5,(5/25마감) 잉어킹 ar,https://cafe.naver.com/cardmvk/584401,
49580c2c4c5741489a66c05b4082e5da,CRD_023DB72F38FC4C87B95B,님피아 ex,SAR,스칼렛&바이올렛 하이클래스팩 「테라스탈 페스타 ex」,212/187,RAW,70000,176308,0.4,2026-05-16,0.29,,CLEAN,,5,(5/16마감 경매) 한판 테라스탈페스타 님피아 sar ccg 10,https://cafe.naver.com/cardmvk/562278,
f88a3c8329934639b06ba291212ecdfc,CRD_487F923F9A884FFDBD8A,메가개굴닌자 ex,SAR,MEGA 확장팩 「닌자스피너」,114/083,RAW,70000,177656,0.39,2026-05-16,0.14,,CLEAN,,5,[05/16일 마감] 메가 개굴닌자 ex SAR,https://cafe.naver.com/cardmvk/561885,
8b7b41842a6546d4941374f942ae5f56,CRD_053F45EBABE44DD09C9B,잉어킹,AR,포켓몬 카드 게임 스칼렛&바이올렛 강화 확장팩 「트리플렛비트」,080/073,RAW,70000,45190,1.55,2026-05-12,0.27,,CLEAN,,5,(5/12마감) 잉어킹 ar,https://cafe.naver.com/cardmvk/550926,
ef69464b7e4847f69c837232ae4a33bd,CRD_579416A2A535432F8F30,나옹 ex,SAR,MEGA 확장팩 「니힐제로」,114/080,RAW,67000,40158,1.67,2026-06-02,0.48,,CLEAN,,5,(06/02 마감) 니힐제로 나옹 SAR CCG10,https://cafe.naver.com/cardmvk/606638,
d4b78a136cfd4620bb2c2893b8570601,CRD_E95B8B1938F2446E81DD,기라티나 VSTAR,UR,소드&실드 하이클래스팩 「VSTAR 유니버스」,261/172,RAW,61000,185015,0.33,2026-05-19,0.15,,CLEAN,,5,(5/19 당일마감) VSTAR유니버스 기라티나 VSTAR UR 싱글,https://cafe.naver.com/cardmvk/570483,
756735b403b64c7388b69baf23bed36f,CRD_C1ED974D21D945F6AE35,아쿠아단의 가이오가 EX,RR,XY 확장팩 「마그마단vs아쿠아단 더블크라이시스」,006/034,RAW,60000,142992,0.42,2026-06-13,0.14,,CLEAN,,5,(6/13 마감) 2015 아쿠아단의 가이오가 EX CP1 경매,https://cafe.naver.com/cardmvk/631319,
9c915740b9354f548d4fb75fc312edc3,CRD_85ACB08A9301857D6840,라티아스&라티오스 GX,UR,썬&문 확장팩 「태그볼트」,114/095,GRADED,55000,78398,0.7,2026-05-20,0.44,JP_SUSPECT,DIRTY,graded|nonko,5,(5월20일마감) 솔가레오 GX Ur PSA10,https://cafe.naver.com/cardmvk/572888,
77a7bb06695d424ca12fe6380bc4f0bd,CRD_18D57DF71D81408584B5,포켓몬센터 직원,SR,XY 확장팩 제2탄 「와일드 블레이즈」,085/080,RAW,55000,8719,6.31,2026-05-14,0.42,,CLEAN,,5,(5/14마감) 무한존 포켓몬센터 직원 프로모,https://cafe.naver.com/cardmvk/556817,
5b30ccc10f1849dab09ce1fee3d07a00,CRD_8F6DB567A7EF4D5F9742,제크로무 ex,BWR,스칼렛&바이올렛 확장팩 「블랙볼트」,174/086,RAW,55000,131156,0.42,2026-06-10,0.14,,CLEAN,,5,(6/10마감) bwr 제크로무,https://cafe.naver.com/cardmvk/625702,
2062c0d573b740e29fd126188497ce04,CRD_9AD6FE24D3594D17A130,에브이 ex,SAR,스칼렛&바이올렛 하이클래스팩 「테라스탈 페스타 ex」,211/187,RAW,50000,110389,0.45,2026-04-26,0.4,,CLEAN,,5,(4/27일 마감)나옹 sar 에브이 sar,https://cafe.naver.com/cardmvk/509840,
c366dca5aa4549cb954f362e9bbeeadc,CRD_B6F05ABED7AE47BAAD56,카밀레의 반짝임 [서포트/퓨전],SR,소드&실드 하이클래스팩 「VSTAR 유니버스」,249/172,GRADED,45000,17943,2.51,2026-06-12,1.76,JP_SUSPECT,DIRTY,graded|koGtJp,5,(06/12 마감) 카밀레의 반짝임 brg10,https://cafe.naver.com/cardmvk/629840,
3b8cfa0534a4421daa11afd3f53441f3,CRD_ECCF09117F0E4F4BBCF1,히스이 조로아크 VSTAR,SAR,소드&실드 하이클래스팩 「VSTAR 유니버스」,234/172,GRADED,45000,23100,1.95,2026-05-29,0.72,JP_SUSPECT,DIRTY,graded,5,(05/29 마감) 히스이 조로아크 vstar sar BRG10,https://cafe.naver.com/cardmvk/596430,
cfc9e3b74a694746866ebd65a61f487b,CRD_500998CEAE8F48BE9DA0,큐레무 ex,SAR,스칼렛&바이올렛 확장팩 「블랙볼트」,168/086,GRADED,42000,24197,1.74,2026-06-09,0.66,JP_SUSPECT,DIRTY,graded,5,(6/09 마감) 블랙볼트 큐레무 ex SAR brg10 / sv11B,https://cafe.naver.com/cardmvk/623308,
fb216cee3f1b400498279eb89adef665,CRD_3C062CAF599948F7BA44,난천의 패기,SAR,소드&실드 하이클래스팩 「VSTAR 유니버스」,236/172,RAW,42000,17627,2.38,2026-05-09,0.88,JP_SUSPECT,DIRTY,graded|nonko,5,(5/9 마감) VSTAR 유니버스 난천의 패기 SAR [PSA 10],https://cafe.naver.com/cardmvk/542970,
8f9379e511a44f82ba49f9ab1e146ac2,CRD_B6F05ABED7AE47BAAD56,카밀레의 반짝임 [서포트/퓨전],SR,소드&실드 하이클래스팩 「VSTAR 유니버스」,249/172,RAW,39000,17943,2.17,2026-05-14,1.52,JP_SUSPECT,DIRTY,koGtJp,5,(5월14일마감) 여캐 서포트 sr 10종,https://cafe.naver.com/cardmvk/556583,
4380ed0adcd54557ae2f2c02e87cc795,CRD_B6F05ABED7AE47BAAD56,카밀레의 반짝임 [서포트/퓨전],SR,소드&실드 하이클래스팩 「VSTAR 유니버스」,249/172,RAW,35000,17943,1.95,2026-05-06,1.37,JP_SUSPECT,DIRTY,koGtJp,5,(5/6마감) 트레이너스 서포트 SR카드 여케6종 싱글,https://cafe.naver.com/cardmvk/535339,
c16241b8eef64e968a9c86dbbd73f2c4,CRD_A0D58142340C4202B5FD,미모사,SR,포켓몬 카드 게임 스칼렛&바이올렛 확장팩 「바이올렛 ex」,098/078,GRADED,35000,4817,7.27,2026-05-15,1.76,JP_SUSPECT,DIRTY,graded|koGtJp,5,5/15 당일마감) 미모사 sr BRG10,https://cafe.naver.com/cardmvk/559385,
516acc93934a4587b3ab6aed3bb63478,CRD_B6F05ABED7AE47BAAD56,카밀레의 반짝임 [서포트/퓨전],SR,소드&실드 하이클래스팩 「VSTAR 유니버스」,249/172,GRADED,30000,17943,1.67,2026-05-15,1.17,JP_SUSPECT,DIRTY,graded|koGtJp,5,5/15 당일마감) 카밀레의 반짝임 sr BRG10,https://cafe.naver.com/cardmvk/559388,
e870a4c222e6443d8feefab1d02a15c6,CRD_3C062CAF599948F7BA44,난천의 패기,SAR,소드&실드 하이클래스팩 「VSTAR 유니버스」,236/172,GRADED,30000,17627,1.7,2026-06-13,0.63,JP_SUSPECT,DIRTY,graded,5,(6/13 마감) 난천의 패기 SAR brg 9,https://cafe.naver.com/cardmvk/632577,
dc638ac6a2e147d2b249679131b13f66,CRD_A0D58142340C4202B5FD,미모사,SR,포켓몬 카드 게임 스칼렛&바이올렛 확장팩 「바이올렛 ex」,098/078,RAW,25000,4817,5.19,2026-05-31,1.26,JP_SUSPECT,DIRTY,graded|koGtJp|nonko,5,(5/31 경매마감) 미모사 SR [PSA10],https://cafe.naver.com/cardmvk/599511,
1afb8667ecc74aa6a108f88945c6052e,CRD_A0D58142340C4202B5FD,미모사,SR,포켓몬 카드 게임 스칼렛&바이올렛 확장팩 「바이올렛 ex」,098/078,GRADED,24000,4817,4.98,2026-05-10,1.21,JP_SUSPECT,DIRTY,graded|koGtJp,5,(5/10 마감) 미모사 SR brg 9,https://cafe.naver.com/cardmvk/544434,
ec5058a63cc5458fbc459b160f6bf42c,CRD_B24FB59D3B834314A57B,비파,SAR,스칼렛&바이올렛 확장팩 「와일드포스」,096/071,GRADED,24000,7655,3.14,2026-05-07,1.16,JP_SUSPECT,DIRTY,graded|koGtJp|nonko,5,(5/7 마감) 비파 SAR PSA10,https://cafe.naver.com/cardmvk/536893,
a4f49aa058fe45518186e9ea7a329841,CRD_6434F1BE098C4F98B481,보스의 지령(게치스),SAR,포켓몬 카드 게임 스칼렛&바이올렛 강화 확장팩 「트리플렛비트」,099/073,RAW,21000,9476,2.22,2026-05-17,0.84,JP_SUSPECT,DIRTY,bundle,5,"(5/17일마감) 보스의 지령, az의 평온 sar",https://cafe.naver.com/cardmvk/563853,
c15906f034dc47c6911edd683c0c3dcd,CRD_6434F1BE098C4F98B481,보스의 지령(게치스),SAR,포켓몬 카드 게임 스칼렛&바이올렛 강화 확장팩 「트리플렛비트」,099/073,RAW,17000,9476,1.79,2026-05-13,0.68,JP_SUSPECT,REVIEW,,5,(5/13 마감) 보스의 지령 SAR,https://cafe.naver.com/cardmvk/553915,
5f75b84a478a42ba84ce9fd722a69277,CRD_DF1BC7CED4E14C938183,운향,SAR,포켓몬 카드 게임 스칼렛&바이올렛 강화 확장팩 「트리플렛비트」,100/073,GRADED,16000,3497,4.58,2026-05-01,0.21,JP_SUSPECT,DIRTY,graded,5,(5/1마감) 운향 sar BRG9,https://cafe.naver.com/cardmvk/521254,
bba02739121e472299d5006e33f4afe0,CRD_DF1BC7CED4E14C938183,운향,SAR,포켓몬 카드 게임 스칼렛&바이올렛 강화 확장팩 「트리플렛비트」,100/073,GRADED,15000,3497,4.29,2026-06-11,0.2,JP_SUSPECT,DIRTY,graded,5,(6/11 마감) 운향 SAR brg9 / sv1a,https://cafe.naver.com/cardmvk/627721,
cede4fde7a334816a2d77b4e76fe962d,CRD_7633E4DC01B743F4A4BC,메가팬텀 ex,SAR,MEGA 하이클래스팩 「MEGA 드림 ex」,240/193,RAW,500000,198263,2.52,2026-04-28,0.7,,REVIEW,,4,29일 마감 팬텀 sar싱글,https://cafe.naver.com/cardmvk/514267,
5249c6fc75464d8c9a8e8e88521769df,CRD_2E403B756FE641CB89FF32CEB4BDDB4E,메가망나뇽 ex,MUR,MEGA 하이클래스팩 「MEGA 드림 ex」,250/193,RAW,308000,153154,2.01,2026-06-07,0.97,,REVIEW,,4,(6/7 마감) 메가 망나뇽 ex MUR CCG 10,https://cafe.naver.com/cardmvk/617312,
a3686ae3a89c499da68ae06b14b79827,CRD_487F923F9A884FFDBD8A,메가개굴닌자 ex,SAR,MEGA 확장팩 「닌자스피너」,114/083,RAW,300000,177656,1.69,2026-05-21,0.62,,REVIEW,,4,(5/21 마감) 메가개굴닌자 SAR 싱글 카드,https://cafe.naver.com/cardmvk/574749,
737d7cf0f0de41f492ee0adb31223928,CRD_8F6DB567A7EF4D5F9742,제크로무 ex,BWR,스칼렛&바이올렛 확장팩 「블랙볼트」,174/086,RAW,300000,131156,2.29,2026-05-02,0.75,,REVIEW,,4,(5/2마감) bwr 제크로무 비크티니 레시라무 10등급 세트,https://cafe.naver.com/cardmvk/523274,
8d082583e0494eb99b65a6e20958d80d,CRD_2E403B756FE641CB89FF32CEB4BDDB4E,메가망나뇽 ex,MUR,MEGA 하이클래스팩 「MEGA 드림 ex」,250/193,RAW,275000,153154,1.8,2026-05-15,0.87,,REVIEW,,4,(5/15 마감) 망나뇽 mur ccg 10,https://cafe.naver.com/cardmvk/558072,
edbd7463aae74b43b86a641aa986b375,CRD_157F33DF43A34D268793,두빅굴,AR,스칼렛&바이올렛 확장팩 「블랙볼트」,109/086,RAW,72000,30487,2.36,2026-05-17,0.67,,REVIEW,,4,(5/17 마감) 신지칸다 두빅굴 ar ccg 10 블랙라벨,https://cafe.naver.com/cardmvk/564586,
2ec95c2baa7f4e6faf4e6abe36899da4,CRD_F0387563D342474298CC,샤미드 ex,SAR,스칼렛&바이올렛 하이클래스팩 「테라스탈 페스타 ex」,205/187,RAW,72000,33430,2.15,2026-05-08,0.65,,REVIEW,,4,(5/8 마감) 테라스탈페스타 샤미드 리피아 sar 싱글카드 경매,https://cafe.naver.com/cardmvk/538788,
bae8665494d04b2b84c36ae88ebcadc1,CRD_4A6AB07D1EE64032B862,로켓단의 뮤츠 ex,UR,스칼렛&바이올렛 확장팩 「로켓단의 영광」,130/098,RAW,59000,27855,2.12,2026-05-05,0.96,,REVIEW,,4,(5/5 마감) XY 푸른충격 뮤츠 EX UR,https://cafe.naver.com/cardmvk/532575,
9015ff207d884d45bfecc12c8d4e0d93,CRD_53F9BEE45FFC4745AC79,투희,SAR,스칼렛&바이올렛 확장팩 「화이트플레어」,173/086,RAW,50000,21535,2.32,2026-06-06,0.85,,REVIEW,,4,(6/6마감)투희 sar,https://cafe.naver.com/cardmvk/614628,
a0c65715994e4ce2af6c19139add556a,CRD_499466BB5F6A45A9BEAE,그루샤,SAR,스칼렛&바이올렛 확장팩 「스노해저드」,095/071,RAW,20000,21346,0.94,2026-05-13,0.34,JP_SUSPECT,CLEAN,,4,(05/13 마감) 그루샤 SAR 싱글,https://cafe.naver.com/cardmvk/553524,
7b13c1d6e4f8450d9a43c8adbe3d1c1c,CRD_123A0C58771F4B76BBFE,아강의 비장의카드,SR,XY 확장팩 제5탄 「타이달스톰」,077/070,RAW,17000,14240,1.19,2026-04-29,,LADDER_BLIND,CLEAN,,4,(4/29마감) SR 카드 총16장 싱글,https://cafe.naver.com/cardmvk/517016,
6bbeee1140c14d6dad88eee5394e5b3a,CRD_7198FCCE27034FF78404,유빈의 확신,SAR,스칼렛&바이올렛 확장팩 「와일드포스」,097/071,RAW,17000,26042,0.65,2026-04-28,,LADDER_BLIND,CLEAN,,4,(04/28 마감) 유빈의 확신 sar 싱글,https://cafe.naver.com/cardmvk/514243,
0d3feddfe0d14ad2a2f762b7a50fd3fa,CRD_500998CEAE8F48BE9DA0,큐레무 ex,SAR,스칼렛&바이올렛 확장팩 「블랙볼트」,168/086,RAW,15000,24197,0.62,2026-04-30,0.24,JP_SUSPECT,CLEAN,,4,(4/30 마감) 큐레무 SAR [천원 경매],https://cafe.naver.com/cardmvk/518799,
afac136374a4435b9fddb45f5895342f,CRD_B6F05ABED7AE47BAAD56,카밀레의 반짝임 [서포트/퓨전],SR,소드&실드 하이클래스팩 「VSTAR 유니버스」,249/172,RAW,14000,17943,0.78,2026-04-29,0.55,JP_SUSPECT,CLEAN,,4,(4/29마감) 성호 서포트,https://cafe.naver.com/cardmvk/516442,
b8e321a34b414008bb4a433d70819b58,CRD_123A0C58771F4B76BBFE,아강의 비장의카드,SR,XY 확장팩 제5탄 「타이달스톰」,077/070,RAW,14000,14240,0.98,2026-05-13,,LADDER_BLIND,CLEAN,,4,(5/13마감) 실드 마리 sr 싱글카드 (앨범용),https://cafe.naver.com/cardmvk/554302,
24beae00c8404e68b37c5500ddb2e64e,CRD_3C062CAF599948F7BA44,난천의 패기,SAR,소드&실드 하이클래스팩 「VSTAR 유니버스」,236/172,RAW,13000,17627,0.74,2026-04-28,0.27,JP_SUSPECT,CLEAN,,4,[4/28마감] 한판 난천의 패기 sar 싱글,https://cafe.naver.com/cardmvk/514016,
77bc07c7292d4fea9b5ac8318d01ccbe,CRD_1752B1022AD74CC0AF24,모미,SR,소드&실드 확장팩 「연격마스터」,080/070,RAW,12000,10973,1.09,2026-05-10,0.21,JP_SUSPECT,CLEAN,,4,(5/10마감) 모미 SR,https://cafe.naver.com/cardmvk/545774,
7eec2317092b45b792d3bc14d1d33be4,CRD_123A0C58771F4B76BBFE,아강의 비장의카드,SR,XY 확장팩 제5탄 「타이달스톰」,077/070,RAW,11000,14240,0.77,2026-06-07,,LADDER_BLIND,CLEAN,,4,[6/7일 마감] 기라티나V SR 싱글카드,https://cafe.naver.com/cardmvk/617804,
5264e10ec6324f9dadbfc74f1b0582b2,CRD_123A0C58771F4B76BBFE,아강의 비장의카드,SR,XY 확장팩 제5탄 「타이달스톰」,077/070,RAW,10000,14240,0.7,2026-04-29,,LADDER_BLIND,CLEAN,,4,[4/30 마감] SR 카드 5종,https://cafe.naver.com/cardmvk/516392,
dd92e5313c4043d7bcfe14afdecba57e,CRD_0FD962247951488C809E,게노세크트 ex,SAR,스칼렛&바이올렛 확장팩 「블랙볼트」,172/086,RAW,10000,12683,0.79,2026-06-14,0.29,JP_SUSPECT,CLEAN,,4,(06/14 마감)                게노세크트 SAR,https://cafe.naver.com/cardmvk/634826,
9be359e17f244abb9e96a4ccaae1c96a,CRD_1752B1022AD74CC0AF24,모미,SR,소드&실드 확장팩 「연격마스터」,080/070,RAW,8000,10973,0.73,2026-06-12,0.14,JP_SUSPECT,CLEAN,,4,(6/12 마감) 모미 sr,https://cafe.naver.com/cardmvk/630300,
53db9c111a1647dca63dc1236d395888,CRD_B7768191A68445AA8817,기모노드레스,SR,소드&실드 강화 확장팩 「백열의 아르카나」,081/068,RAW,7000,6586,1.06,2026-05-07,0.25,JP_SUSPECT,CLEAN,,4,(5/7마감) 여트레이너 기모노드레스 sr 싱글,https://cafe.naver.com/cardmvk/537050,
988935e6049e4490acc8acecbafe36e5,CRD_A0D58142340C4202B5FD,미모사,SR,포켓몬 카드 게임 스칼렛&바이올렛 확장팩 「바이올렛 ex」,098/078,RAW,7000,4817,1.45,2026-05-07,0.35,JP_SUSPECT,CLEAN,,4,(5/7마감) 여트레이너 미모사 sr 싱글,https://cafe.naver.com/cardmvk/537069,
9bf10c4d8195484d8acf1b1d6ce0f7b9,CRD_A2809ACDAA524CC6B457,야청,HR,소드&실드 확장팩 「앙천의 볼트태클」,118/100,RAW,5000,6565,0.76,2026-04-28,0.08,JP_SUSPECT,CLEAN,,4,(4/28 마감) 야청 hr 싱글,https://cafe.naver.com/cardmvk/514594,
6fc97e8f232d434aaedbf1f619d24e44,CRD_0FC31AECDE1C40D58A1B,사나,HR,소드 & 실드 확장팩 「창공스트림」,084/067,RAW,4000,2748,1.46,2026-05-06,0.13,LADDER_BLIND,CLEAN,,4,(5/6 마감) 사나 hr 싱글,https://cafe.naver.com/cardmvk/535464,
eb3a1ea8fdd54745aaebc16213aaf938,CRD_F95322AF0A1243D99F83,메가리자몽X ex,SAR,MEGA 확장팩 「인페르노X」,110/080,RAW,510000,389241,1.31,2026-06-04,0.49,,CLEAN,,3,(6/4 마감) 메가 리자몽 X sar ccg 10 블랙라벨,https://cafe.naver.com/cardmvk/610366,
0f992b8d32b24752bf17701fbae07d3d,CRD_F95322AF0A1243D99F83,메가리자몽X ex,SAR,MEGA 확장팩 「인페르노X」,110/080,RAW,370000,389241,0.95,2026-04-27,0.35,,CLEAN,,3,(4/27 마감) 인페르노x 메가리자몽x sar 싱글카드 경매,https://cafe.naver.com/cardmvk/510890,
2807d6f15d9e496f8ce7f01fe30ee407,CRD_C00E1C8CFE15D51E795F88D9D5D14E94,판쵸 피카츄 (메가 캠페인),PR,일본 독점 프로모,203/XY-P,RAW,363000,,,2026-05-18,,,CLEAN,,3,(5/18 마감) 2001 ANA 항공사 캠페인 한정 프로모 피카츄/에버라스 ccg 9,https://cafe.naver.com/cardmvk/567380,
bdf84b24067e4df397ef71fd3c4dbd31,CRD_F95322AF0A1243D99F83,메가리자몽X ex,SAR,MEGA 확장팩 「인페르노X」,110/080,RAW,358000,389241,0.92,2026-05-07,0.34,,CLEAN,,3,(5/7 마감) 메가리자몽X ex SAR,https://cafe.naver.com/cardmvk/536498,
d14dcc516d6242229bf713799e99dd4e,CRD_F95322AF0A1243D99F83,메가리자몽X ex,SAR,MEGA 확장팩 「인페르노X」,110/080,RAW,350000,389241,0.9,2026-05-20,0.33,,CLEAN,,3,(5/20 마감) 한판 메가리자몽 SAR 싱글,https://cafe.naver.com/cardmvk/572176,
a58e8e5528e44adbbefaa86f855a1e52,CRD_F95322AF0A1243D99F83,메가리자몽X ex,SAR,MEGA 확장팩 「인페르노X」,110/080,RAW,320000,389241,0.82,2026-05-30,0.3,,CLEAN,,3,(5/30마감) 메가리자몽x sar(등급용),https://cafe.naver.com/cardmvk/597989,
e1f726c4ee8044e3afee957423e1cda8,CRD_B8B69E5A34C042F2928346295A367A70,메가리자몽X ex,MUR,MEGA 확장팩 「인페르노X」,116/080,RAW,300000,461459,0.65,2026-05-24,0.31,,CLEAN,,3,[5/24 마감] 메가리자몽X MUR 싱글카드,https://cafe.naver.com/cardmvk/584049,
2d485bd065664004913430009b037872,CRD_F95322AF0A1243D99F83,메가리자몽X ex,SAR,MEGA 확장팩 「인페르노X」,110/080,RAW,300000,389241,0.77,2026-05-03,0.29,,CLEAN,,3,(5/3 마감) 메가리자몽x sar 싱글 경매,https://cafe.naver.com/cardmvk/526431,
fb653343a8484151acb7fa4dfcc4b990,CRD_F95322AF0A1243D99F83,메가리자몽X ex,SAR,MEGA 확장팩 「인페르노X」,110/080,RAW,300000,389241,0.77,2026-05-22,0.29,,CLEAN,,3,(5/22 마감) 메가 리자몽 x sar ccg 블랙 라벨 인페르노 X,https://cafe.naver.com/cardmvk/577008,
7aa18d3a27d84e5195667e0b1ef18d0e,CRD_DF3A72B78E8141B1A0D2BED89B3B20EE,메가개굴닌자 EX,MUR,MEGA 확장팩 「닌자스피너」,120/083,RAW,251000,358595,0.7,2026-05-31,0.34,,CLEAN,,3,[5/31 마감] 메가 개굴닌자 EX MUR,https://cafe.naver.com/cardmvk/600669,
0056352047ff4eaaa20f7f38b0cecc55,CRD_F95322AF0A1243D99F83,메가리자몽X ex,SAR,MEGA 확장팩 「인페르노X」,110/080,RAW,250000,389241,0.64,2026-05-17,0.24,,CLEAN,,3,한판 메가리자몽x sar 싱글 (5/17당일마감),https://cafe.naver.com/cardmvk/564901,
c0ed149341c4448ea3876c2d78cd0f79,CRD_BC23459C3A854031B8A0,메가망나뇽 ex,SAR,MEGA 하이클래스팩 「MEGA 드림 ex」,246/193,RAW,242000,301003,0.8,2026-06-02,0.52,,CLEAN,,3,(6/2마감) 메가망나뇽 sar  ccg10 블랙라벨,https://cafe.naver.com/cardmvk/606013,
8dcd604bec3d43f4bc03d6ff226de26e,CRD_F95322AF0A1243D99F83,메가리자몽X ex,SAR,MEGA 확장팩 「인페르노X」,110/080,RAW,240000,389241,0.62,2026-05-18,0.23,,CLEAN,,3,[5/18 마감] 한판 인페르노 메가리자몽 X ex sar 싱글 경매,https://cafe.naver.com/cardmvk/567890,
66f568af88404c07821a1c0082000aac,CRD_DF3A72B78E8141B1A0D2BED89B3B20EE,메가개굴닌자 EX,MUR,MEGA 확장팩 「닌자스피너」,120/083,RAW,240000,358595,0.67,2026-05-04,0.32,,CLEAN,,3,[5월4일 마감]한판 개굴닌자 mur 싱글,https://cafe.naver.com/cardmvk/528598,
c225a4fcaca04d0b93f6e5e3125fae21,CRD_F95322AF0A1243D99F83,메가리자몽X ex,SAR,MEGA 확장팩 「인페르노X」,110/080,RAW,230000,389241,0.59,2026-05-16,0.22,,CLEAN,,3,(5/16 마감) 메가리자몽x sar 싱글,https://cafe.naver.com/cardmvk/561810,
4ab591d45d394d179699b3cec1a50f79,CRD_F95322AF0A1243D99F83,메가리자몽X ex,SAR,MEGA 확장팩 「인페르노X」,110/080,RAW,221000,389241,0.57,2026-06-11,0.21,,CLEAN,,3,(6/11 마감) SV 인페르노X 메가리자몽x SAR 싱글카드,https://cafe.naver.com/cardmvk/628000,
ce91b7bb7c3b4f78b101e8dda3eca0e5,CRD_F95322AF0A1243D99F83,메가리자몽X ex,SAR,MEGA 확장팩 「인페르노X」,110/080,RAW,220000,389241,0.57,2026-05-26,0.21,,CLEAN,,3,(5월26일 마감) 메가리자몽 sar 싱글카드 경매,https://cafe.naver.com/cardmvk/588806,
4e4aec501de94fd4b8391a268034bfc5,CRD_DF3A72B78E8141B1A0D2BED89B3B20EE,메가개굴닌자 EX,MUR,MEGA 확장팩 「닌자스피너」,120/083,RAW,205000,358595,0.57,2026-05-22,0.28,,CLEAN,,3,(5월22일 마감) 개굴닌자 mur 싱글카드 경매,https://cafe.naver.com/cardmvk/577525,
435e121c485d460ea95a1b639de1105b,CRD_F95322AF0A1243D99F83,메가리자몽X ex,SAR,MEGA 확장팩 「인페르노X」,110/080,RAW,202000,389241,0.52,2026-05-13,0.19,,CLEAN,,3,(5월13일 마감) 인페르노 메가리자몽 sar 싱글카드 경매,https://cafe.naver.com/cardmvk/553933,
3c9068e9c05e4c9dbf0fa4f356f71517,CRD_269A7AD114DA491CA9AC,레시라무 ex,BWR,스칼렛&바이올렛 확장팩 「화이트플레어」,174/086,RAW,158000,140612,1.12,2026-06-05,0.39,,CLEAN,,3,(6/6 마감) 레시라무 bwr 싱글 경매,https://cafe.naver.com/cardmvk/613609,
a2064ac253de4397927834d6480737d2,CRD_487F923F9A884FFDBD8A,메가개굴닌자 ex,SAR,MEGA 확장팩 「닌자스피너」,114/083,RAW,155000,177656,0.87,2026-05-08,0.32,,CLEAN,,3,(5/8마감) 메가개굴닌자 sar,https://cafe.naver.com/cardmvk/540245,
4f5e9ead35174f188c3bd2d9e43ab4d4,CRD_43BC0926ACC14BDDAA6B,개굴닌자 ex,SAR,스칼렛&바이올렛 강화 확장팩 「크림슨헤이즈」,090/066,RAW,150000,106710,1.41,2026-05-08,0.48,,CLEAN,,3,(5/8 마감)닌자스피너 개굴닌자 sar,https://cafe.naver.com/cardmvk/540322,
c0b077950b7b461a99f2cb4ccf1d84db,CRD_269A7AD114DA491CA9AC,레시라무 ex,BWR,스칼렛&바이올렛 확장팩 「화이트플레어」,174/086,RAW,148000,140612,1.05,2026-04-28,0.37,,CLEAN,,3,(4/28 마감) 등급용 레시라무 bwr 싱글카드,https://cafe.naver.com/cardmvk/513685,
0d2488f484174705a0d9e514de981f25,CRD_32C64F60484E4801A991,메가루카리오 ex,MUR,MEGA 확장팩 「메가브레이브」,092/063,RAW,146000,197098,0.74,2026-05-27,0.36,,CLEAN,,3,(5/27 마감) 한판 메가루카리오 MUR 싱글카드 m1L 092/063,https://cafe.naver.com/cardmvk/591455,
9c160f368c524061a20ae15612139801,CRD_8F6DB567A7EF4D5F9742,제크로무 ex,BWR,스칼렛&바이올렛 확장팩 「블랙볼트」,174/086,RAW,141000,131156,1.08,2026-06-01,0.35,,CLEAN,,3,6/1 마감) 제크로무 BWR 싱글,https://cafe.naver.com/cardmvk/602307,
f5cc3853d4a84f7cb1b10d6f97cd3cf6,CRD_8F6DB567A7EF4D5F9742,제크로무 ex,BWR,스칼렛&바이올렛 확장팩 「블랙볼트」,174/086,RAW,135000,131156,1.03,2026-06-13,0.34,,CLEAN,,3,(6/13마감) 제크로무 bwr 한글판,https://cafe.naver.com/cardmvk/631461,
1182ab2f55f8483caae609172daec855,CRD_8F6DB567A7EF4D5F9742,제크로무 ex,BWR,스칼렛&바이올렛 확장팩 「블랙볼트」,174/086,RAW,135000,131156,1.03,2026-06-13,0.34,,CLEAN,,3,[6/13 토 마감] 블랙볼트 제크로무 BWR 싱글,https://cafe.naver.com/cardmvk/631311,
518d5c3908ad41ad9e87e73ef415a8df,CRD_43BC0926ACC14BDDAA6B,개굴닌자 ex,SAR,스칼렛&바이올렛 강화 확장팩 「크림슨헤이즈」,090/066,RAW,132000,106710,1.24,2026-05-14,0.42,,CLEAN,,3,(5/14 마감) 닌자스피너 개굴닌자 sar,https://cafe.naver.com/cardmvk/556911,
1ef73477cb5749e69455929559c0473e,CRD_487F923F9A884FFDBD8A,메가개굴닌자 ex,SAR,MEGA 확장팩 「닌자스피너」,114/083,RAW,126000,177656,0.71,2026-05-14,0.26,,CLEAN,,3,[5월14일 마감]메가 개굴닌자 sar,https://cafe.naver.com/cardmvk/556307,
442a6d29c70f4cc5be876c7600f16d15,CRD_7633E4DC01B743F4A4BC,메가팬텀 ex,SAR,MEGA 하이클래스팩 「MEGA 드림 ex」,240/193,RAW,125000,198263,0.63,2026-04-27,0.18,,CLEAN,,3,[4/28 화요일 마감] 메가드림 메가 팬텀 ex sar,https://cafe.naver.com/cardmvk/511827,
d2a61b29ae1d480cb903b9fa9fd980f8,CRD_8F6DB567A7EF4D5F9742,제크로무 ex,BWR,스칼렛&바이올렛 확장팩 「블랙볼트」,174/086,RAW,125000,131156,0.95,2026-05-15,0.31,,CLEAN,,3,(5/15마감) 제크로무 ex BWR 싱글카드,https://cafe.naver.com/cardmvk/558998,
cf962d9a7e894342a62ac909df6dae4b,CRD_269A7AD114DA491CA9AC,레시라무 ex,BWR,스칼렛&바이올렛 확장팩 「화이트플레어」,174/086,RAW,123000,140612,0.87,2026-04-27,0.3,,CLEAN,,3,(4/27 마감) 레시라무 bwr 싱글,https://cafe.naver.com/cardmvk/511115,
c0dc4053c0cd4c11aa0498731cc36668,CRD_43BC0926ACC14BDDAA6B,개굴닌자 ex,SAR,스칼렛&바이올렛 강화 확장팩 「크림슨헤이즈」,090/066,RAW,123000,106710,1.15,2026-05-12,0.39,,CLEAN,,3,(5/12 마감) 닌자스피너 개굴닌자 sar,https://cafe.naver.com/cardmvk/551647,
42b91b172aa445f89ea4aee7649fc1ba,CRD_487F923F9A884FFDBD8A,메가개굴닌자 ex,SAR,MEGA 확장팩 「닌자스피너」,114/083,RAW,122000,177656,0.69,2026-05-19,0.25,,CLEAN,,3,(5월/19일 마감) 한판 메가개굴닌자 SAR 싱글카드 ,https://cafe.naver.com/cardmvk/568815,
7d28a0cecc214905b132630bf5c663a9,CRD_3430850B62B446C68A45A9CFE3741141,메가지가르데 EX,MUR,MEGA 확장팩 「니힐제로」,117/080,RAW,120000,133659,0.9,2026-06-10,0.43,,CLEAN,,3,(6/10마감) 메가지가르데 MUR  ccg10 블랙라벨,https://cafe.naver.com/cardmvk/625285,
54139234b38c496e8eae367823f33eff,CRD_43BC0926ACC14BDDAA6B,개굴닌자 ex,SAR,스칼렛&바이올렛 강화 확장팩 「크림슨헤이즈」,090/066,RAW,119000,106710,1.12,2026-05-13,0.38,,CLEAN,,3,(5/13 마감) 닌자스피너 개굴닌자 Sar,https://cafe.naver.com/cardmvk/554380,
141b432af2a3411b9b92272cd69036b1,CRD_269A7AD114DA491CA9AC,레시라무 ex,BWR,스칼렛&바이올렛 확장팩 「화이트플레어」,174/086,RAW,115000,140612,0.82,2026-06-07,0.28,,CLEAN,,3,(6/7 당일마감) 한판 레시라무 BWR ,https://cafe.naver.com/cardmvk/618283,
f6f53ba6b6dc482d8b77114f8965a152,CRD_269A7AD114DA491CA9AC,레시라무 ex,BWR,스칼렛&바이올렛 확장팩 「화이트플레어」,174/086,RAW,110000,140612,0.78,2026-05-31,0.27,,CLEAN,,3,(5/31 마감) 레시라무 BWR 프리스틴10,https://cafe.naver.com/cardmvk/601809,
dd0d19447a6f4d0587fdcca64b4ed801,CRD_269A7AD114DA491CA9AC,레시라무 ex,BWR,스칼렛&바이올렛 확장팩 「화이트플레어」,174/086,RAW,107000,140612,0.76,2026-05-15,0.26,,CLEAN,,3,(5/15마감) 레시라무 ex BWR 싱글카드,https://cafe.naver.com/cardmvk/559012,
98b94683cef54fdd9e2feb68867baf03,CRD_487F923F9A884FFDBD8A,메가개굴닌자 ex,SAR,MEGA 확장팩 「닌자스피너」,114/083,RAW,96000,177656,0.54,2026-05-31,0.2,,CLEAN,,3,(05/31 마감) 메가 개굴닌자 sar 싱글카드 판매(사진확인 필수),https://cafe.naver.com/cardmvk/600533,
46357512574e4c32a8a6b13d0a5a7469,CRD_43BC0926ACC14BDDAA6B,개굴닌자 ex,SAR,스칼렛&바이올렛 강화 확장팩 「크림슨헤이즈」,090/066,RAW,93000,106710,0.87,2026-05-15,0.3,,CLEAN,,3,(5/15마감) 개굴닌자 sar,https://cafe.naver.com/cardmvk/557518,
703bdf65c3ad41de80abfec7bb4f77c9,CRD_269A7AD114DA491CA9AC,레시라무 ex,BWR,스칼렛&바이올렛 확장팩 「화이트플레어」,174/086,RAW,92000,140612,0.65,2026-05-30,0.23,,CLEAN,,3,(5/30 마감)레시라무 bwr,https://cafe.naver.com/cardmvk/599234,
f1640accfe7b413db82ed61f4d063a37,CRD_43BC0926ACC14BDDAA6B,개굴닌자 ex,SAR,스칼렛&바이올렛 강화 확장팩 「크림슨헤이즈」,090/066,RAW,86000,106710,0.81,2026-05-08,0.27,,CLEAN,,3,(5/9 마감) 개굴닌자 SAR [크림슨 헤이즈],https://cafe.naver.com/cardmvk/540614,
e166bfa2587a4ffea1bdf4922ef372d2,CRD_9C2FBC6E628A43679527,명희의 격려,SAR,MEGA 확장팩 「니힐제로」,115/080,RAW,85000,73392,1.16,2026-06-10,0.58,,CLEAN,,3,(06/10 마감) 명희의 격려 sar싱글,https://cafe.naver.com/cardmvk/625655,
aca17afe968d4a3291be73cc24df45f0,CRD_3430850B62B446C68A45A9CFE3741141,메가지가르데 EX,MUR,MEGA 확장팩 「니힐제로」,117/080,RAW,84000,133659,0.63,2026-06-04,0.3,,CLEAN,,3,6월4일마감)메가 지가르데 MUR,https://cafe.naver.com/cardmvk/609984,
6456777ebfe848ad9060ec5b82c1a28d,CRD_9C2FBC6E628A43679527,명희의 격려,SAR,MEGA 확장팩 「니힐제로」,115/080,RAW,83000,73392,1.13,2026-05-22,0.56,,CLEAN,,3,(5/22 금요일 마감) 명희의 격려 sar,https://cafe.naver.com/cardmvk/577892,
d7cfb5ab6085461eae4c59f9babba504,CRD_3430850B62B446C68A45A9CFE3741141,메가지가르데 EX,MUR,MEGA 확장팩 「니힐제로」,117/080,RAW,80000,133659,0.6,2026-05-20,0.29,,CLEAN,,3,(5/20 마감) 메가지가르데 mur 싱글카드 경매,https://cafe.naver.com/cardmvk/572056,
745189c6fb974bd09b31560328714711,CRD_27DD36DAE86F45C69DEB,메가가디안 ex,SAR,MEGA 확장팩 「메가심포니아」,087/063,RAW,80000,77362,1.03,2026-05-22,0.38,,CLEAN,,3,(05/22 마감) 메가가디안 sar 싱글,https://cafe.naver.com/cardmvk/577665,
68e320433e84446c9cf44ed4364bc60c,CRD_8F6DB567A7EF4D5F9742,제크로무 ex,BWR,스칼렛&바이올렛 확장팩 「블랙볼트」,174/086,RAW,80000,131156,0.61,2026-05-01,0.2,,CLEAN,,3,(5/1 마감) 블랙볼트 제크로무 bwr,https://cafe.naver.com/cardmvk/521894,
984b0414d2ad48599cb2adcd7672c3c6,CRD_89F870261BCE4E9C87D5,릴리에의 결심,SAR,MEGA 확장팩 「메가브레이브」,090/063,RAW,77000,82176,0.94,2026-05-15,0.32,,CLEAN,,3,[5/15일 마감] 릴리에의 결심 sar 싱글,https://cafe.naver.com/cardmvk/559142,
0f802c2e8df9468181e7456c13679abc,CRD_89F870261BCE4E9C87D5,릴리에의 결심,SAR,MEGA 확장팩 「메가브레이브」,090/063,RAW,75000,82176,0.91,2026-05-04,0.31,,CLEAN,,3,(5/4 마감) 릴리에의 결심 sar,https://cafe.naver.com/cardmvk/528166,
26b4ee8602194d60b9d2ef990cba95aa,CRD_9C2FBC6E628A43679527,명희의 격려,SAR,MEGA 확장팩 「니힐제로」,115/080,RAW,75000,73392,1.02,2026-05-18,0.51,,CLEAN,,3,(5/18 마감) 명희의 격려 sar 싱글,https://cafe.naver.com/cardmvk/566452,
8b309fc5a62b4e64b9db8a0318dc8e04,CRD_CBD74C6D3997478C92A5,릴리에의 삐삐 ex,SAR,스칼렛&바이올렛 확장팩 「배틀파트너즈」,126/100,RAW,75000,70040,1.07,2026-05-20,0.39,,CLEAN,,3,(5/20마감)100덱 릴리에의 삐삐 싱글 sar ,https://cafe.naver.com/cardmvk/573144,
33e74411fa6243589552588e032daaf0,CRD_69525AAF5E3C4C99AB79,난천의 한카리아스 ex,SAR,스칼렛&바이올렛 강화 확장팩 「열풍의 아레나」,087/063,RAW,71000,55686,1.28,2026-05-14,0.23,,CLEAN,,3,(05/14 마감) 난천의 한카리아스 sar,https://cafe.naver.com/cardmvk/556230,
211fa2ef8ff94d77bb4c2ba5405e86dd,CRD_0400517F2E89441EAC81,거북왕 ex,SAR,스칼렛&바이올렛 강화 확장팩 「포켓몬 카드 151」,202/165,RAW,70000,83787,0.84,2026-06-11,0.31,,CLEAN,,3,(6/11 마감) 151 거북왕 sar,https://cafe.naver.com/cardmvk/628050,
fb186ae546214aa1b7b72292c949301b,CRD_9C2FBC6E628A43679527,명희의 격려,SAR,MEGA 확장팩 「니힐제로」,115/080,RAW,70000,73392,0.95,2026-05-16,0.47,,CLEAN,,3,(5/16 마감) M3 명희의 격려 SAR 경매,https://cafe.naver.com/cardmvk/560103,
3637af805dbd4e6c84abcaf5a55b6922,CRD_CBD74C6D3997478C92A5,릴리에의 삐삐 ex,SAR,스칼렛&바이올렛 확장팩 「배틀파트너즈」,126/100,RAW,66000,70040,0.94,2026-05-22,0.35,,CLEAN,,3,(5/22 마감) 한판 릴리에의 삐삐 SAR 싱글카드 sv9,https://cafe.naver.com/cardmvk/577275,
f4bdc2cb15d34cda985ae538feee9717,CRD_053F45EBABE44DD09C9B,잉어킹,AR,포켓몬 카드 게임 스칼렛&바이올렛 강화 확장팩 「트리플렛비트」,080/073,RAW,65000,45190,1.44,2026-05-16,0.25,,CLEAN,,3,(5/16 마감) 잉어킹 AR A-급,https://cafe.naver.com/cardmvk/560049,
18b063f9ab1d46ad90f76d42965f9f5c,CRD_B28E6145CF994B09905F,로켓단의 파이어 ex,SAR,스칼렛&바이올렛 확장팩 「로켓단의 영광」,124/098,RAW,65000,48360,1.34,2026-05-16,0.49,,CLEAN,,3,(5/16마감) 루카리오 파이어 sar 등급용 싱글 경매,https://cafe.naver.com/cardmvk/561197,
6bf4a917b0184864909751334a02204a,CRD_27DD36DAE86F45C69DEB,메가가디안 ex,SAR,MEGA 확장팩 「메가심포니아」,087/063,RAW,65000,77362,0.84,2026-05-16,0.31,,CLEAN,,3,(5/16 마감) 열풍/ 메가가디안 SAR 등급용 경매,https://cafe.naver.com/cardmvk/562261,
b83ea4d39c7a40abace5830399e9c6de,CRD_89F870261BCE4E9C87D5,릴리에의 결심,SAR,MEGA 확장팩 「메가브레이브」,090/063,RAW,65000,82176,0.79,2026-05-22,0.27,,CLEAN,,3,(05/22 마감) 릴리에의 결심 sar 싱글,https://cafe.naver.com/cardmvk/577663,
debc40d60e8d482d9d2186ab247311a4,CRD_9C2FBC6E628A43679527,명희의 격려,SAR,MEGA 확장팩 「니힐제로」,115/080,RAW,64000,73392,0.87,2026-06-05,0.43,,CLEAN,,3,(6/5마감) 명희의 격려 sar 경매,https://cafe.naver.com/cardmvk/612735,
2ae97e37f0934d7aaf312ff442d02085,CRD_EFFAAF3652A343819720,이슬&칸나,SR,썬&문 하이클래스팩 「TAG TEAM GX 태그올스타즈」,198/173,RAW,63000,46172,1.36,2026-05-22,0.11,,CLEAN,,3,(5/22마감)태그팀 이슬&칸나 SR특일,https://cafe.naver.com/cardmvk/577936,
9e0dedaa35c1400f9e3eb1ae62638770,CRD_CBD74C6D3997478C92A5,릴리에의 삐삐 ex,SAR,스칼렛&바이올렛 확장팩 「배틀파트너즈」,126/100,RAW,62000,70040,0.89,2026-05-24,0.32,,CLEAN,,3,(05/24 당일마감) 릴리에의 삐삐 SAR,https://cafe.naver.com/cardmvk/582600,
5e3bb774f2ce43de92d84c77fafb5936,CRD_0400517F2E89441EAC81,거북왕 ex,SAR,스칼렛&바이올렛 강화 확장팩 「포켓몬 카드 151」,202/165,RAW,62000,83787,0.74,2026-06-12,0.27,,CLEAN,,3,(6/12일 마감) 151 거북왕 sar 싱글카드 경매,https://cafe.naver.com/cardmvk/630086,
d5eac4cff6944543b055f89110c9eb5c,CRD_0400517F2E89441EAC81,거북왕 ex,SAR,스칼렛&바이올렛 강화 확장팩 「포켓몬 카드 151」,202/165,RAW,61000,83787,0.73,2026-05-10,0.27,,CLEAN,,3,(5/10 마감)151 거북왕 sar 싱글,https://cafe.naver.com/cardmvk/545784,
7a92a833992f47e2bacaf6a5835357c3,CRD_89F870261BCE4E9C87D5,릴리에의 결심,SAR,MEGA 확장팩 「메가브레이브」,090/063,RAW,61000,82176,0.74,2026-05-28,0.25,,CLEAN,,3,(05/28 마감) 릴리에의 결심 sar 싱글,https://cafe.naver.com/cardmvk/594227,
90487b4dbccc4e778b6af03e27b7832e,CRD_CBD74C6D3997478C92A5,릴리에의 삐삐 ex,SAR,스칼렛&바이올렛 확장팩 「배틀파트너즈」,126/100,RAW,60000,70040,0.86,2026-05-01,0.31,,CLEAN,,3,[5.1 마감] 릴리에의 삐삐 sar 0원경매,https://cafe.naver.com/cardmvk/520102,
eb2ed1c4ae4b42d88418f41fc1aa71d3,CRD_2936DD31DD3F4679992B,팬텀&따라큐 GX,RR,썬&문 확장팩 「태그볼트」,038/095,RAW,55000,89725,0.61,2026-04-28,0.38,,CLEAN,,3,(4/28마감)팬텀 따라큐 특일 rr,https://cafe.naver.com/cardmvk/513923,
3437d65ff2ac4948b2691698eae483f5,CRD_053F45EBABE44DD09C9B,잉어킹,AR,포켓몬 카드 게임 스칼렛&바이올렛 강화 확장팩 「트리플렛비트」,080/073,RAW,55000,45190,1.22,2026-05-24,0.21,,CLEAN,,3,(5/24마감) 잉어킹 ar,https://cafe.naver.com/cardmvk/584013,
b41e16b1e71844a287d888243d78dc93,CRD_053F45EBABE44DD09C9B,잉어킹,AR,포켓몬 카드 게임 스칼렛&바이올렛 강화 확장팩 「트리플렛비트」,080/073,RAW,55000,45190,1.22,2026-05-27,0.21,,CLEAN,,3,[5/27 오늘마감] 잉어킹 AR CCG10 프리스틴 1000원 경매,https://cafe.naver.com/cardmvk/591901,
8e2817423a9b4f588f748b06f71e8f5d,CRD_053F45EBABE44DD09C9B,잉어킹,AR,포켓몬 카드 게임 스칼렛&바이올렛 강화 확장팩 「트리플렛비트」,080/073,RAW,54000,45190,1.19,2026-04-27,0.21,,CLEAN,,3,(4/27마감) 신지칸다 잉어킹 ar,https://cafe.naver.com/cardmvk/511905,
488e7ab9e29a476b993f8a78a323784b,CRD_053F45EBABE44DD09C9B,잉어킹,AR,포켓몬 카드 게임 스칼렛&바이올렛 강화 확장팩 「트리플렛비트」,080/073,RAW,53000,45190,1.17,2026-04-28,0.2,,CLEAN,,3,(4.28마감) 신지칸다 잉어킹 AR 싱글,https://cafe.naver.com/cardmvk/514304,
70692839f92f49ba81efe07a41be8d56,CRD_89F870261BCE4E9C87D5,릴리에의 결심,SAR,MEGA 확장팩 「메가브레이브」,090/063,RAW,52000,82176,0.63,2026-06-08,0.21,,CLEAN,,3,(6/8 마감) 릴리에의 결심 sar ,https://cafe.naver.com/cardmvk/621068,
2e2eb6f518914b26a6549ec0a7a830a2,CRD_053F45EBABE44DD09C9B,잉어킹,AR,포켓몬 카드 게임 스칼렛&바이올렛 강화 확장팩 「트리플렛비트」,080/073,RAW,50000,45190,1.11,2026-05-08,0.19,,CLEAN,,3,(5/9 마감) 잉어킹 AR [트리플렛 비트],https://cafe.naver.com/cardmvk/540612,
da776cb141bf448bb8fce560b18e1d9e,CRD_053F45EBABE44DD09C9B,잉어킹,AR,포켓몬 카드 게임 스칼렛&바이올렛 강화 확장팩 「트리플렛비트」,080/073,RAW,50000,45190,1.11,2026-04-30,0.19,,CLEAN,,3,(4/30마감)신지칸다 잉어킹 ar 싱글,https://cafe.naver.com/cardmvk/518230,
f56d865f4ed44d9793f98492015215cf,CRD_0400517F2E89441EAC81,거북왕 ex,SAR,스칼렛&바이올렛 강화 확장팩 「포켓몬 카드 151」,202/165,RAW,50000,83787,0.6,2026-05-22,0.22,,CLEAN,,3,(5/22 마감) 151 거북왕 sar(재경매),https://cafe.naver.com/cardmvk/578316,
acf1cf3b6fa240c7a9e23cfe05a3b666,CRD_482EA800F7DE4871AD8A,뮤츠 VSTAR,SAR,소드&실드 하이클래스팩 「VSTAR 유니버스」,221/172,RAW,43000,102306,0.42,2026-05-30,0.21,,CLEAN,,3,[5/30 마감] 뮤츠 vstar SAR 싱글 1000원경매,https://cafe.naver.com/cardmvk/598705,
c8529867494a41b1af720d961350e00a,CRD_4DC3694C7B5E49B7A1A8,제크로무 ex,SAR,스칼렛&바이올렛 확장팩 「블랙볼트」,169/086,RAW,43000,85897,0.5,2026-05-21,0.19,,CLEAN,,3,(5/21 마감) 블랙볼트 제크로무 SAR,https://cafe.naver.com/cardmvk/574106,
ff1ea90641d945f8b5fbb4ab6f080dda,CRD_0400517F2E89441EAC81,거북왕 ex,SAR,스칼렛&바이올렛 강화 확장팩 「포켓몬 카드 151」,202/165,RAW,42000,83787,0.5,2026-05-12,0.18,,CLEAN,,3,(5/12 마감) 151 거북왕 sar,https://cafe.naver.com/cardmvk/551597,
4e33754035694aa99ed41983420c6541,CRD_9AD6FE24D3594D17A130,에브이 ex,SAR,스칼렛&바이올렛 하이클래스팩 「테라스탈 페스타 ex」,211/187,RAW,42000,110389,0.38,2026-05-21,0.34,,CLEAN,,3,(5/21 마감) 한판 테라스탈 에브이 SAR 싱글카드 테라스탈페스타 등급용 sv8a,https://cafe.naver.com/cardmvk/574055,
3d03ddf7aea64ef1a61f3ec700571282,CRD_482EA800F7DE4871AD8A,뮤츠 VSTAR,SAR,소드&실드 하이클래스팩 「VSTAR 유니버스」,221/172,RAW,41000,102306,0.4,2026-06-07,0.2,,CLEAN,,3,(6/7 마감) Vstar 뮤츠 SAR 특일 등급용,https://cafe.naver.com/cardmvk/618297,
7e151607dd57402c82081637459df9f1,CRD_DCF9C516EF5F46D3A23A,메가루카리오 ex,SAR,MEGA 확장팩 「메가브레이브」,088/063,RAW,40000,83437,0.48,2026-05-19,0.28,,CLEAN,,3,(5/19 마감) 메가루카리오 sar 싱글카드 경매,https://cafe.naver.com/cardmvk/569501,
b831c794a962463f942114f746e371b8,CRD_482EA800F7DE4871AD8A,뮤츠 VSTAR,SAR,소드&실드 하이클래스팩 「VSTAR 유니버스」,221/172,RAW,40000,102306,0.39,2026-05-09,0.19,,CLEAN,,3,(5/9 마감)뮤츠 vstar sar,https://cafe.naver.com/cardmvk/542744,
8900223f8b894ba2927abf05e77eb3a7,CRD_EFCB23BB10864CE3BB7F,레시라무 ex,SAR,스칼렛&바이올렛 확장팩 「화이트플레어」,168/086,RAW,39000,78848,0.49,2026-06-10,0.19,,CLEAN,,3,(6/10마감)화이트플레어 레시라무 sar,https://cafe.naver.com/cardmvk/625678,
ce69ed0a46274335992fe440b8693ca7,CRD_5BDD62DBF28CF0E30ECD,쥬피썬더 ex,SAR,스칼렛&바이올렛 하이클래스팩 「테라스탈 페스타 ex」,209/187,RAW,35000,70268,0.5,2026-05-14,0.48,,CLEAN,,3,(05/14 마감) 쥬피썬더 sar,https://cafe.naver.com/cardmvk/556849,
2166deaded9844c7b68c5d1608384353,CRD_DCF9C516EF5F46D3A23A,메가루카리오 ex,SAR,MEGA 확장팩 「메가브레이브」,088/063,RAW,35000,83437,0.42,2026-05-20,0.25,,CLEAN,,3,(5/20 마감) 메가브레이브 메가루카리오 SAR 경매,https://cafe.naver.com/cardmvk/571220,
74604ff0b37f40c38fa0b26414de5edf,CRD_CBD74C6D3997478C92A5,릴리에의 삐삐 ex,SAR,스칼렛&바이올렛 확장팩 「배틀파트너즈」,126/100,RAW,35000,70040,0.5,2026-05-20,0.18,,CLEAN,,3,(5/20 마감) 릴리에의 삐삐 sar,https://cafe.naver.com/cardmvk/572691,
e05a0547783a46c8a4ed403229e14acd,CRD_9AD6FE24D3594D17A130,에브이 ex,SAR,스칼렛&바이올렛 하이클래스팩 「테라스탈 페스타 ex」,211/187,RAW,33000,110389,0.3,2026-06-03,0.27,,CLEAN,,3,(6/3일마감) 테라스탈페스타 에브이 SAR 싱글 경매,https://cafe.naver.com/cardmvk/609054,
565542531e1b4c4a80baf1271e3cb744,CRD_AA19A54D13CC49198C77,오리진 디아루가 VSTAR,UR,소드&실드 하이클래스팩 「VSTAR 유니버스」,260/172,RAW,31000,68769,0.45,2026-05-06,0.2,,CLEAN,,3,(5/6마감) 오리진 디아루가 Vstar UR (사신) 싱글,https://cafe.naver.com/cardmvk/535451,
fd500fccdc324b5abefca7fbb5e3dd2b,CRD_B44585853A93C37F791B552F69C70AA6,맥도날드 피카츄,PR,일본 독점 프로모,020/MP,RAW,29000,58175,0.5,2026-05-26,0.5,,CLEAN,,3,(5/26 마감) 맥도날드 프로모 랄토스 ccg 10,https://cafe.naver.com/cardmvk/588460,
a2e1b5e383a74847825ed56e97fd6adf,CRD_EFCB23BB10864CE3BB7F,레시라무 ex,SAR,스칼렛&바이올렛 확장팩 「화이트플레어」,168/086,RAW,28000,78848,0.36,2026-05-19,0.13,,CLEAN,,3,(05/19 마감) 레시라무 sar,https://cafe.naver.com/cardmvk/569614,
ad43aa65e2044dab9f87f178ef2d829c,CRD_C1ED974D21D945F6AE35,아쿠아단의 가이오가 EX,RR,XY 확장팩 「마그마단vs아쿠아단 더블크라이시스」,006/034,RAW,28000,142992,0.2,2026-05-08,0.07,,CLEAN,,3,(5/8마감) 아쿠아단의 가이오가Ex 싱글,https://cafe.naver.com/cardmvk/540420,
b3cf42608d3d4a769d5bf1cb2793d8d3,CRD_5BDD62DBF28CF0E30ECD,쥬피썬더 ex,SAR,스칼렛&바이올렛 하이클래스팩 「테라스탈 페스타 ex」,209/187,RAW,28000,70268,0.4,2026-05-30,0.39,,CLEAN,,3,(5/30 마감) 쥬피썬더 SAR 싱글 카드,https://cafe.naver.com/cardmvk/596989,
9d44d6748ca1490b96bd627f94e6772a,CRD_DCF9C516EF5F46D3A23A,메가루카리오 ex,SAR,MEGA 확장팩 「메가브레이브」,088/063,RAW,27000,83437,0.32,2026-05-05,0.19,,CLEAN,,3,(5/5 마감) 메가 루카리오 sar 싱글,https://cafe.naver.com/cardmvk/532628,
d493d0d4ccc6434a86d54d456f68abd6,CRD_5BDD62DBF28CF0E30ECD,쥬피썬더 ex,SAR,스칼렛&바이올렛 하이클래스팩 「테라스탈 페스타 ex」,209/187,RAW,27000,70268,0.38,2026-05-29,0.37,,CLEAN,,3,(5/29 마감) 테라스탈 쥬피썬더 sar 싱글,https://cafe.naver.com/cardmvk/596283,
85b94e6d4cd74319be40210b5e7bdcc1,CRD_0400517F2E89441EAC81,거북왕 ex,SAR,스칼렛&바이올렛 강화 확장팩 「포켓몬 카드 151」,202/165,RAW,25000,83787,0.3,2026-06-13,0.11,,CLEAN,,3,(6/13일 마감) 151 거북왕 sar 싱글카드 경매,https://cafe.naver.com/cardmvk/632385,
8fda37f1604040d081cd74793de8f2a2,CRD_4DC3694C7B5E49B7A1A8,제크로무 ex,SAR,스칼렛&바이올렛 확장팩 「블랙볼트」,169/086,RAW,25000,85897,0.29,2026-05-07,0.11,,CLEAN,,3,(5/7 마감) 블랙볼트 제크로무 sar,https://cafe.naver.com/cardmvk/537897,
e9f0b2e0d83b451bbbc9ac5f28772f96,CRD_B6F05ABED7AE47BAAD56,카밀레의 반짝임 [서포트/퓨전],SR,소드&실드 하이클래스팩 「VSTAR 유니버스」,249/172,RAW,23000,17943,1.28,2026-05-07,0.9,JP_SUSPECT,REVIEW,,3,(5/7마감) 트레이너스 서포트 SR카드 총16장 싱글,https://cafe.naver.com/cardmvk/537995,
b1f27a0dac024b61984b28cadb52972f,CRD_4DC3694C7B5E49B7A1A8,제크로무 ex,SAR,스칼렛&바이올렛 확장팩 「블랙볼트」,169/086,RAW,23000,85897,0.27,2026-06-10,0.1,,CLEAN,,3,(6/10마감)블랙볼트 제크로무 sar,https://cafe.naver.com/cardmvk/625669,
2478d87007b943cc9bbce7f1df17f2fc,CRD_B6CF092809C341D6B60F,미모사,SAR,포켓몬 카드 게임 스칼렛&바이올렛 확장팩 「바이올렛 ex」,104/078,RAW,22000,10159,2.17,2026-05-13,0.16,,CLEAN,,3,(05/13 마감) 미모사 SAR 싱글,https://cafe.naver.com/cardmvk/553520,
9ba246b7327d49b9bd5d1f995cf80804,CRD_D2A40714424C4D3E9F8C,비주기의 계획,SR,XY BREAK 확장팩 제8탄 「붉은 섬광」,064/059,RAW,22000,4911,4.48,2026-05-28,0.16,,CLEAN,,3,(5/28 마감) XY 비주기의 계획 SR 앨범용,https://cafe.naver.com/cardmvk/592300,
8edf03f47973493e8d30da948b4add8d,CRD_AA19A54D13CC49198C77,오리진 디아루가 VSTAR,UR,소드&실드 하이클래스팩 「VSTAR 유니버스」,260/172,RAW,22000,68769,0.32,2026-05-01,0.14,,CLEAN,,3,(5월01일 마감) 오리진 디아루가 V STAR UR s12a,https://cafe.naver.com/cardmvk/521839,
9eae595f8a2a4f2b8a78f119a6cfb5bc,CRD_94EFF45E92BE40FB9155,빛나는 지라치,A,썬&문 강화 확장팩 「빛나는 전설」,043/072,RAW,20000,13346,1.5,2026-05-18,,,CLEAN,,3,[05/18일 마감] 빛나는 지라치 등 4종,https://cafe.naver.com/cardmvk/567482,
767af6bd5ca14883b31a08f0e6e530df,CRD_31985982AAFB4AECA49A,레쿠쟈 VMAX,HR,소드 & 실드 확장팩 「창공스트림」,082/067,RAW,20000,47178,0.42,2026-05-20,0.18,,CLEAN,,3,(5/20 당일마감) 레쿠쟈 vmax hr 경매,https://cafe.naver.com/cardmvk/573212,
4cc1beb3b4554db98d1f2371c8f53adc,CRD_8E3889CE3AAF4DB6B6D3,규리의 눈빛,SAR,스칼렛&바이올렛 확장팩 「초전브레이커」,134/106,RAW,19000,11469,1.66,2026-05-30,0.6,,CLEAN,,3,(5/30마감) 초전브레이커 규리의 뉴빛 sar,https://cafe.naver.com/cardmvk/599068,
5e8fe59cb54e4831b09aab825f8e5d5c,CRD_D51E4A66843B4E17B6F8,메로엣타,AR,스타터 세트 MEGA 「메가디안시 ex」,022/021,RAW,18000,7621,2.36,2026-05-03,,,CLEAN,,3,(05/03일마감) 디안시 스타터 덱 메로엣타 ar tag10,https://cafe.naver.com/cardmvk/526732,
de7d258590cc47df858895da9fd01b87,CRD_5BDD62DBF28CF0E30ECD,쥬피썬더 ex,SAR,스칼렛&바이올렛 하이클래스팩 「테라스탈 페스타 ex」,209/187,RAW,18000,70268,0.26,2026-05-22,0.25,,CLEAN,,3,[5.22마감] 테라스탈 쥬피썬더 sar ,https://cafe.naver.com/cardmvk/578042,
6ffb31c4d98846edbe9866edad925480,CRD_A2F9A6312DF44494B8FF,카일리,SR,썬&문 강화 확장팩 「플라스마 스파크」,066/060,RAW,17000,5915,2.87,2026-04-27,0.22,,CLEAN,,3,(4/27마감) 썬문 카일리 sr,https://cafe.naver.com/cardmvk/511768,
afe8b75a8c744faaac313876fe8b1489,CRD_B44585853A93C37F791B552F69C70AA6,맥도날드 피카츄,PR,일본 독점 프로모,020/MP,RAW,16000,58175,0.28,2026-05-08,0.28,,CLEAN,,3,(05/08 당일마감) 맥도날드 시리즈 1000원 경매,https://cafe.naver.com/cardmvk/540085,
3c89737dba654dc3abd0f04830b6f4b9,CRD_F14BD93ACD694043B8B1,성호의 메타그로스 ex,SAR,MEGA 하이클래스팩 「MEGA 드림 ex」,245/193,RAW,16000,36182,0.44,2026-06-06,0.28,,CLEAN,,3,(6월6일마감) 성호의 메타그로스 sar,https://cafe.naver.com/cardmvk/615963,
102eb8fc8467478ca6e6842d2881592e,CRD_5BDD62DBF28CF0E30ECD,쥬피썬더 ex,SAR,스칼렛&바이올렛 하이클래스팩 「테라스탈 페스타 ex」,209/187,RAW,16000,70268,0.23,2026-05-31,0.22,,CLEAN,,3,(5/31 마감) 테라스탈 쥬피썬더 sar,https://cafe.naver.com/cardmvk/601535,
b38c3a52105f4636aaa2e5e571b1cb5e,CRD_3C91F57ABFE0494F9FEE,메가이상해꽃 ex,SAR,MEGA 확장팩 「메가브레이브」,087/063,RAW,16000,64353,0.25,2026-05-02,0.14,,CLEAN,,3,(5/2 마감) [한판] 메가브레이브 메가이상해꽃 SAR 싱글,https://cafe.naver.com/cardmvk/524078,
9febe6108fa842bebd6ef53df5a693e2,CRD_76057B536C1E494D9DD9,리자몽 ex,SSR,스칼렛&바이올렛 하이클래스팩 「샤이니트레저 ex」,331/190,RAW,15000,9797,1.53,2026-05-08,0.58,,CLEAN,,3,(5/8 마감) 샤트 리자몽 EX SSR sv4a 경매,https://cafe.naver.com/cardmvk/539548,
b27ccd7b320c49e59a4fd8d15be5dbde,CRD_9AD6FE24D3594D17A130,에브이 ex,SAR,스칼렛&바이올렛 하이클래스팩 「테라스탈 페스타 ex」,211/187,RAW,15000,110389,0.14,2026-05-20,0.12,,CLEAN,,3,(5/20 마감) 테라스탈 에브이 sar,https://cafe.naver.com/cardmvk/573436,
51dfa9e5751049779426b7d35f17d005,CRD_3A1614A1D6F443708387,수댕이,AR,스칼렛&바이올렛 확장팩 「화이트플레어」,102/086,RAW,15000,32367,0.46,2026-06-09,0.18,,CLEAN,,3,(6/9 마감) Bw 네네치킨 홀로 수댕이 프로모(3종 세트 같이 경매중입니다),https://cafe.naver.com/cardmvk/623416,
095db656a15944e4983cfacefa9eda47,CRD_1FC4B3E18BB94A0EB6CC,아머드 뮤츠,SM-P,극장판 포켓몬스터 「뮤츠의 역습 EVOLUTION」 극장선물,196/SM-P,RAW,15000,120462,0.12,2026-05-11,0.12,,CLEAN,,3,(5/11마감) [한판] 뮤츠의 역습 아머드 뮤츠 프로모,https://cafe.naver.com/cardmvk/548287,
a6db84624a3f46f3a243b14bb263770b,CRD_B078B8FB2EB6415A85B6,어니부기,AR,스칼렛&바이올렛 강화 확장팩 「포켓몬 카드 151」,171/165,RAW,14000,38904,0.36,2026-05-24,0.52,,CLEAN,,3,(5/24마감) 151거북왕/어니부기 세트,https://cafe.naver.com/cardmvk/584141,
52f9e8c2dcc44b12858938f8cd35ddba,CRD_E1A0B45DD087457B9796,로켓단의 니드킹 ex,SAR,스칼렛&바이올렛 확장팩 「로켓단의 영광」,126/098,RAW,14000,42536,0.33,2026-05-01,0.12,,CLEAN,,3,(5/1 마감) 로켓단의 니드킹 SAR [천원 경매],https://cafe.naver.com/cardmvk/521086,
641071025f204728b7a482f969b5e7fb,CRD_CBD74C6D3997478C92A5,릴리에의 삐삐 ex,SAR,스칼렛&바이올렛 확장팩 「배틀파트너즈」,126/100,RAW,14000,70040,0.2,2026-05-10,0.07,,CLEAN,,3,(5/10일마감) 릴리에의 삐삐 sar 경매,https://cafe.naver.com/cardmvk/546054,
55eef5cd5e334d7dafc06e25cbfc1f03,CRD_51D5975726974B7B8758,트래피더 ex,SAR,포켓몬 카드 게임 스칼렛&바이올렛 확장팩 「바이올렛 ex」,101/078,RAW,13000,8474,1.53,2026-05-24,0.56,,CLEAN,,3,(5/25마감) 트래피더 sar ccg10,https://cafe.naver.com/cardmvk/584002,
483be2362dc349ef852147073ab73e3c,CRD_5836A136DD3E47DB8AE1,치라치노 ex,SAR,MEGA 확장팩 「닌자스피너」,117/083,RAW,13000,28378,0.46,2026-06-10,0.17,,CLEAN,,3,(6/10 마감) 치라치노 SAR 경매,https://cafe.naver.com/cardmvk/625081,
f9711678a96f475caf79eb9f97e38b80,CRD_157F33DF43A34D268793,두빅굴,AR,스칼렛&바이올렛 확장팩 「블랙볼트」,109/086,RAW,13000,30487,0.43,2026-05-11,0.12,,CLEAN,,3,신지칸다 두빅굴 ar (5/11마감),https://cafe.naver.com/cardmvk/546458,
7884d223b15d4698928676b28aa3ba70,CRD_5836A136DD3E47DB8AE1,치라치노 ex,SAR,MEGA 확장팩 「닌자스피너」,117/083,RAW,13000,28378,0.46,2026-05-18,0.17,,CLEAN,,3,(5/19마감) 치라치노 sar 1,https://cafe.naver.com/cardmvk/567778,
348e34b3d9b94944945285ecb872028b,CRD_9B7BDD57CE984638AD11,다크라이 VSTAR,SAR,소드&실드 하이클래스팩 「VSTAR 유니버스」,228/172,RAW,13000,34107,0.38,2026-06-13,0.14,,CLEAN,,3,(6/13일 마감) Vstar 유니버스 다크라이 sar 싱글카드 경매,https://cafe.naver.com/cardmvk/632407,
dfde2bf5880d40639ae73bcc9602b1ef,CRD_E1A0B45DD087457B9796,로켓단의 니드킹 ex,SAR,스칼렛&바이올렛 확장팩 「로켓단의 영광」,126/098,RAW,12000,42536,0.28,2026-05-20,0.1,,CLEAN,,3,(5/20 마감) 로켓단의 니드킹 SAR 싱글 경매,https://cafe.naver.com/cardmvk/573018,
3e249ba1779f4d37bb268b46d5cf2061,CRD_9164D7095AC54C06BE66,피카츄 VMAX,UR,소드&실드 하이클래스팩 「VMAX 클라이맥스」,279/184,RAW,12000,27068,0.44,2026-06-12,0.2,,CLEAN,,3,(6/12마감) 피카츄 vmax ur 싱글카드,https://cafe.naver.com/cardmvk/630276,
421a56ced5b24de88464244e98518e67,CRD_2284D5AE23CD4A559E27,이슬의 고라파덕,AR,스칼렛&바이올렛 강화 확장팩 「열풍의 아레나」,071/063,RAW,12000,25359,0.47,2026-05-23,0.18,,CLEAN,,3,(5/23마감) 이슬의 고라파덕 AR,https://cafe.naver.com/cardmvk/580900,
d2863970ec5143a99ad5a1bdf6656dc0,CRD_71B943080D4E4023A1B4,피카츄 ex,UR,스칼렛&바이올렛 확장팩 「초전브레이커」,136/106,RAW,12000,39661,0.3,2026-05-09,0.14,,CLEAN,,3,(5/9 마감) 테라스탈 피카츄 ex UR,https://cafe.naver.com/cardmvk/543131,
7755e988ddb44c869489a839b0504601,CRD_E5E93E5E67D8453083FA,라우드본 ex,SAR,포켓몬 카드 게임 스칼렛&바이올렛 강화 확장팩 「트리플렛비트」,097/073,RAW,12000,25633,0.47,2026-05-09,0.17,,CLEAN,,3,[5/9 마감] 라우드본 ex sar 싱글카드,https://cafe.naver.com/cardmvk/543025,
a0c0464769504e6bb26b78d39140b01e,CRD_B44585853A93C37F791B552F69C70AA6,맥도날드 피카츄,PR,일본 독점 프로모,020/MP,RAW,12000,58175,0.21,2026-04-30,0.21,,CLEAN,,3,(4/30 마감) 맥도날드 피카츄 프로모 (피카츄뺴고 나머지 7종),https://cafe.naver.com/cardmvk/518154,
5fe7fd225ead4b008fa5d8171e689915,CRD_5836A136DD3E47DB8AE1,치라치노 ex,SAR,MEGA 확장팩 「닌자스피너」,117/083,RAW,12000,28378,0.42,2026-05-18,0.16,,CLEAN,,3,(5/19 마감) 치라치노 sar 2,https://cafe.naver.com/cardmvk/567814,
faa60a23a3dd48d3b74e56fae778bac9,CRD_4DC3694C7B5E49B7A1A8,제크로무 ex,SAR,스칼렛&바이올렛 확장팩 「블랙볼트」,169/086,RAW,12000,85897,0.14,2026-05-30,0.05,,CLEAN,,3,(5/30 마감) 제크로무 ex SAR 경매,https://cafe.naver.com/cardmvk/598741,
8729908e925d4377a7752b38f2a3aa8b,CRD_BBC2E062E3384B639FA8,후딘 ex,SAR,스칼렛&바이올렛 강화 확장팩 「포켓몬 카드 151」,203/165,RAW,11000,32910,0.33,2026-05-27,0.12,,CLEAN,,3,[5/28마감] 후딘 sar,https://cafe.naver.com/cardmvk/591565,
92518cdd00044922901d2765cc7b7da8,CRD_6B3F6BFCB5834D188F85,팬텀,CHR,소드&실드 강화 확장팩 「다크판타스마」,074/071,RAW,11000,58383,0.19,2026-06-06,0.18,,CLEAN,,3,(6/7 마감) 팬텀 chr 1000원 경매,https://cafe.naver.com/cardmvk/616112,
a0e9badd0edf479e858d909644754c5d,CRD_604492DE52EA4B7F81F6,메가캥카 ex,SAR,MEGA 확장팩 「메가심포니아」,089/063,RAW,11000,24369,0.45,2026-05-06,0.25,,CLEAN,,3,[5/6마감]메가캥카 sar,https://cafe.naver.com/cardmvk/535253,
dec7deaf1bf244a794b9e03e4658facb,CRD_BB580CF2765F4C48B7BB,피아나의 결의,HR,소드 & 실드 확장팩 「창공스트림」,086/067,RAW,11000,3347,3.29,2026-06-13,0.4,,CLEAN,,3,(6/13 마감) 아킬 사나 피아나 멜리사 서포터 HR,https://cafe.naver.com/cardmvk/632376,
871a0b06f7d5429a9140ca5d13a3a49b,CRD_A6609DDDF77E43BEBF21,심향의 모험,SAR,스칼렛&바이올렛 강화 확장팩 「열풍의 아레나」,089/063,RAW,10000,23228,0.43,2026-05-29,0.16,,CLEAN,,3,[5/29일 마감] 심향의 모험 sar 싱글,https://cafe.naver.com/cardmvk/595643,
80513244422d4a1e9c8673d061ce8dbc,CRD_59D948D23D9B4A8997F2,메가디안시 ex,SAR,MEGA 하이클래스팩 「MEGA 드림 ex」,238/193,RAW,10000,25941,0.39,2026-05-19,0.26,,CLEAN,,3,(5/19 마감) M2a 메가디안시 SAR 경매,https://cafe.naver.com/cardmvk/568171,
a3522e833e114213a88aa7051f9ce84f,CRD_67DCCA6B98564C55A6CD,파라블레이즈 ex,SAR,스칼렛&바이올렛 하이클래스팩 「테라스탈 페스타 ex」,203/187,RAW,10000,34425,0.29,2026-05-05,0.3,,CLEAN,,3,(5/5 마감) 파라블레이즈 sar [천원 경매],https://cafe.naver.com/cardmvk/530282,
cd8b611bb2184716ba7cae7889f57c51,CRD_45708EEF14E84AD79B2A,엘레이드,CHR,썬&문 강화 확장팩 「드림리그」,057/049,RAW,10000,14731,0.68,2026-05-20,0.65,JP_SUSPECT,REVIEW,,3,(5/20 당일마감) 썬문 엘레이드 chr 경매,https://cafe.naver.com/cardmvk/573211,
99fb9fca6f144e22a15c0695cecbe1ec,CRD_AF3164F375854354B2F4,케르디오 ex,SAR,스칼렛&바이올렛 확장팩 「화이트플레어」,169/086,RAW,10000,26517,0.38,2026-05-04,0.23,,CLEAN,,3,(5월4일 마감) 케르디오 sar 싱글카드 경매,https://cafe.naver.com/cardmvk/530022,
3fec77590d294d53af725ae01e8c12e2,CRD_C932B86214B443F7BF18,N의 방안,SAR,스칼렛&바이올렛 확장팩 「블랙볼트」,173/086,RAW,10000,31162,0.32,2026-06-06,0.12,,CLEAN,,3,(6/6마감) N의 방안 sar ,https://cafe.naver.com/cardmvk/615956,
eaacad4daa3c4f778a4396216a7481bb,CRD_31A84E046FF1424F95D8,나루림,AR,MEGA 「스타트 덱 100 배틀컬렉션」,750/742,RAW,10000,4851,2.06,2026-05-23,,,CLEAN,,3,(5/23 마감) 100덱 19번 (나루림 AR 포함),https://cafe.naver.com/cardmvk/580502,
ab21638815f648b5af987d6604b8ca80,CRD_6B3F6BFCB5834D188F85,팬텀,CHR,소드&실드 강화 확장팩 「다크판타스마」,074/071,RAW,9000,58383,0.15,2026-06-02,0.15,,CLEAN,,3,(6/2당일마감)팬텀 CHR 천원경매,https://cafe.naver.com/cardmvk/605766,
49c326cd15d749e0b0139e514404572a,CRD_5EC5DF045E124BF1ACA2,로켓단의 크로뱃 ex,SAR,스칼렛&바이올렛 확장팩 「로켓단의 영광」,127/098,RAW,9000,29141,0.31,2026-05-22,0.11,,CLEAN,,3,(5/22 마감) 로켓단의 크로뱃 sar,https://cafe.naver.com/cardmvk/578324,
35035fb47d3b4ffe8bfbf5586be6b423,CRD_95663DF3179B490FB089,글레이시아 VSTAR,SAR,소드&실드 하이클래스팩 「VSTAR 유니버스」,217/172,RAW,9000,25589,0.35,2026-05-22,0.13,,CLEAN,,3,(5/22 마감) 글레이시아 vstar sar 싱글,https://cafe.naver.com/cardmvk/578336,
14ae560ae22842cd81e5f7051f554f0b,CRD_2A1A9C89BB3947378F7C,자마젠타 V,UR,소드&실드 확장팩 「실드」,073/060,RAW,9000,5581,1.61,2026-05-08,,,CLEAN,,3,(5/8마감) 자마젠타 V UR 싱글,https://cafe.naver.com/cardmvk/540401,
1f431bb83fb9421bb00a26c4a8d693f2,CRD_17916E8A74A842A69743,배틀 리포터,SR,XY 확장팩 제3탄 「라이징피스트」,101/096,RAW,9000,2989,3.01,2026-05-17,0.15,,CLEAN,,3,(5/17 마감) 배틀 마스터덱 리자몽,https://cafe.naver.com/cardmvk/565189,
fb077659029b41ea844bdd84a111db5e,CRD_96E3628EA11140F3A119,리자몽,CHR,소드&실드 하이클래스팩 「VMAX 클라이맥스」,187/184,RAW,9000,49426,0.18,2026-06-02,0.37,,CLEAN,,3,(6/2 마감) 리자몽 chr 싱글,https://cafe.naver.com/cardmvk/606685,
492d80e6b1294e13a009ca9e73bfe174,CRD_B270EBD54E8C47AF8BA8,주혜,SAR,소드&실드 하이클래스팩 「VSTAR 유니버스」,242/172,RAW,9000,2606,3.45,2026-05-12,0.29,,CLEAN,,3,(05/12마감)vstar 유니버스 주혜 sar 경매,https://cafe.naver.com/cardmvk/551659,
592a16b35e84436aa877e4c83c681317,CRD_8E2251855B704464BC69,야느와르몽,AR,스칼렛&바이올렛 강화 확장팩 「나이트원더러」,070/064,RAW,8000,18249,0.44,2026-06-03,0.55,,CLEAN,,3,[6/3마감] 해골몽 미라몽 야느와르몽 ar 세트 ,https://cafe.naver.com/cardmvk/607551,
f903cd1810324710b607e7421111765f,CRD_5FE253E42C974A6AB4E7,라이코 V,SAR,소드&실드 하이클래스팩 「VSTAR 유니버스」,218/172,RAW,8000,17388,0.46,2026-05-21,0.17,,CLEAN,,3,(5/21일 마감) 라이코 v sar,https://cafe.naver.com/cardmvk/575562,
85192c8fc2dc41c4bb9a4dd61d97b23e,CRD_F14BD93ACD694043B8B1,성호의 메타그로스 ex,SAR,MEGA 하이클래스팩 「MEGA 드림 ex」,245/193,RAW,8000,36182,0.22,2026-05-12,0.14,,CLEAN,,3,(5/12 마감) 조로아크 메타그로스 SAR,https://cafe.naver.com/cardmvk/551133,
6cb4b02e7dc1407e8938a58e1cdf9f39,CRD_D4672A5ECC0F45DABED3,보만다 ex,SAR,스칼렛&바이올렛 확장팩 「배틀파트너즈」,129/100,RAW,7000,22153,0.32,2026-05-19,0.11,,CLEAN,,3,(5/19 마감) 보만다 ex sar 싱글,https://cafe.naver.com/cardmvk/570690,
066dd39bf30d4e16bb8e13abebe03dbe,CRD_5D9CED91492B4E768613,잠만보,CHR,소드&실드 강화 확장팩 「다크판타스마」,077/071,RAW,7000,20454,0.34,2026-06-03,0.33,,CLEAN,,3,(6/3마감) 잠만보 chr 외 앨범용 chr 6종 경매,https://cafe.naver.com/cardmvk/608712,
d70bd52eeda44afd9c90eda5dbea619c,CRD_34BFCA1006BC49D89AF5,잉어킹&고래왕 GX,RR,썬&문 확장팩 「태그볼트」,019/095,RAW,7000,34257,0.2,2026-05-29,0.17,,CLEAN,,3,(5/29 마감) 잉어킹 & 고래왕 태그팀 RR,https://cafe.naver.com/cardmvk/596641,
7da60e32bd3f487ba770e12a5f156df8,CRD_4B54FA5828754EE1BCD7,랜드로스 EX,SR,BW 확장팩 제6탄 「프리즈볼트」,061/059,RAW,6000,14334,0.42,2026-06-14,0.26,,CLEAN,,3,[6/14 마감] BW 랜드로스 SR 경매,https://cafe.naver.com/cardmvk/634979,
60d609b93b374257a54ae85ded56ca3e,CRD_B44585853A93C37F791B552F69C70AA6,맥도날드 피카츄,PR,일본 독점 프로모,020/MP,RAW,6000,58175,0.1,2026-05-23,0.1,,CLEAN,,3,(5/23마감)당일마감 맥도날드 뜨아거,https://cafe.naver.com/cardmvk/580807,
2b5e2c6fca0a441b8929c528d6e42104,CRD_F99835774689458C8924,히스이 가디,AR,스칼렛&바이올렛 강화 확장팩 「크림슨헤이즈」,075/066,RAW,5009,16766,0.3,2026-05-12,0.24,,CLEAN,,3,(5/12마감) 히스이 가디 ar  등급용 싱글카드,https://cafe.naver.com/cardmvk/550551,
f3ec4a33e3324e79abcb2ea9288b0d2f,CRD_11DE00F8CE7D4AF1B990,메가팬텀 ex,MA,MEGA 하이클래스팩 「MEGA 드림 ex」,230/193,RAW,5000,25187,0.2,2026-06-08,0.09,,CLEAN,,3,(6/8 마감)메가팬텀 ex MA,https://cafe.naver.com/cardmvk/620878,
697226e59138467aa5431813501332e5,CRD_16CF32D4C1234DB68301,어흥염 GX,SR,썬&문 강화 확장팩 「썬&문」,053/051,RAW,5000,1420,3.52,2026-06-13,0.27,,CLEAN,,3,(6/13일 경매마감) GX 어흥염 SR 외 rr등,https://cafe.naver.com/cardmvk/632264,
dccc75ac4665459a8990368311b16681,CRD_FF670CCC91074D59B18C,쌔비냥,AR,스칼렛&바이올렛 확장팩 「화이트플레어」,134/086,RAW,4000,10193,0.39,2026-05-15,0.29,,CLEAN,,3,(5/15마감)샤이니컬렉션 쌔비냥 싱글 카드 앨범용,https://cafe.naver.com/cardmvk/559212,
ecb08cc0fc7c4c3ea03a1c92217babf5,CRD_7A000CCE7DCA4B44B198,포푸니라,CHR,썬&문 강화 확장팩 「드림리그」,051/049,RAW,4000,11577,0.35,2026-06-07,0.33,,CLEAN,,3,(6/7 마감) 썬문 드림리그 포푸니라 chr 싱글,https://cafe.naver.com/cardmvk/618481,
16dae822d9b844c09ec5160d9f06fcc5,CRD_238E85F07B63450BB517,무쇠손 ex,SAR,스칼렛&바이올렛 확장팩 「미래의 일섬」,088/066,RAW,3000,7978,0.38,2026-05-30,0.14,,CLEAN,,3,(5/30 마감) 무쇠손 ex SAR 경매,https://cafe.naver.com/cardmvk/597121,
6f64a734fe234af98d9b1994b6418ecf,CRD_B4458BD865D40B2B6AFB,타부자고 ex,SAR,스칼렛&바이올렛 하이클래스팩 「테라스탈 페스타 ex」,220/187,RAW,3000,18458,0.16,2026-05-29,0.19,,CLEAN,,3,(5/29마감) 타부자고 sar,https://cafe.naver.com/cardmvk/596521,
7f5952139f5d463cb79110b1638e2d43,CRD_56AD26AE94C842519BA8,보만다 GX,SR,썬&문 강화 확장팩 「챔피언로드」,072/066,RAW,3000,1197,2.51,2026-05-04,0.2,,CLEAN,,3,[5/4 마감]붐볼 & 보만다 gx sr,https://cafe.naver.com/cardmvk/529593,
e09ee598a08f4a47bfcef350858fb0d0,CRD_F992B99929D74209A136,레어코일,S,썬&문 하이클래스팩 「GX 울트라샤이니」,188/150,RAW,3000,8796,0.34,2026-05-11,0.34,,CLEAN,,3,(5/11 마감) 원피스카드 오타마 레어 페레 [천원 경매],https://cafe.naver.com/cardmvk/548815,
944dc01fe51840fd82614e4a26235d59,CRD_C656819F71EC44B19DD9,로켓단의 파이어 ex,SR,스칼렛&바이올렛 확장팩 「로켓단의 영광」,112/098,RAW,2000,4071,0.49,2026-06-07,0.18,,CLEAN,,3,(6/7 마감) 로켓단의 파이어 SR 2장 & 로켓단의 크로뱃 SR 싱글 카드,https://cafe.naver.com/cardmvk/618040,
0502a3103aad497482ebc32bc9408b70,CRD_B8B69E5A34C042F2928346295A367A70,메가리자몽X ex,MUR,MEGA 확장팩 「인페르노X」,116/080,RAW,610000,461459,1.32,2026-05-20,0.64,,REVIEW,,2,(5/20 마감) CCG10 메가리자몽X MUR,https://cafe.naver.com/cardmvk/573020,
2b046e767fae4b33a2812f3b3f074992,CRD_3430850B62B446C68A45A9CFE3741141,메가지가르데 EX,MUR,MEGA 확장팩 「니힐제로」,117/080,RAW,175000,133659,1.31,2026-06-05,0.63,,REVIEW,,2,(6/5마감) 메가지가르데 MUR  ccg10,https://cafe.naver.com/cardmvk/612948,
16ff448cd7304ec59149f2e7c9b85bee,CRD_023DB72F38FC4C87B95B,님피아 ex,SAR,스칼렛&바이올렛 하이클래스팩 「테라스탈 페스타 ex」,212/187,RAW,171000,176308,0.97,2026-05-24,0.71,,REVIEW,,2,(5/24 마감) 테라스탈 님피아 sar ccg 블랙라벨,https://cafe.naver.com/cardmvk/583385,
f53149a3545b4fbaa8f3b49635e09ac7,CRD_AA19A54D13CC49198C77,오리진 디아루가 VSTAR,UR,소드&실드 하이클래스팩 「VSTAR 유니버스」,260/172,RAW,102000,68769,1.48,2026-05-13,0.67,,REVIEW,,2,(05/13 마감) 아르세우스 / 오리진 디아루가 vstar UR 싱글,https://cafe.naver.com/cardmvk/553544,
d700cd081542434485f467ecccf6c601,CRD_9C2FBC6E628A43679527,명희의 격려,SAR,MEGA 확장팩 「니힐제로」,115/080,RAW,91000,73392,1.24,2026-05-02,0.62,,REVIEW,,2,(5/2마감) 명희의 격려 sar 싱글 2장,https://cafe.naver.com/cardmvk/524081,
2c3e4f7ea40f4a5698cab8c2f0e53532,CRD_B44585853A93C37F791B552F69C70AA6,맥도날드 피카츄,PR,일본 독점 프로모,020/MP,RAW,55000,58175,0.95,2026-05-08,0.95,,REVIEW,,2,(5/8 마감)맥도날드 피카츄 싱글,https://cafe.naver.com/cardmvk/539519,
5588ce18ebed4b0793f281f5e2ac3f2a,CRD_280E5479B51D442889C9,춤추새 ex,SAR,MEGA 확장팩 「인페르노X」,111/080,RAW,40000,19602,2.04,2026-06-06,0.91,,REVIEW,,2,(6/7 마감) 신지칸다 춤추새 sar,https://cafe.naver.com/cardmvk/614436,
8bb30ae11c1f455ebd761419ecaacf96,CRD_D97F8DEBE01544ABAA7E,코라이돈 ex,SAR,포켓몬 카드 게임 스칼렛&바이올렛 확장팩 「스칼렛 ex」,103/078,RAW,40000,19230,2.08,2026-06-07,0.76,,REVIEW,,2,(6/7일 마감) 코라이돈 미라이돈 테라파고스 sar 세트,https://cafe.naver.com/cardmvk/617514,
eca8e46aa267416986078c0778467e08,CRD_5D478653E46E4634B4E2,우리,SR,소드&실드 하이클래스팩 「VMAX 클라이맥스」,273/184,RAW,37000,9137,4.05,2026-05-21,0.92,,REVIEW,,2,(5/21 마감) 한판 우리 SR 싱글카드 VMAX 클라이맥스 브맥클 s8b,https://cafe.naver.com/cardmvk/574052,
b0be23b0462045d38c4b1446bd044025,CRD_8DA52922128149E3B77A,빛나,SAR,MEGA 확장팩 「인페르노X」,115/080,RAW,35000,20185,1.73,2026-06-05,0.93,,REVIEW,,2,(6/5)마감 빛나 sar ccg10,https://cafe.naver.com/cardmvk/613074,
96a9dc2e61f3435ab4b2d16cfc160929,CRD_89F870261BCE4E9C87D5,릴리에의 결심,SAR,MEGA 확장팩 「메가브레이브」,090/063,RAW,35000,82176,0.43,2026-05-12,0.14,,REVIEW,,2,릴리에의 결심 sar 싱글 경매 (5/12),https://cafe.naver.com/cardmvk/551539,
0bac951a781146d1a4b165964e6616e6,CRD_4926DF1CF0484F49BC50,메가리자몽X ex,SR,MEGA 확장팩 「인페르노X」,094/080,RAW,33000,9788,3.37,2026-05-03,0.7,,REVIEW,,2,(5/3 마감) cp6 20주년 메가리자몽 싱글카드 XY sr,https://cafe.naver.com/cardmvk/526310,
e98412d83002406da218d40447fd1ace,CRD_4926DF1CF0484F49BC50,메가리자몽X ex,SR,MEGA 확장팩 「인페르노X」,094/080,RAW,30000,9788,3.06,2026-06-11,0.63,,REVIEW,,2,[6/11일 마감] 인페르노X 메가리자몽 sr 3장,https://cafe.naver.com/cardmvk/627068,
dd5939ad046046f583ecd66a8d80394c,CRD_5D478653E46E4634B4E2,우리,SR,소드&실드 하이클래스팩 「VMAX 클라이맥스」,273/184,RAW,28000,9137,3.06,2026-06-13,0.7,,REVIEW,,2,(6/13 마감) 우리 SR,https://cafe.naver.com/cardmvk/632322,
7bff8c358c8c4c8bab24fad473f24aee,CRD_5CA455DEF57B449E9681,아이리스의 투지,SAR,MEGA 하이클래스팩 「MEGA 드림 ex」,248/193,RAW,26000,12315,2.11,2026-05-14,0.76,,REVIEW,,2,(5/14 마감) m2a 아이리스의 투지 SAR 경매,https://cafe.naver.com/cardmvk/554913,
ff4b30f3929c41df9932e604079f54d2,CRD_E32A25B9BB914CFB8D62,카시오페아,SAR,스칼렛&바이올렛 강화 확장팩 「나이트원더러」,091/064,RAW,20000,12148,1.65,2026-05-24,0.61,,REVIEW,,2,(5/25마감) 카시오페아 sar ccg10,https://cafe.naver.com/cardmvk/583998,
1b0f7f1133744e2a8f0105711056c24e,CRD_B44585853A93C37F791B552F69C70AA6,맥도날드 피카츄,PR,일본 독점 프로모,020/MP,RAW,18000,58175,0.31,2026-06-06,0.31,,REVIEW,,2,원피스 맥도날드 프로모,https://cafe.naver.com/cardmvk/615999,
d2d65768f41444a493d9b66250dc04bc,CRD_B078B8FB2EB6415A85B6,어니부기,AR,스칼렛&바이올렛 강화 확장팩 「포켓몬 카드 151」,171/165,RAW,18000,38904,0.46,2026-06-02,0.67,,REVIEW,,2,(06/02마감) 천원경매 리자드 꼬부기 어니부기 ar 3종,https://cafe.naver.com/cardmvk/605832,
fe923971b4d0450bb90f0640de35bbc4,CRD_E9C70192F06741F59CA4,보미카의 연주,SAR,MEGA 확장팩 「닌자스피너」,119/083,RAW,17000,8207,2.07,2026-05-10,0.75,,REVIEW,,2,5월10일 마감) 보미카의 연주 sar,https://cafe.naver.com/cardmvk/546015,
20773da2964148639a30b8de135e53c3,CRD_D5E768346B67472EBC09,유채의 활기,SAR,소드&실드 하이클래스팩 「VSTAR 유니버스」,240/172,RAW,17000,9493,1.79,2026-05-11,0.66,,REVIEW,,2,(5/11 마감) 유니버스 유채의 활기 SAR 싱글,https://cafe.naver.com/cardmvk/548492,
fac3a8989cab47439ecee5c1fa13c1d7,CRD_08BB039F0F51499BA059,찬란한 리자몽,K,소드&실드 강화 확장팩 「Pokémon GO」,011/071,RAW,16000,9499,1.68,2026-06-12,0.63,,REVIEW,,2,(6/12마감) 찬란한 리자몽 거북왕 9종 싱글,https://cafe.naver.com/cardmvk/629928,
17e404ceebb04f448f2a709a27ddfc14,CRD_1F45F12DC0264E98B4E1,메가눈여아 ex,SAR,MEGA 하이클래스팩 「MEGA 드림 ex」,233/193,RAW,14000,31233,0.45,2026-05-13,0.31,,REVIEW,,2,25주년 잡카드 + 메가눈여아 sar,https://cafe.naver.com/cardmvk/554188,
8eae9a0ecb6a4f0584d5be88d038411b,CRD_7D71C6E50BC848FDB19A,버프론 ex,SAR,스칼렛&바이올렛 확장팩 「화이트플레어」,172/086,RAW,13000,6826,1.9,2026-06-07,0.71,,REVIEW,,2,(6/7 마감) 화이트플레어 엘풍 버프론 sar,https://cafe.naver.com/cardmvk/617179,
1c1fb286942f4d6e80f5643db36cd9b3,CRD_2348A7F2758F419FAB09,히스이 조로아크 VSTAR,UR,소드&실드 강화 확장팩 「다크판타스마」,097/071,RAW,12000,7412,1.62,2026-06-09,0.73,,REVIEW,,2,(6/10 마감) 히스이 조로아크 UR ,https://cafe.naver.com/cardmvk/623708,
adc65212a15c4e568e780cacfcd73b21,CRD_D7B9B3BCB4264919B5BC,투희,SR,스칼렛&바이올렛 확장팩 「화이트플레어」,166/086,RAW,11000,4407,2.5,2026-04-30,0.92,,REVIEW,,2,(04/30 마감) 투희 sr 싱글,https://cafe.naver.com/cardmvk/519018,
5510160fbae84a929485f5a65e3f7ca4,CRD_B44585853A93C37F791B552F69C70AA6,맥도날드 피카츄,PR,일본 독점 프로모,020/MP,RAW,10000,58175,0.17,2026-05-11,0.17,,REVIEW,,2,(5/11) 당일경매 맥도날드 프로모 냐오하 ,https://cafe.naver.com/cardmvk/548619,
0ae30c74804e4287926ab587ad01e72c,CRD_CCC2D6D574104829BBDF,N의 제크로무,AR,MEGA 하이클래스팩 「MEGA 드림 ex」,210/193,RAW,10000,3937,2.54,2026-05-30,0.96,,REVIEW,,2,(05.30 마감) N의 제크로무 / N의 레시라무 AR,https://cafe.naver.com/cardmvk/599035,
861cc3d8a65149388b34e6912e639cc0,CRD_2332E667E081490D836A,메가앱솔 ex,SAR,MEGA 확장팩 「메가브레이브」,089/063,RAW,9000,24325,0.37,2026-05-12,0.19,,REVIEW,,2,메가앱솔 sar 싱글 경매 (5/12),https://cafe.naver.com/cardmvk/551559,
550a86bce88946fd9f4e026645494a8a,CRD_D7B9B3BCB4264919B5BC,투희,SR,스칼렛&바이올렛 확장팩 「화이트플레어」,166/086,RAW,9000,4407,2.04,2026-05-11,0.75,,REVIEW,,2,(5월 11일 마감) 투희 sr,https://cafe.naver.com/cardmvk/548743,
77f176b0156544aa8926307e8f6a41e7,CRD_F420852AE6A24B65BF0C,킬리아,AR,포켓몬 카드 게임 스칼렛&바이올렛 확장팩 「스칼렛 ex」,084/078,RAW,8000,27344,0.29,2026-05-06,0.31,,REVIEW,,2,(5/6) 스칼렛 EX 킬리아 AR 싱글,https://cafe.naver.com/cardmvk/534919,
f5dc01574c124a7bb599e68509031331,CRD_CCC2D6D574104829BBDF,N의 제크로무,AR,MEGA 하이클래스팩 「MEGA 드림 ex」,210/193,RAW,8000,3937,2.03,2026-05-17,0.77,,REVIEW,,2,(5/17마감)메가드림 제크로무 ar,https://cafe.naver.com/cardmvk/564914,
c2c5775ffdda47c19fb42183d5f5101d,CRD_CCC2D6D574104829BBDF,N의 제크로무,AR,MEGA 하이클래스팩 「MEGA 드림 ex」,210/193,RAW,7000,3937,1.78,2026-05-26,0.67,,REVIEW,,2,(5/26 마감) N의 제크로무 ar,https://cafe.naver.com/cardmvk/587399,
09d36457117c474c9f60244dc38c97f3,CRD_ECFFCF9519AB47AC8F10,파비코리,CHR,소드&실드 강화 확장팩 「백열의 아르카나」,074/068,RAW,7000,15067,0.46,2026-05-06,0.45,,REVIEW,,2,[5월 6일] s11a 파비코리 CHR,https://cafe.naver.com/cardmvk/534888,
3f91b78217ad45d387965fe9999ab1d6,CRD_5148B33EFB2449B1B0BA,파라솔 아가씨,SR,스칼렛&바이올렛 강화 확장팩 「레이징서프」,084/062,RAW,6000,3246,1.85,2026-05-17,0.68,,REVIEW,,2,(5/17 마감) 파라솔 아가씨 & 오르티가 SR 세트 경매,https://cafe.naver.com/cardmvk/562762,
506017152abd4161bcd6668020599439,CRD_29545D8447D54F8F9E57,게노세크트 EX플라스마단,SR,BW 확장팩 제9탄 「메갈로캐논」,078/076,RAW,6000,44099,0.14,2026-05-19,0.1,,REVIEW,,2,(5/19) 플라스마단 게노세크트 프로모,https://cafe.naver.com/cardmvk/569998,
2cb59ef918f14de4b8500af9f4b7cf8a,CRD_1573232461C14F27B212,세류,SR,스칼렛&바이올렛 강화 확장팩 「크림슨헤이즈」,086/066,RAW,6000,3123,1.92,2026-05-25,0.71,,REVIEW,,2,(5/25마감) 세류 sr,https://cafe.naver.com/cardmvk/586432,
f7dc23454fc04b4c8d3f387c6afadf09,CRD_E3C661DEECDE4AF6AB74,심향의 칠색조 ex,SR,스칼렛&바이올렛 강화 확장팩 「열풍의 아레나」,077/063,RAW,5000,2478,2.02,2026-06-07,0.75,,REVIEW,,2,(6/7 마감) 심향의 칠색조 SR & 심향의 모험 SR 싱글카드,https://cafe.naver.com/cardmvk/618010,
653490ea306143b9a635dbfa55d6e86c,CRD_B35BCAFB2F9E4FE5BE34,데덴네,CHR,소드&실드 하이클래스팩 「VMAX 클라이맥스」,200/184,RAW,5000,10818,0.46,2026-05-27,0.44,,REVIEW,,2,데덴네 CHR,https://cafe.naver.com/cardmvk/591911,
41ee22065d6e406c88189147f4fc9431,CRD_E9A8685418094D9BB850,야적 세 자매,SR,소드&실드 강화 확장팩 「다크판타스마」,085/071,RAW,5000,2240,2.23,2026-05-11,0.61,,REVIEW,,2,(5/11 마감) 야적 세 자매 sr 싱글,https://cafe.naver.com/cardmvk/548893,
9fdd8827cff54ee8bdb05719556bffc8,CRD_08208815CA6B42DFB7C7,단풍,SR,포켓몬 카드 게임 스칼렛&바이올렛 확장팩 「바이올렛 ex」,097/078,RAW,3000,1239,2.42,2026-06-09,0.9,,REVIEW,,2,(6/9 마감) 단풍 sr 싱글,https://cafe.naver.com/cardmvk/623606,
8f76a1d917594d7fa9f930672ebbb719,CRD_0DE14A2FC85947DF989A,팔데아의 동료들,SR,스칼렛&바이올렛 하이클래스팩 「테라스탈 페스타 ex」,198/187,RAW,3000,855,3.51,2026-06-07,0.75,,REVIEW,,2,(6/7 마감) 팔데아의 동료들 SR 싱글,https://cafe.naver.com/cardmvk/618374,
aa81cc68483e49ce84c4c164fbdefbc9,CRD_9B7BDD57CE984638AD11,다크라이 VSTAR,SAR,소드&실드 하이클래스팩 「VSTAR 유니버스」,228/172,RAW,49000,34107,1.44,2026-06-02,0.52,,CLEAN,,1,(6/2마감)VSTAR유니버스 수록 다크라이 SAR RBG9,https://cafe.naver.com/cardmvk/606307,
1ece4615d43044279e66361a014b9c11,CRD_CBD74C6D3997478C92A5,릴리에의 삐삐 ex,SAR,스칼렛&바이올렛 확장팩 「배틀파트너즈」,126/100,RAW,48000,70040,0.69,2026-06-09,0.25,,CLEAN,,1,(6/10 마감) 한글판 릴리에의 삐삐 SAR,https://cafe.naver.com/cardmvk/623647,
5d59de0f801a4eb291595f8cf2e260dd,CRD_0400517F2E89441EAC81,거북왕 ex,SAR,스칼렛&바이올렛 강화 확장팩 「포켓몬 카드 151」,202/165,RAW,47000,83787,0.56,2026-06-14,0.21,,CLEAN,,1,(6월14일 마감) 151 거북왕 sar 싱글카드 경매,https://cafe.naver.com/cardmvk/633950,
4dac6e2a4b3c4326b845202768d6e083,CRD_89F870261BCE4E9C87D5,릴리에의 결심,SAR,MEGA 확장팩 「메가브레이브」,090/063,RAW,45000,82176,0.55,2026-04-30,0.19,,CLEAN,,1,(4/30 마감) 릴리에의 결심 SAR 싱글 ,https://cafe.naver.com/cardmvk/518897,
57cb139b5b014216b2d6ea4d2a01fd68,CRD_9C2FBC6E628A43679527,명희의 격려,SAR,MEGA 확장팩 「니힐제로」,115/080,RAW,44000,73392,0.6,2026-04-28,0.3,,CLEAN,,1,[4/28 마감] 명희의 격려 SAR 한판,https://cafe.naver.com/cardmvk/514454,
7d6ee790e7854a32949ed7bcba575ba6,CRD_AA19A54D13CC49198C77,오리진 디아루가 VSTAR,UR,소드&실드 하이클래스팩 「VSTAR 유니버스」,260/172,RAW,41000,68769,0.6,2026-06-07,0.27,,CLEAN,,1,(6/7 마감) vstar 오리진 디아루가 ur,https://cafe.naver.com/cardmvk/618287,
aaa73e8543a6407f82e5eef18d0324ec,CRD_EFCB23BB10864CE3BB7F,레시라무 ex,SAR,스칼렛&바이올렛 확장팩 「화이트플레어」,168/086,RAW,40000,78848,0.51,2026-06-02,0.19,,CLEAN,,1,(06/02마감) 레시라무 sar sv11w,https://cafe.naver.com/cardmvk/605847,
965e21a9979544578f66ab4dd19887cd,CRD_053F45EBABE44DD09C9B,잉어킹,AR,포켓몬 카드 게임 스칼렛&바이올렛 강화 확장팩 「트리플렛비트」,080/073,RAW,38000,45190,0.84,2026-05-01,0.14,,CLEAN,,1,(5월 1일 당일마감) 신지칸다 잉어킹 ar 경매,https://cafe.naver.com/cardmvk/521879,
ce8f78bf645c4a5885317be04ee09667,CRD_695A1C7D2A614268A739,리자몽 VSTAR,HR,소드&실드 확장팩 「스타버스」,118/100,RAW,38000,32613,1.17,2026-05-12,0.5,,CLEAN,,1,(5/12 마감) 리자몽 GX HR 무지개 카드 경매,https://cafe.naver.com/cardmvk/549163,
dd5db49774b142c5a61a409d9f5bb96c,CRD_695A1C7D2A614268A739,리자몽 VSTAR,HR,소드&실드 확장팩 「스타버스」,118/100,RAW,37000,32613,1.13,2026-05-27,0.49,,CLEAN,,1,(5/27마감)리자몽 GX HR,https://cafe.naver.com/cardmvk/591797,
d8279421ae6f415fa5709b70280e71bc,CRD_053F45EBABE44DD09C9B,잉어킹,AR,포켓몬 카드 게임 스칼렛&바이올렛 강화 확장팩 「트리플렛비트」,080/073,RAW,36000,45190,0.8,2026-05-26,0.14,,CLEAN,,1,(5/28마감) 신지칸다 잉어킹 ar ,https://cafe.naver.com/cardmvk/589665,
e9d6c57b0bf54923bdb9f648e33f8d74,CRD_157F33DF43A34D268793,두빅굴,AR,스칼렛&바이올렛 확장팩 「블랙볼트」,109/086,RAW,36000,30487,1.18,2026-05-13,0.34,,CLEAN,,1,(5/13 마감) 신지칸다 두빅굴 Ar 싱글 경매,https://cafe.naver.com/cardmvk/553948,
9dc9071a04e5461d890e590f2e946903,CRD_053F45EBABE44DD09C9B,잉어킹,AR,포켓몬 카드 게임 스칼렛&바이올렛 강화 확장팩 「트리플렛비트」,080/073,RAW,35000,45190,0.77,2026-06-02,0.13,,CLEAN,,1,(6/2마감)신지칸다 잉어킹 ar 151파이리 포함 ar5장,https://cafe.naver.com/cardmvk/606432,
99e56994b3a64236bae376a0342d2630,CRD_B28E6145CF994B09905F,로켓단의 파이어 ex,SAR,스칼렛&바이올렛 확장팩 「로켓단의 영광」,124/098,RAW,32000,48360,0.66,2026-06-07,0.24,,CLEAN,,1,(6월7일마감)로켓단의 파이어 sar 싱글카드,https://cafe.naver.com/cardmvk/618181,
997219ea84924a2f82fa4002d590dca9,CRD_F0387563D342474298CC,샤미드 ex,SAR,스칼렛&바이올렛 하이클래스팩 「테라스탈 페스타 ex」,205/187,RAW,30000,33430,0.9,2026-06-03,0.27,,CLEAN,,1,(6/3일마감) 테라스탈페스타 샤미드 SAR 싱글 경매,https://cafe.naver.com/cardmvk/609051,
72f0940a77e349749cc40ac53aa7b9db,CRD_B44585853A93C37F791B552F69C70AA6,맥도날드 피카츄,PR,일본 독점 프로모,020/MP,RAW,30000,58175,0.52,2026-05-15,0.52,,CLEAN,,1,(5/16마감)25주년 맥도날드 프로모 Totodile,https://cafe.naver.com/cardmvk/559726,
c4a56ec0b634497a8dbf729c6993c767,CRD_1F266213F3D04671AEAA,썬더 ex,SAR,스칼렛&바이올렛 강화 확장팩 「포켓몬 카드 151」,204/165,RAW,30000,57307,0.52,2026-04-30,0.19,,CLEAN,,1,(4/30 마감) 썬더 SAR 등급용 [천원 경매],https://cafe.naver.com/cardmvk/518801,
90dc9920c9234dce8837571726fec322,CRD_B28E6145CF994B09905F,로켓단의 파이어 ex,SAR,스칼렛&바이올렛 확장팩 「로켓단의 영광」,124/098,RAW,28000,48360,0.58,2026-05-24,0.21,,CLEAN,,1,(05/24마감)로켓단의 파이어 SAR 천원경매,https://cafe.naver.com/cardmvk/583924,
1a34fabc413f47f1b711f3acbebc40f4,CRD_BBC2E062E3384B639FA8,후딘 ex,SAR,스칼렛&바이올렛 강화 확장팩 「포켓몬 카드 151」,203/165,RAW,28000,32910,0.85,2026-05-19,0.31,,CLEAN,,1,(5/19 당일마감) 포켓몬 카드 151 후딘 ex SAR 싱글,https://cafe.naver.com/cardmvk/570485,
5e045dd1bd5f4b8db447ffbe0e5c088f,CRD_71B943080D4E4023A1B4,피카츄 ex,UR,스칼렛&바이올렛 확장팩 「초전브레이커」,136/106,RAW,28000,39661,0.71,2026-06-09,0.32,,CLEAN,,1,(6/9마감) 테라스탈페스타 피카츄 EX UR,https://cafe.naver.com/cardmvk/623365,
02930d96395246db9441c865a64e2faf,CRD_157F33DF43A34D268793,두빅굴,AR,스칼렛&바이올렛 확장팩 「블랙볼트」,109/086,RAW,26000,30487,0.85,2026-05-21,0.24,,CLEAN,,1,(05/21 마감) 신지칸다 두빅굴 AR 싱글,https://cafe.naver.com/cardmvk/575093,
66275f421bfd4b2aa30934166bb8664b,CRD_9B7BDD57CE984638AD11,다크라이 VSTAR,SAR,소드&실드 하이클래스팩 「VSTAR 유니버스」,228/172,RAW,26000,34107,0.76,2026-06-02,0.28,,CLEAN,,1,(6/2 마감) 다크라이 Vstar SAR 경매,https://cafe.naver.com/cardmvk/604994,
46133682291a42938a3e9296d75115ba,CRD_C932B86214B443F7BF18,N의 방안,SAR,스칼렛&바이올렛 확장팩 「블랙볼트」,173/086,RAW,26000,31162,0.83,2026-05-11,0.31,,CLEAN,,1,(5/11 마감) N의 방안 sar 등급용 경매,https://cafe.naver.com/cardmvk/546552,
29a567aee4624375a51d9fd0dbd29978,CRD_F14BD93ACD694043B8B1,성호의 메타그로스 ex,SAR,MEGA 하이클래스팩 「MEGA 드림 ex」,245/193,RAW,26000,36182,0.72,2026-05-16,0.45,,CLEAN,,1,(5/16마감) 성호의 메타그로스ex SAR,https://cafe.naver.com/cardmvk/561144,
5accaaee6ded41d4ab4b9c090c959c15,CRD_F14BD93ACD694043B8B1,성호의 메타그로스 ex,SAR,MEGA 하이클래스팩 「MEGA 드림 ex」,245/193,RAW,25000,36182,0.69,2026-05-14,0.43,,CLEAN,,1,(05/14 마감) 성호의 메타그로스 sar,https://cafe.naver.com/cardmvk/556222,
f93ab111be1f48ee8bc41238c37a846d,CRD_4A6AB07D1EE64032B862,로켓단의 뮤츠 ex,UR,스칼렛&바이올렛 확장팩 「로켓단의 영광」,130/098,RAW,25000,27855,0.9,2026-04-30,0.41,,CLEAN,,1,(04/30마감) 로켓단의 뮤츠 ur,https://cafe.naver.com/cardmvk/517888,
425a6c0534c1494bbdda6e09b10b8917,CRD_5836A136DD3E47DB8AE1,치라치노 ex,SAR,MEGA 확장팩 「닌자스피너」,117/083,RAW,25000,28378,0.88,2026-05-19,0.33,,CLEAN,,1,(5월/19일 마감) 한판 치라치노 SAR 싱글카드,https://cafe.naver.com/cardmvk/568820,
2ea14ae648494fa0a17a31ac487e0422,CRD_F0387563D342474298CC,샤미드 ex,SAR,스칼렛&바이올렛 하이클래스팩 「테라스탈 페스타 ex」,205/187,RAW,25000,33430,0.75,2026-05-28,0.23,,CLEAN,,1,(05/28 마감)  테라스탈 샤미드 sar ,https://cafe.naver.com/cardmvk/593506,
7fe5650d965a4faebd0a0b8f537876c9,CRD_280E5479B51D442889C9,춤추새 ex,SAR,MEGA 확장팩 「인페르노X」,111/080,RAW,25000,19602,1.28,2026-06-10,0.57,,CLEAN,,1,[6/10일 마감] 신지칸다 춤추새 sar,https://cafe.naver.com/cardmvk/625133,
bbd89691ef0947229929d19c27af9ea9,CRD_ADDEC4B6D7EC4C7FA90E,리자몽 ex,UR,스칼렛&바이올렛 확장팩 「흑염의 지배자」,139/108,RAW,25000,24598,1.02,2026-05-17,0.46,,CLEAN,,1,(5월17일 마감) 흑염의 지배자 리자몽 ur 싱글카드 경매,https://cafe.naver.com/cardmvk/563686,
59cb8848632d4d9c9aaf0fc79a94be21,CRD_2284D5AE23CD4A559E27,이슬의 고라파덕,AR,스칼렛&바이올렛 강화 확장팩 「열풍의 아레나」,071/063,RAW,24000,25359,0.95,2026-05-28,0.37,,CLEAN,,1,(5/28마감) 이슬의 고라파덕 & 라프라스 AR,https://cafe.naver.com/cardmvk/594140,
38ffb9e6d8fb4f9a975dd14e9f87827f,CRD_280E5479B51D442889C9,춤추새 ex,SAR,MEGA 확장팩 「인페르노X」,111/080,RAW,23000,19602,1.17,2026-05-16,0.52,,CLEAN,,1,(5/16 마감) 한판 춤추새 SAR 싱글,https://cafe.naver.com/cardmvk/561875,
436ed884874447c39a373b6a7b99bcc8,CRD_F92441CD205348ABA0D0,민화의 덩쿠리,AR,MEGA 「스타트 덱 100 배틀컬렉션」,743/742,RAW,23000,17989,1.28,2026-06-03,,,CLEAN,,1,(6/3 마감) 100덱 민화의 덩쿠리 2개 set,https://cafe.naver.com/cardmvk/608855,
14f62ced812146468219bfb89ab3f959,CRD_A6609DDDF77E43BEBF21,심향의 모험,SAR,스칼렛&바이올렛 강화 확장팩 「열풍의 아레나」,089/063,RAW,22000,23228,0.95,2026-05-14,0.35,,CLEAN,,1,(5/14 마감) sv9a 심향의 모험 SAR 경매,https://cafe.naver.com/cardmvk/554915,
cea2b99c8f714996b42abe4f8bf1d471,CRD_157F33DF43A34D268793,두빅굴,AR,스칼렛&바이올렛 확장팩 「블랙볼트」,109/086,RAW,22000,30487,0.72,2026-05-04,0.21,,CLEAN,,1,[5/4일 마감] 신지칸다 일러스트 두빅굴 ar 싱글,https://cafe.naver.com/cardmvk/529811,
6f376826e18d4a6ba6010e3dd80e17c4,CRD_C00E1C8CFE15D51E795F88D9D5D14E94,판쵸 피카츄 (메가 캠페인),PR,일본 독점 프로모,203/XY-P,RAW,22000,,,2026-05-31,,,CLEAN,,1,(5/31마감) 포켓몬 카드의 여름이 왔다! 프로모 카드 겟 캠페인 프로모팩 (1),https://cafe.naver.com/cardmvk/601748,
701f0ebfb3dd43128d59239b58660c97,CRD_9CD8CCBE97D740E59C9B,카나리,SAR,MEGA 하이클래스팩 「MEGA 드림 ex」,249/193,RAW,22000,17209,1.28,2026-05-24,0.47,,CLEAN,,1,(5/24 마감) 카나리 SAR 경매,https://cafe.naver.com/cardmvk/583449,
ae2fdd51287b4e97b2b73330098f5807,CRD_8DA52922128149E3B77A,빛나,SAR,MEGA 확장팩 「인페르노X」,115/080,RAW,22000,20185,1.09,2026-04-30,0.58,,CLEAN,,1,(04/30 마감) 빛나 sar 싱글,https://cafe.naver.com/cardmvk/519007,
7e566ad7e0f54a5b941abf8e257ae3e3,CRD_5836A136DD3E47DB8AE1,치라치노 ex,SAR,MEGA 확장팩 「닌자스피너」,117/083,RAW,21000,28378,0.74,2026-05-26,0.27,,CLEAN,,1,(5/26 마감) 치라치노 sar,https://cafe.naver.com/cardmvk/589469,
aa15b1afb1244b55b3f4d7208d21e1a9,CRD_F14BD93ACD694043B8B1,성호의 메타그로스 ex,SAR,MEGA 하이클래스팩 「MEGA 드림 ex」,245/193,RAW,21000,36182,0.58,2026-06-10,0.36,,CLEAN,,1,(6/10마감) 메가드림 성호의 메타그로스 한판 SAR,https://cafe.naver.com/cardmvk/625631,
ef91657cf80c423dbd0a872203b40c2a,CRD_6BAEC561FD824CA68028,메가리자몽X ex,MA,MEGA 하이클래스팩 「MEGA 드림 ex」,223/193,RAW,21000,15609,1.35,2026-06-09,0.3,,CLEAN,,1,(6/9 마감) 메가리자몽 ma,https://cafe.naver.com/cardmvk/623364,
ec4b2373ef7b4cdfb9305e326511ef7b,CRD_F14BD93ACD694043B8B1,성호의 메타그로스 ex,SAR,MEGA 하이클래스팩 「MEGA 드림 ex」,245/193,RAW,21000,36182,0.58,2026-05-13,0.36,,CLEAN,,1,(5/13 마감) 성호의 메타그로스 ex SAR 경매,https://cafe.naver.com/cardmvk/552053,
e1a278a0505f4d09b1634bba85a55e09,CRD_F14BD93ACD694043B8B1,성호의 메타그로스 ex,SAR,MEGA 하이클래스팩 「MEGA 드림 ex」,245/193,RAW,20000,36182,0.55,2026-05-18,0.35,,CLEAN,,1,(5/18마감) 성호의 메타그로스ex SAR,https://cafe.naver.com/cardmvk/566418,
191ff6be148e4e968bf36417ed651328,CRD_C932B86214B443F7BF18,N의 방안,SAR,스칼렛&바이올렛 확장팩 「블랙볼트」,173/086,RAW,20000,31162,0.64,2026-05-14,0.24,,CLEAN,,1,(5/14 마감) 블랙볼트 N의 방안 sar,https://cafe.naver.com/cardmvk/556924,
f78d30fd49794b7fbdbc825cd9d88787,CRD_49AA338BD81847B9B5A3,세레나,SR,소드&실드 강화 확장팩 「백열의 아르카나」,082/068,RAW,20000,20434,0.98,2026-05-28,0.31,,CLEAN,,1,(5/29 마감) 한판 세레나 sr,https://cafe.naver.com/cardmvk/594502,
3a168eca853f400a9dae227dee9b7038,CRD_280E5479B51D442889C9,춤추새 ex,SAR,MEGA 확장팩 「인페르노X」,111/080,RAW,20000,19602,1.02,2026-05-01,0.46,,CLEAN,,1,(5월 1일 당일 마감)신지칸다 춤추새 sar 영문판,https://cafe.naver.com/cardmvk/521883,
4bacddc7bb2d4ed39c3c2c9ef96433ae,CRD_5836A136DD3E47DB8AE1,치라치노 ex,SAR,MEGA 확장팩 「닌자스피너」,117/083,RAW,20000,28378,0.7,2026-05-01,0.26,,CLEAN,,1,[5월 1일 당일마감]닌자 스피너 치라치노 ex SAR 싱글카드,https://cafe.naver.com/cardmvk/522016,
4b6814a05bac493dae58d73796781b01,CRD_6BAEC561FD824CA68028,메가리자몽X ex,MA,MEGA 하이클래스팩 「MEGA 드림 ex」,223/193,RAW,20000,15609,1.28,2026-05-30,0.29,,CLEAN,,1,[5/30일 당일마감] 메가리자몽 MA,https://cafe.naver.com/cardmvk/599146,
aee38abdb5194343a2e29dcf5c39e229,CRD_FE20328DB07A4AA9AE98,메가라티아스 ex,SAR,MEGA 확장팩 「메가심포니아」,088/063,RAW,20000,33398,0.6,2026-06-09,0.32,,CLEAN,,1,(6월9일마감)메가라티아스 sar 싱글카드,https://cafe.naver.com/cardmvk/622974,
5430c6d25851426c897398437a7e2578,CRD_5836A136DD3E47DB8AE1,치라치노 ex,SAR,MEGA 확장팩 「닌자스피너」,117/083,RAW,19000,28378,0.67,2026-05-26,0.25,,CLEAN,,1,(5/26 마감) 치라치노 sar,https://cafe.naver.com/cardmvk/589461,
a6574c74e4dd4874b331629c4fbd66a8,CRD_5836A136DD3E47DB8AE1,치라치노 ex,SAR,MEGA 확장팩 「닌자스피너」,117/083,RAW,19000,28378,0.67,2026-05-31,0.25,,CLEAN,,1,(5/31 마감) 치라치노 sar 한글판,https://cafe.naver.com/cardmvk/599966,
a8ee9389f2174e7dbcc165415b524958,CRD_8DA52922128149E3B77A,빛나,SAR,MEGA 확장팩 「인페르노X」,115/080,RAW,18000,20185,0.89,2026-04-29,0.48,,CLEAN,,1,(4월29일 마감) 인페르노 빛나 sar 싱글카드 경매,https://cafe.naver.com/cardmvk/516174,
8a0bfbf6aa624408ac929045b0206b5b,CRD_5CA455DEF57B449E9681,아이리스의 투지,SAR,MEGA 하이클래스팩 「MEGA 드림 ex」,248/193,RAW,18000,12315,1.46,2026-05-30,0.53,,CLEAN,,1,(5/30일 마감)아이리스의 투지 sar,https://cafe.naver.com/cardmvk/599054,
eb8d26539d2e4c30a04f39edb83902ad,CRD_280E5479B51D442889C9,춤추새 ex,SAR,MEGA 확장팩 「인페르노X」,111/080,RAW,18000,19602,0.92,2026-05-12,0.41,,CLEAN,,1,춤추새 sar 싱글 5/12 마감,https://cafe.naver.com/cardmvk/550462,
2118a6e6a06d43b7a141877f377b07e4,CRD_4CBEC2D7C8DF430DA560,메가플라엣테 ex,SAR,MEGA 확장팩 「닌자스피너」,115/083,RAW,17000,15895,1.07,2026-05-10,0.39,,CLEAN,,1,(5/10 마감) 닌자 스피너 메가플라엣테 SAR 등급용 경매,https://cafe.naver.com/cardmvk/545993,
d961f64811de47099e8e87bec7a5782d,CRD_5836A136DD3E47DB8AE1,치라치노 ex,SAR,MEGA 확장팩 「닌자스피너」,117/083,RAW,17000,28378,0.6,2026-05-09,0.22,,CLEAN,,1,(4/9 마감)치라치노 ex sar,https://cafe.naver.com/cardmvk/542859,
7926d98e62084640bd9ca023b4bb7260,CRD_F0387563D342474298CC,샤미드 ex,SAR,스칼렛&바이올렛 하이클래스팩 「테라스탈 페스타 ex」,205/187,RAW,17000,33430,0.51,2026-05-24,0.15,,CLEAN,,1,[5/24마감] 테라스탈 페스타 샤미드 SAR & 샤미드 마스터볼 당일 경매 ,https://cafe.naver.com/cardmvk/583804,
91aa11cf54ef443fa6a653c131cd4cd0,CRD_F0387563D342474298CC,샤미드 ex,SAR,스칼렛&바이올렛 하이클래스팩 「테라스탈 페스타 ex」,205/187,RAW,17000,33430,0.51,2026-05-17,0.15,,CLEAN,,1,(5/17 마감) 테라스탈 샤미드 sar,https://cafe.naver.com/cardmvk/565255,
e65d724a0b414202882f8b541bf6561d,CRD_F2649876E477438F80E1,바오키 VSTAR,SAR,소드&실드 하이클래스팩 「VSTAR 유니버스」,214/172,RAW,17000,15612,1.09,2026-05-10,0.4,,CLEAN,,1,(5/10마감) 한판 바오키 sar,https://cafe.naver.com/cardmvk/545861,
27d2b19f07e5406a9fe962a9a1d7f464,CRD_8B92FB178FE6408F833B,릴리에의 결심,SR,MEGA 확장팩 「메가브레이브」,085/063,RAW,17000,14930,1.14,2026-05-16,0.36,,CLEAN,,1,(5/16 마감) M1L 릴리에의 결심 SR 경매,https://cafe.naver.com/cardmvk/560101,
e5a9ed94a83b4ebdb7955b599b9a4836,CRD_8DA52922128149E3B77A,빛나,SAR,MEGA 확장팩 「인페르노X」,115/080,RAW,17000,20185,0.84,2026-05-28,0.45,,CLEAN,,1,(5/28 마감)빛나 SAR,https://cafe.naver.com/cardmvk/594012,
66115a2138bd4dc9a51ee1f340c9e7a3,CRD_24D79E9DD4E24DDFB538,뮤츠,AR,스칼렛&바이올렛 강화 확장팩 「포켓몬 카드 151」,183/165,RAW,16000,14028,1.14,2026-06-10,0.43,,CLEAN,,1,(6/10마감) 151 뮤츠 AR,https://cafe.naver.com/cardmvk/625795,
439739e5011e43d7b7f5a7e4a776d6d7,CRD_8176FFAF907244338749,모부기,AR,소드&실드 하이클래스팩 「VSTAR 유니버스」,206/172,RAW,16000,11138,1.44,2026-05-14,0.54,,CLEAN,,1,(5/14 당일마감) 30주년 모부기,https://cafe.naver.com/cardmvk/556852,
70b882f50cda4f7196b9b1d87cad7d91,CRD_24D79E9DD4E24DDFB538,뮤츠,AR,스칼렛&바이올렛 강화 확장팩 「포켓몬 카드 151」,183/165,RAW,16000,14028,1.14,2026-06-08,0.43,,CLEAN,,1,(6/8마감) 151 뮤츠 AR,https://cafe.naver.com/cardmvk/621265,
6e5f634132524e74b1e9928141251eec,CRD_B249F6023816421B9E82,로켓단의 비주기,SAR,스칼렛&바이올렛 확장팩 「로켓단의 영광」,128/098,RAW,16000,11881,1.35,2026-05-09,0.49,,CLEAN,,1,(5/10 마감) 로켓단의 비주기 sar,https://cafe.naver.com/cardmvk/543331,
8e52682bb4e14b83a4d1ad5b977d0ea5,CRD_2A791989EEEC43F481BB,메가지가르데 ex,SAR,MEGA 확장팩 「니힐제로」,113/080,RAW,16000,15429,1.04,2026-06-02,0.33,,CLEAN,,1,(6/2 마감) 메가 지가르데 SAR,https://cafe.naver.com/cardmvk/604470,
2df5d048bd38474d9a3320499928fe87,CRD_53468E96BA24425694EB,초련의 암시,SR,썬&문 확장팩 「태그볼트」,,RAW,15000,10772,1.39,2026-05-06,0.11,,CLEAN,,1,[5/6 마감] 초련의 암시,https://cafe.naver.com/cardmvk/535423,
1bb0dbbe817d40febee2d8d5d85f24bf,CRD_280E5479B51D442889C9,춤추새 ex,SAR,MEGA 확장팩 「인페르노X」,111/080,RAW,15000,19602,0.77,2026-05-19,0.34,,CLEAN,,1,(5/19 마감) M2 춤추새 SAR 경매,https://cafe.naver.com/cardmvk/568165,
04fd607c68eb4ed1b078856f0ba0589e,CRD_5836A136DD3E47DB8AE1,치라치노 ex,SAR,MEGA 확장팩 「닌자스피너」,117/083,RAW,15000,28378,0.53,2026-05-23,0.2,,CLEAN,,1,(5/24 마감) 치라치노 sar,https://cafe.naver.com/cardmvk/581091,
0576f4639f9049d4af85773c4ca06ecc,CRD_2A791989EEEC43F481BB,메가지가르데 ex,SAR,MEGA 확장팩 「니힐제로」,113/080,RAW,15000,15429,0.97,2026-05-10,0.31,,CLEAN,,1,(5/10일 마감)지가르데 sar 싱글 경매,https://cafe.naver.com/cardmvk/545941,
93d5f097ffb14125a67799d0eab3d300,CRD_5836A136DD3E47DB8AE1,치라치노 ex,SAR,MEGA 확장팩 「닌자스피너」,117/083,RAW,15000,28378,0.53,2026-05-22,0.2,,CLEAN,,1,(5/22 마감) 치라치노 sar,https://cafe.naver.com/cardmvk/577677,
5d42a486ec3542aca4591330907dfae2,CRD_9A8963B9CBC6485CB8D4,뚜꾸리,AR,스칼렛&바이올렛 확장팩 「화이트플레어」,096/086,RAW,14000,10114,1.38,2026-06-09,0.52,,CLEAN,,1,(6/9 마감) Bw 네네치킨 홀로 뚜꾸리 프로모(3종 세트 같이 경매중입니다),https://cafe.naver.com/cardmvk/623397,
d2715f6709fe4b33a4ba0a2b50785fd5,CRD_983678B45AB8425590AC,루기아 VSTAR,UR,소드 & 실드 확장팩 「패러다임트리거」,123/098,RAW,14000,14886,0.94,2026-05-04,0.43,,CLEAN,,1,(5월4일 마감)루기아 V STAR UR s12,https://cafe.naver.com/cardmvk/529962,
3da5a856701a45a28b8fee355544fe05,CRD_6BAEC561FD824CA68028,메가리자몽X ex,MA,MEGA 하이클래스팩 「MEGA 드림 ex」,223/193,RAW,14000,15609,0.9,2026-04-28,0.2,,CLEAN,,1,(4/28마감) 메가드림 MA 메가리자몽 망나뇽 저리더프 3장,https://cafe.naver.com/cardmvk/514027,
fc53faf4b0104de394e4fc4b9315754a,CRD_567E3EA66DF544DA9814,수련의 돌봄,SAR,스칼렛&바이올렛 강화 확장팩 「크림슨헤이즈」,093/066,RAW,13000,12304,1.06,2026-06-03,0.39,,CLEAN,,1,(6/3 마감)한판 크림슨 헤이즈 수련의 돌봄 SAR 싱글카드,https://cafe.naver.com/cardmvk/607141,
fdb45302c79b47419914d8b5a1f78a9a,CRD_2284D5AE23CD4A559E27,이슬의 고라파덕,AR,스칼렛&바이올렛 강화 확장팩 「열풍의 아레나」,071/063,RAW,13000,25359,0.51,2026-06-08,0.2,,CLEAN,,1,(6/8마감) 이슬의 고라파덕 ar,https://cafe.naver.com/cardmvk/621192,
8cbbf25ed5004911a59697cac5d6a418,CRD_190E3B946C714D6CBFCD,샤로다 ex,SAR,스칼렛&바이올렛 확장팩 「블랙볼트」,167/086,RAW,13000,20762,0.63,2026-04-28,0.23,,CLEAN,,1,(4/28 마감) 샤로다 sar,https://cafe.naver.com/cardmvk/513743,
b120d781b4bc445b8e0f8dae89676af9,CRD_0C103A2D31494C7580E2,오리진 펄기아 VSTAR,HR,소드&실드 확장팩 「스페이스 저글러」,081/067,RAW,12000,12341,0.97,2026-05-27,0.42,,CLEAN,,1,(5/27 마감) 오리진 펄기아 vstar hr,https://cafe.naver.com/cardmvk/592101,
950d9032557c451e9a8ae33d2c30f293,CRD_80D8A3CD81B04D1D887C,AZ의 평온,SAR,MEGA 확장팩 「닌자스피너」,118/083,RAW,12000,10233,1.17,2026-05-01,0.44,,CLEAN,,1,(5/1마감) AZ의 평온 sar 특일 싱글,https://cafe.naver.com/cardmvk/521856,
575845fc525e4c8fa5c045958c696867,CRD_A6609DDDF77E43BEBF21,심향의 모험,SAR,스칼렛&바이올렛 강화 확장팩 「열풍의 아레나」,089/063,RAW,12000,23228,0.52,2026-05-08,0.19,,CLEAN,,1,(5/8 마감) 심향의 모험 SAR [천원 경매],https://cafe.naver.com/cardmvk/538221,
09ce323e8d1b4466a4c8665f06062357,CRD_E9C70192F06741F59CA4,보미카의 연주,SAR,MEGA 확장팩 「닌자스피너」,119/083,RAW,12000,8207,1.46,2026-06-08,0.53,,CLEAN,,1,(6/8마감) 보미카의 연주 sar,https://cafe.naver.com/cardmvk/620964,
cb4dccbead3444eca85e8e75abd79320,CRD_0FAEC0B6410647398E22,메가아쿠스타 ex,SAR,MEGA 확장팩 「니힐제로」,111/080,RAW,12000,9023,1.33,2026-05-07,0.23,,CLEAN,,1,(5/7 마감) 메가 아쿠스타 sar 싱글,https://cafe.naver.com/cardmvk/537892,
d97cb55e9f904a7ebabfb9072223e09b,CRD_C00E1C8CFE15D51E795F88D9D5D14E94,판쵸 피카츄 (메가 캠페인),PR,일본 독점 프로모,203/XY-P,RAW,12000,,,2026-05-31,,,CLEAN,,1,(5/31마감) 포켓몬 카드의 여름이 왔다! 프로모 카드 겟 캠페인 프로모팩 (2),https://cafe.naver.com/cardmvk/601753,
a8d86f04a54d4aeb97a30070b0b832af,CRD_78304A223D8C4A2EAD04,심향의 블레이범,AR,스칼렛&바이올렛 강화 확장팩 「열풍의 아레나」,070/063,RAW,12000,18482,0.65,2026-05-04,0.56,,CLEAN,,1,(5/4일마감)심향의 블레이범 야돈 외 ar 38종 (Ar40장),https://cafe.naver.com/cardmvk/528592,
37b5572124314650a89f6b8b4b9ce8cf,CRD_3ED9185116C84CE4B8E5,찬란한 이브이,K,소드&실드 강화 확장팩 「Pokémon GO」,055/071,RAW,11000,9201,1.2,2026-05-29,0.45,,CLEAN,,1,(5/29마감) [한판] 찬란한 이브이 외 찬란한 5종,https://cafe.naver.com/cardmvk/596457,
8d4cb7260285403b9815d8fb5cf5bba2,CRD_510E12E6D5CD417197BF,굽이치는물결 ex,SAR,스칼렛&바이올렛 확장팩 「와일드포스」,094/071,RAW,11000,19225,0.57,2026-05-19,0.21,,CLEAN,,1,(5/19 마감) 굽이치는물결 sar 싱글카드 경매,https://cafe.naver.com/cardmvk/569515,
5bbc06d1cf684c57a201e8b91d00d2be,CRD_422F8452B1C741639603,위대한엄니 ex,SAR,포켓몬 카드 게임 스칼렛&바이올렛 확장팩 「스칼렛 ex」,102/078,RAW,11000,7410,1.48,2026-05-11,0.54,,CLEAN,,1,(5/11마감)위대한 엄니 sar,https://cafe.naver.com/cardmvk/548742,
50d73e942bd148789affeab0a0b76d23,CRD_BA4BEE00353244F580C5,메가망나뇽 ex,MA,MEGA 하이클래스팩 「MEGA 드림 ex」,232/193,RAW,11000,19529,0.56,2026-06-01,0.4,,CLEAN,,1,(6/1마감) 메가드림 수록 메가망나뇽 ma 싱글 경매,https://cafe.naver.com/cardmvk/603480,
8fd9c1533d5349a09b4221d3c8d0c212,CRD_8B92FB178FE6408F833B,릴리에의 결심,SR,MEGA 확장팩 「메가브레이브」,085/063,RAW,11000,14930,0.74,2026-05-04,0.23,,CLEAN,,1,[5월 4일 마감] 릴리에의 결심 sr 싱글,https://cafe.naver.com/cardmvk/529823,
b2c126b419ac4c9b8f436884321b98dd,CRD_B249F6023816421B9E82,로켓단의 비주기,SAR,스칼렛&바이올렛 확장팩 「로켓단의 영광」,128/098,RAW,10000,11881,0.84,2026-06-06,0.31,,CLEAN,,1,(6월6일 마감) 로켓단의 비주기 sar,https://cafe.naver.com/cardmvk/615949,
d5c41b87f0754e258b2bba38f2035bf5,CRD_80762657E1724F278624,아세로라의 예감,SR,소드&실드 하이클래스팩 「VMAX 클라이맥스」,269/184,RAW,10000,11148,0.9,2026-05-01,0.24,,CLEAN,,1,(5월01일 마감) 아세로라의 예감 SR s8b,https://cafe.naver.com/cardmvk/521808,
42856e376e8f4a7c87911d41a7da0d4d,CRD_80D8A3CD81B04D1D887C,AZ의 평온,SAR,MEGA 확장팩 「닌자스피너」,118/083,RAW,10000,10233,0.98,2026-05-14,0.36,,CLEAN,,1,[5/14일 마감] AZ의 평온 sar 싱글,https://cafe.naver.com/cardmvk/556935,
464c84e042f847378943508553e7f76b,CRD_6BAEC561FD824CA68028,메가리자몽X ex,MA,MEGA 하이클래스팩 「MEGA 드림 ex」,223/193,RAW,10000,15609,0.64,2026-06-02,0.14,,CLEAN,,1,(6/2 마감) 메가리자몽X ex MA 경매,https://cafe.naver.com/cardmvk/604988,
dd735e8955614d92bc9a8615bc61426b,CRD_298C5CE24A9343B9AF00,N의 조로아크 ex,UR,스칼렛&바이올렛 확장팩 「배틀파트너즈」,131/100,RAW,10000,8918,1.12,2026-05-20,0.51,,CLEAN,,1,(5/20 마감) N의 조로아크ex UR 싱글,https://cafe.naver.com/cardmvk/573186,
61d194fdef05416b9e3e004ccdfc69b5,CRD_AC3606B6DD67461CB745,잠만보,AR,스칼렛&바이올렛 강화 확장팩 「포켓몬 카드 151」,181/165,RAW,10000,9147,1.09,2026-05-12,0.4,,CLEAN,,1,(5/12 마감)잠만보 AR,https://cafe.naver.com/cardmvk/551322,
a225f865977a4c11817e5686af3edcdf,CRD_80D8A3CD81B04D1D887C,AZ의 평온,SAR,MEGA 확장팩 「닌자스피너」,118/083,RAW,10000,10233,0.98,2026-05-10,0.36,,CLEAN,,1,(5/10 마감 닌자 스피너 AZ의 평온 sar,https://cafe.naver.com/cardmvk/545932,
a2cccb9957784de4ac85e68850da3203,CRD_68DB6AC7C4BB4ACD92ED,N의 레시라무,AR,스칼렛&바이올렛 확장팩 「배틀파트너즈」,109/100,RAW,10000,11251,0.89,2026-05-07,0.47,,CLEAN,,1,(05.07 마감) N의 레시라무 ar ,https://cafe.naver.com/cardmvk/537882,
2b2f64ff2cdb45de9c73afc6c4c1874d,CRD_9674E016E1A6436995B3,강연의 단판승부,SR,썬&문 강화 확장팩 「드래곤스톰」,058/053,RAW,10000,7491,1.33,2026-05-20,0.1,,CLEAN,,1,[5/20 마감] 포켓몬매니아 강연의 단판승부 sr 당일경매 ,https://cafe.naver.com/cardmvk/572834,
d37fb9dd9015438fa7833d13a2d29610,CRD_80D8A3CD81B04D1D887C,AZ의 평온,SAR,MEGA 확장팩 「닌자스피너」,118/083,RAW,10000,10233,0.98,2026-05-19,0.36,,CLEAN,,1,(05/19 마감) AZ의 평온 sar,https://cafe.naver.com/cardmvk/569579,
a25e3025f8fd46998c06659500e068f4,CRD_68DB6AC7C4BB4ACD92ED,N의 레시라무,AR,스칼렛&바이올렛 확장팩 「배틀파트너즈」,109/100,RAW,10000,11251,0.89,2026-05-04,0.47,,CLEAN,,1,(5/4마감) N의 레시라무 AR 2장,https://cafe.naver.com/cardmvk/528336,
ecba3ce5053c4ce1b06ec6320951301c,CRD_BA4BEE00353244F580C5,메가망나뇽 ex,MA,MEGA 하이클래스팩 「MEGA 드림 ex」,232/193,RAW,10000,19529,0.51,2026-05-31,0.37,,CLEAN,,1,(5월 31일 당일 마감) 메가 망나뇽 ex MA,https://cafe.naver.com/cardmvk/600091,
9b506f6354324ceead61c64377abc58c,CRD_08BB039F0F51499BA059,찬란한 리자몽,K,소드&실드 강화 확장팩 「Pokémon GO」,011/071,RAW,9000,9499,0.95,2026-06-12,0.36,,CLEAN,,1,(6/12마감) 찬란한 리자몽 한글판,https://cafe.naver.com/cardmvk/629829,
339d632a7e194afc9d65721c6850898a,CRD_F2B5F8F16749426C855A,자마젠타 V,SAR,소드&실드 하이클래스팩 「VSTAR 유니버스」,232/172,RAW,9000,7171,1.26,2026-05-24,0.47,,CLEAN,,1,(5/24 마감) 자마젠타 v sar 싱글,https://cafe.naver.com/cardmvk/584189,
a6056ed585594d32be92e6641eb8eaf4,CRD_4CBEC2D7C8DF430DA560,메가플라엣테 ex,SAR,MEGA 확장팩 「닌자스피너」,115/083,RAW,9000,15895,0.57,2026-06-02,0.21,,CLEAN,,1,(6/2마감) 메가플라엣테 sar,https://cafe.naver.com/cardmvk/606601,
e90122807ed54e539e441220e2370239,CRD_68DB6AC7C4BB4ACD92ED,N의 레시라무,AR,스칼렛&바이올렛 확장팩 「배틀파트너즈」,109/100,RAW,9000,11251,0.8,2026-05-31,0.42,,CLEAN,,1,(5/31마감) N의 레시라무 ar 경매,https://cafe.naver.com/cardmvk/601878,
12ded85c6277485982e15cde9894de2b,CRD_2A791989EEEC43F481BB,메가지가르데 ex,SAR,MEGA 확장팩 「니힐제로」,113/080,RAW,9000,15429,0.58,2026-05-11,0.18,,CLEAN,,1,(5/11 마감) 니힐제로 메가지가르데 sar,https://cafe.naver.com/cardmvk/548883,
98763840227f4975970da49b19e76063,CRD_4926DF1CF0484F49BC50,메가리자몽X ex,SR,MEGA 확장팩 「인페르노X」,094/080,RAW,8000,9788,0.82,2026-05-29,0.17,,CLEAN,,1,(5/29 마감) 인페르노 메가리자몽X GX SR 경매,https://cafe.naver.com/cardmvk/596717,
0c740e610e8c493db1be65513b539c44,CRD_4926DF1CF0484F49BC50,메가리자몽X ex,SR,MEGA 확장팩 「인페르노X」,094/080,RAW,8000,9788,0.82,2026-04-28,0.17,,CLEAN,,1,(04/28 마감) 메가리자몽x ex sr (한판),https://cafe.naver.com/cardmvk/513985,
9c5461238aed4c88bef14d2c173c50f2,CRD_00182F81CA884726A6BB,로켓단의 뮤츠 ex,SR,스칼렛&바이올렛 확장팩 「로켓단의 영광」,114/098,RAW,8000,10283,0.78,2026-05-30,0.29,,CLEAN,,1,(5/30마감) 라이츄V SR / 로켓단의 뮤츠 SR 외 SR 4장,https://cafe.naver.com/cardmvk/598761,
4aa7864e00f848dc934e8134f0c9118b,CRD_11B811456C5D4DCE8A05,메가개굴닌자 ex,SR,MEGA 확장팩 「닌자스피너」,098/083,RAW,8000,10132,0.79,2026-05-24,0.28,,CLEAN,,1,[5/24일 마감] 메가 개굴닌자 sr 등 고레어 6장,https://cafe.naver.com/cardmvk/584080,
fd69b62fb9674cab8f7d779ecb6a53ec,CRD_7EA3BC62F30E405FADC5,메로엣타 ex,SAR,스칼렛&바이올렛 확장팩 「블랙볼트」,170/086,RAW,8000,14197,0.56,2026-05-19,0.21,,CLEAN,,1,(5/19 마감) sv11B 메로엣타 SAR 경매,https://cafe.naver.com/cardmvk/568177,
7efbdbca72bc443db7e2c5481925a1db,CRD_08BB039F0F51499BA059,찬란한 리자몽,K,소드&실드 강화 확장팩 「Pokémon GO」,011/071,RAW,7000,9499,0.74,2026-05-05,0.28,,CLEAN,,1,[5/5 마감] 찬란한 리자몽 & 찬란한 루차볼,https://cafe.naver.com/cardmvk/532710,
4701aa7dc1d146ce8a9a78bd8e77aafa,CRD_DF32332FA0B44D189C38,라티아스 [퓨전],AR,소드&실드 하이클래스팩 「VSTAR 유니버스」,195/172,RAW,7000,5753,1.22,2026-04-30,0.45,,CLEAN,,1,(4/30 마감) vstar 유니버스 메타몽 라티아스 ar 점보카드,https://cafe.naver.com/cardmvk/518493,
2a932fbce85340c4b9edcd2032e5bcbb,CRD_D9C0CF682CE44A96BED2,네오라이트 V,SAR,소드&실드 하이클래스팩 「VSTAR 유니버스」,216/172,RAW,7000,10762,0.65,2026-06-03,0.26,,CLEAN,,1,(6월3일 마감) vstar 유니버스 네오라이트 sar 싱글카드 경매,https://cafe.naver.com/cardmvk/608247,
6950a9c11035494ea1acbf450c4860c0,CRD_68DB6AC7C4BB4ACD92ED,N의 레시라무,AR,스칼렛&바이올렛 확장팩 「배틀파트너즈」,109/100,RAW,7000,11251,0.62,2026-05-01,0.33,,CLEAN,,1,[5.1 마감] N의 레시라무 ar 0원경매,https://cafe.naver.com/cardmvk/520101,
31ea3bd0c12f4b0db294c914c29ba829,CRD_275591C4CE6A45D2A1B4,메가이어롭 ex,SAR,MEGA 확장팩 「인페르노X」,114/080,RAW,7000,6369,1.1,2026-05-03,0.41,,CLEAN,,1,[5/3일 마감] 메가이어롭 sar 싱글,https://cafe.naver.com/cardmvk/526881,
5f012a4f7b0d483a93b5850df2c98c78,CRD_79249DEC98634364B4D5,시유,SR,스칼렛&바이올렛 확장팩 「변환의 가면」,122/101,RAW,6000,4127,1.45,2026-06-02,0.53,,CLEAN,,1,(6/2마감) 시유 SR 싱글,https://cafe.naver.com/cardmvk/605740,
8e0fd7af9fd940cda56de28c019b5eb0,CRD_F992B99929D74209A136,레어코일,S,썬&문 하이클래스팩 「GX 울트라샤이니」,188/150,RAW,5000,8796,0.57,2026-05-09,0.57,,CLEAN,,1,(5/9마감)151민화의초대(몬스터볼 레어),https://cafe.naver.com/cardmvk/542747,
6a365b05285949458b6c92cf7c0276a7,CRD_F992B99929D74209A136,레어코일,S,썬&문 하이클래스팩 「GX 울트라샤이니」,188/150,RAW,5000,8796,0.57,2026-05-30,0.57,,CLEAN,,1,[5/30 마감] 원피스카드 코즈키 히요리 레어 페러렐,https://cafe.naver.com/cardmvk/598786,
013484e12c3a4831941d9d2ce5cef545,CRD_C59C1E27D70941A983D2,차오꿀,AR,스칼렛&바이올렛 확장팩 「화이트플레어」,097/086,RAW,5000,4044,1.24,2026-05-30,0.46,,CLEAN,,1,(5/30마감) 염무왕 차오꿀 뚜꾸리염무왕 차오꿀 뚜꾸리 프로모 3종,https://cafe.naver.com/cardmvk/598612,
a92e8d6c26dc4cab873abc1d75dae9e6,CRD_BD598DEBF42248F3A0D7,유채의 활기,SR,소드&실드 확장팩 「타임게이저」,077/067,RAW,4000,6466,0.62,2026-05-27,0.17,,CLEAN,,1,(5/27 마감) 유채의 활기 sr,https://cafe.naver.com/cardmvk/592096,
376acb9fbde54465bc0d7f6d3eee84b6,CRD_1E87A3A1183343468691,브리무음 VMAX [거다이맥스],SAR,소드&실드 하이클래스팩 「VSTAR 유니버스」,224/172,RAW,4000,3251,1.23,2026-06-11,0.45,,CLEAN,,1,(6/11 마감) 브리무음 Vmax SAR,https://cafe.naver.com/cardmvk/627660,
e265bb0aa3744289b1f45fba432874f7,CRD_B478B609372F4829A9FD,피아나의 결의,SR,소드 & 실드 확장팩 「창공스트림」,079/067,RAW,4000,7747,0.52,2026-05-08,0.1,,CLEAN,,1,(5/8 마감) 피아나의 결의 sr 싱글(창공스트림),https://cafe.naver.com/cardmvk/540441,
285619d4fad1463ea46f3bc298acab6d,CRD_AA0DD2AA1FBC4EEFABF7,자크로,HR,소드&실드 확장팩 「스페이스 저글러」,084/067,RAW,2000,3177,0.63,2026-05-08,0.27,,CLEAN,,1,(5/8 마감) 자크로 외 트레이너 HR 4장,https://cafe.naver.com/cardmvk/540287,
112bd3bec4974ae9a80600008733b026,CRD_99B80601C8BF404186BC,히스이 윈디 V,SR,소드 & 실드 확장팩 「패러다임트리거」,104/098,RAW,2000,1491,1.34,2026-05-19,0.5,,CLEAN,,1,(5/19 마감) 히스이 윈디 외 SR 5장,https://cafe.naver.com/cardmvk/570257,
ee6a22b8eeb84d07b028f38fec9596ff,CRD_B44585853A93C37F791B552F69C70AA6,맥도날드 피카츄,PR,일본 독점 프로모,020/MP,RAW,49000,58175,0.84,2026-05-26,0.84,,REVIEW,,0,(5/26마감) 맥도날드 프로모 맥카츄 ,https://cafe.naver.com/cardmvk/588277,
a319b913033642aa8a109e9bd483f672,CRD_B44585853A93C37F791B552F69C70AA6,맥도날드 피카츄,PR,일본 독점 프로모,020/MP,RAW,49000,58175,0.84,2026-05-30,0.84,,REVIEW,,0,(5.30 마감) 북민 25주년 맥도날드 프로모 매개봉 2개,https://cafe.naver.com/cardmvk/599245,
95ef141d23c0428bb8080a27fd066f66,CRD_B44585853A93C37F791B552F69C70AA6,맥도날드 피카츄,PR,일본 독점 프로모,020/MP,RAW,48000,58175,0.83,2026-05-03,0.83,,REVIEW,,0,(5월3일 마감)맥도날드 피카츄 경매,https://cafe.naver.com/cardmvk/526995,
264597e2b2824aecb02e4d27d71d09e0,CRD_B44585853A93C37F791B552F69C70AA6,맥도날드 피카츄,PR,일본 독점 프로모,020/MP,RAW,45000,58175,0.77,2026-05-03,0.77,,REVIEW,,0,[5/4 월 마감] 맥도날드 피카츄 싱글카드,https://cafe.naver.com/cardmvk/525880,
5a8d5224e132495c90ae0bb7da1c7e9d,CRD_8DA52922128149E3B77A,빛나,SAR,MEGA 확장팩 「인페르노X」,115/080,RAW,30000,20185,1.49,2026-05-31,0.79,,REVIEW,,0,(05/31 마감) 빛나 SAR 싱글카드 판매(사진확인 필수),https://cafe.naver.com/cardmvk/600994,
7c2072dc01f7408fb6e6f88409b5f5f1,CRD_1F45F12DC0264E98B4E1,메가눈여아 ex,SAR,MEGA 하이클래스팩 「MEGA 드림 ex」,233/193,RAW,30000,31233,0.96,2026-05-22,0.67,,REVIEW,,0,(5/22 마감) 메가드림 sar 3종 싱글카드 경매-기로치 메가눈여아 메가디안시,https://cafe.naver.com/cardmvk/576911,
27d9247c40ef4ea89d8895c327af3c36,CRD_280E5479B51D442889C9,춤추새 ex,SAR,MEGA 확장팩 「인페르노X」,111/080,RAW,29000,19602,1.48,2026-06-07,0.66,,REVIEW,,0,(6/7 마감) 신지칸다 춤추새 sar,https://cafe.naver.com/cardmvk/617106,
4da8b5d2315e4eea8cb854287f8f16a2,CRD_8DA52922128149E3B77A,빛나,SAR,MEGA 확장팩 「인페르노X」,115/080,RAW,27000,20185,1.34,2026-05-06,0.72,,REVIEW,,0,[5/6일 마감] 빛나 sar 등급용,https://cafe.naver.com/cardmvk/534966,
63533f06bcbc491591e36ae03e25d094,CRD_9663E5A93BBF4AEBA664,오박사의 세팅,SR,썬&문 강화 확장팩 「리믹스바우트」,073/064,RAW,26000,21853,1.19,2026-05-31,0.61,,REVIEW,,0,(5/31 마감) 초판 1st 트레이너 사기꾼 오박사,https://cafe.naver.com/cardmvk/601631,
55c19e25e66f48a294ae9e800eefe1dd,CRD_49AA338BD81847B9B5A3,세레나,SR,소드&실드 강화 확장팩 「백열의 아르카나」,082/068,RAW,21000,20434,1.03,2026-05-06,0.32,,REVIEW,,0,[5월6일] S11A 세레나 SR,https://cafe.naver.com/cardmvk/534894,
6b044db96d3f4d33927c05aed3149513,CRD_9E348E7E435B4E658CB9,라티오스,AR,스칼렛&바이올렛 강화 확장팩 「낙원드래고나」,070/064,RAW,20000,19384,1.03,2026-06-09,0.87,,REVIEW,,0,(6/9 마감) 한판 ar 무중복 싱글 33장 (라티오스 ar 등 인기카드 포함),https://cafe.naver.com/cardmvk/622460,
7fd5e3c8ede4411e80d64d60c4dd7358,CRD_A6609DDDF77E43BEBF21,심향의 모험,SAR,스칼렛&바이올렛 강화 확장팩 「열풍의 아레나」,089/063,RAW,16000,23228,0.69,2026-05-25,0.25,,REVIEW,,0,(5/25)심향의 모험 sar s급,https://cafe.naver.com/cardmvk/586787,
fa7815c755b24f799c1a06ddb5a3c3da,CRD_218DB829F1974CEA95DF,로켓단의 나옹,AR,스칼렛&바이올렛 확장팩 「로켓단의 영광」,109/098,RAW,16000,16462,0.97,2026-05-13,0.69,,REVIEW,,0,(5/13 마감) 제너레이션 스페셜 나옹 ar S급,https://cafe.naver.com/cardmvk/554397,
c402df899b3c4cc69d51b9ae1bcf6b0f,CRD_298C5CE24A9343B9AF00,N의 조로아크 ex,UR,스칼렛&바이올렛 확장팩 「배틀파트너즈」,131/100,RAW,12000,8918,1.35,2026-05-10,0.61,,REVIEW,,0,(5/10마감) 한판 N의 조로아크 ur,https://cafe.naver.com/cardmvk/545873,
1fd28ddb54d14242ad28c4f6fa30e59d,CRD_54E3A91B69264976B1D1,메타몽,AR,소드&실드 하이클래스팩 「VSTAR 유니버스」,197/172,RAW,10000,11343,0.88,2026-05-03,0.62,,REVIEW,,0,(5/3 마감) 메타몽 ar vstar 유니버스 수록,https://cafe.naver.com/cardmvk/526402,
3aabf379362e4ae5b817a5778ed98b5e,CRD_4926DF1CF0484F49BC50,메가리자몽X ex,SR,MEGA 확장팩 「인페르노X」,094/080,RAW,10000,9788,1.02,2026-05-08,0.21,,REVIEW,,0,(5/8) M2 메가리자몽X EX SR 싱글,https://cafe.naver.com/cardmvk/540110,
c3977aca89ed4e86acb17c9aa7e702e6,CRD_9674E016E1A6436995B3,강연의 단판승부,SR,썬&문 강화 확장팩 「드래곤스톰」,058/053,RAW,8000,7491,1.07,2026-05-16,0.08,,REVIEW,,0,강연의 단판승부 sr (5/16),https://cafe.naver.com/cardmvk/562171,
a8d5205b8bcf44d9967d6f276b58f5ae,CRD_F992B99929D74209A136,레어코일,S,썬&문 하이클래스팩 「GX 울트라샤이니」,188/150,RAW,8000,8796,0.91,2026-05-03,0.9,,REVIEW,,0,(5/3 마감) 신지칸다 레어코일 초전 브레이커 싱글카드,https://cafe.naver.com/cardmvk/526309,
718f816819294fa196386c867dd7e10f,CRD_46AF434D15734C6787E2,도희의 비기,SAR,스칼렛&바이올렛 하이클래스팩 「테라스탈 페스타 ex」,228/187,RAW,7000,9278,0.75,2026-05-22,0.96,,REVIEW,,0,[5/23 마감] 도희의 비기 SAR,https://cafe.naver.com/cardmvk/578443,
